2025-09-30 21:16:30,767 [INFO] LOG.PY 的导入已完成。
© 2025 Bloret Launcher All rights reserved. 
© 2025 Bloret All rights reserved.
2025-09-30 21:16:30,769 [INFO] SAFE.PY 的导入已完成。
© 2025 Bloret Launcher All rights reserved. 
© 2025 Bloret All rights reserved.
2025-09-30 21:16:31,403 [INFO] SYSTEMS.PY 的导入已完成。
© 2025 Bloret Launcher All rights reserved. 
© 2025 Bloret All rights reserved.
2025-09-30 21:16:31,405 [INFO] BLORET_PASSPORT.PY 的导入已完成。
© 2025 Bloret Launcher All rights reserved. 
© 2025 Bloret All rights reserved.
2025-09-30 21:16:31,406 [INFO] LINK.PY 的导入已完成。
© 2025 Bloret Launcher All rights reserved. 
© 2025 Bloret All rights reserved.
2025-09-30 21:16:31,407 [INFO] QUERYS.PY 的导入已完成。
© 2025 Bloret Launcher All rights reserved. 
© 2025 Bloret All rights reserved.
2025-09-30 21:16:31,787 [INFO] CUSTOMIZE.PY 的导入已完成。
© 2025 Bloret Launcher All rights reserved. 
© 2025 Bloret All rights reserved.
2025-09-30 21:16:31,843 [INFO] SETUP_UI.PY 的导入已完成。
© 2025 Bloret Launcher All rights reserved. 
© 2025 Bloret All rights reserved.
2025-09-30 21:16:31,846 [INFO] BLSERVER.PY 的导入已完成。
© 2025 Bloret Launcher All rights reserved. 
© 2025 Bloret All rights reserved.
2025-09-30 21:16:31,850 [INFO] BLDOWNLOAD.PY 的导入已完成。
© 2025 Bloret Launcher All rights reserved. 
© 2025 Bloret All rights reserved.
2025-09-30 21:16:31,851 [INFO] 当前主题:True
2025-09-30 21:16:32,071 [INFO] 系统主题颜色: #0078D7
2025-09-30 21:16:32,751 [INFO] 图标路径存在: G:\Work\git\Bloret-Launcher\bloret.ico
2025-09-30 21:16:32,758 [INFO] 显示软件打开过程已启用
2025-09-30 21:16:32,802 [INFO] 图标路径存在: G:\Work\git\Bloret-Launcher\bloret.ico
2025-09-30 21:16:32,807 [INFO] 启动画面创建完成
2025-09-30 21:16:32,822 [INFO] 启动画面已显示
2025-09-30 21:16:32,867 [INFO] 开始向 cmcl.json 读取数据
2025-09-30 21:16:32,893 [INFO] 最新正式版: 7.4
2025-09-30 21:16:32,915 [INFO] 成功获取 Bloret 版本列表: ['1.21.4', '1.21.3', '1.21.2', '1.21.1', '1.21']
2025-09-30 21:16:32,940 [INFO] cmcl.json 中的 accounts 列表为空
2025-09-30 21:16:34,530 [INFO] No translation data found for widget: bbs
2025-09-30 21:16:34,534 [INFO] 成功读取版本列表: ['1.21.8']
2025-09-30 21:16:34,534 [INFO] Minecraft 版本列表: ['1.21.8']
2025-09-30 21:16:34,535 [INFO] Customize 列表中的 showname 值: []
2025-09-30 21:16:34,535 [INFO] 合并后的版本列表: ['1.21.8']
2025-09-30 21:16:35,684 [INFO] 检测到的IPv6地址: 2408:8240:7c10:e250:25da:e62a:5883:65de
2025-09-30 21:16:35,684 [INFO] 未找到OnlineClient_ClientTime标签
2025-09-30 21:16:35,685 [INFO] 未找到OnlineClient_address标签
2025-09-30 21:16:35,685 [INFO] 已连接StartOnlineClient按钮
2025-09-30 21:16:35,685 [INFO] 成功读取 cmcl.json 数据
2025-09-30 21:16:35,687 [INFO] 设置 login_way_combo 当前索引为: 请在下方登录
2025-09-30 21:16:35,688 [INFO] 设置 name_combo 当前索引为: 未登录
2025-09-30 21:16:37,442 [INFO] No translation data found for widget: bbs
2025-09-30 21:16:37,449 [INFO] 成功读取版本列表: ['1.21.8']
2025-09-30 21:16:37,449 [INFO] Minecraft 版本列表: ['1.21.8']
2025-09-30 21:16:37,450 [INFO] Customize 列表中的 showname 值: []
2025-09-30 21:16:37,450 [INFO] 合并后的版本列表: ['1.21.8']
2025-09-30 21:16:37,557 [INFO] 检测到的IPv6地址: 2408:8240:7c10:e250:25da:e62a:5883:65de
2025-09-30 21:16:37,558 [INFO] 未找到OnlineClient_ClientTime标签
2025-09-30 21:16:37,558 [INFO] 未找到OnlineClient_address标签
2025-09-30 21:16:37,558 [INFO] 已连接StartOnlineClient按钮
2025-09-30 21:16:37,559 [INFO] 成功读取 cmcl.json 数据
2025-09-30 21:16:37,561 [INFO] 设置 login_way_combo 当前索引为: 请在下方登录
2025-09-30 21:16:37,563 [INFO] 设置 name_combo 当前索引为: 未登录
2025-09-30 21:16:39,395 [INFO] 隐藏启动画面
2025-09-30 21:17:38,761 [INFO] 开始安装 Minecraft 版本: 1.21.8，安装目录: C:\Users\0570\AppData\Roaming\Bloret-Launcher\.minecraft
2025-09-30 21:17:38,768 [INFO] 正在获取版本清单: https://bmclapi2.bangbang93.com/mc/game/version_manifest.json
2025-09-30 21:17:46,837 [INFO] 找到版本信息: {'id': '1.21.8', 'type': 'release', 'url': 'https://piston-meta.mojang.com/v1/packages/fb1353b49461264591a89401b0f28612d9a0c021/1.21.8.json', 'time': '2025-09-25T06:45:12+00:00', 'releaseTime': '2025-07-17T12:04:02+00:00'}
2025-09-30 21:17:46,840 [INFO] 正在获取版本详细信息: https://bmclapi2.bangbang93.com/v1/packages/fb1353b49461264591a89401b0f28612d9a0c021/1.21.8.json
2025-09-30 21:17:49,604 [INFO] 已保存版本JSON文件: C:\Users\0570\AppData\Roaming\Bloret-Launcher\.minecraft\versions\1.21.8\1.21.8.json
2025-09-30 21:17:49,609 [INFO] 正在下载客户端JAR文件: https://bmclapi2.bangbang93.com/v1/objects/a19d9badbea944a4369fd0059e53bf7286597576/client.jar
2025-09-30 21:18:36,777 [INFO] 已下载客户端JAR文件: C:\Users\0570\AppData\Roaming\Bloret-Launcher\.minecraft\versions\1.21.8\1.21.8.jar
2025-09-30 21:18:36,783 [INFO] 开始下载库文件，共 113 个
2025-09-30 21:18:58,687 [INFO] 使用 2000 个线程下载库文件
2025-09-30 21:18:58,826 [INFO] 正在下载资源索引: https://bmclapi2.bangbang93.com/v1/packages/44459c8b8969c86d944f337d9ac0647e1eb9e5b5/26.json
2025-09-30 21:19:00,484 [INFO] 已下载资源索引: C:\Users\0570\AppData\Roaming\Bloret-Launcher\.minecraft\assets\indexes\26.json
2025-09-30 21:19:00,507 [INFO] 开始下载资源文件，共 4265 个
2025-09-30 21:19:00,512 [INFO] 使用 2000 个线程下载资源文件
2025-09-30 21:19:17,059 [WARNING] 网络连接错误: HTTPSConnectionPool(host='bmclapi2.bangbang93.com', port=443): Max retries exceeded with url: /assets/5b/5bcc8f30d6b91f411a072b3d519a10e56a52bc5e (Caused by SSLError(OSError(24, 'Too many open files')))
2025-09-30 21:19:17,059 [WARNING] 网络连接错误: HTTPSConnectionPool(host='bmclapi2.bangbang93.com', port=443): Max retries exceeded with url: /assets/8d/8dcac0ef3f5ead77a5530f68c95c5a410a8b2cf0 (Caused by SSLError(OSError(24, 'Too many open files')))
2025-09-30 21:19:17,063 [WARNING] 网络连接错误: HTTPSConnectionPool(host='bmclapi2.bangbang93.com', port=443): Max retries exceeded with url: /assets/10/10ca1bd826243a68c27721cdb82ea8e6d9b77a69 (Caused by SSLError(OSError(24, 'Too many open files')))
2025-09-30 21:19:17,064 [WARNING] 网络连接错误: HTTPSConnectionPool(host='bmclapi2.bangbang93.com', port=443): Max retries exceeded with url: /assets/9b/9b0f5516cd2decc745c7681f5b3f763f74c016a8 (Caused by SSLError(OSError(24, 'Too many open files')))
2025-09-30 21:19:17,126 [INFO] 尝试使用HTTP协议: http://bmclapi2.bangbang93.com/assets/8d/8dcac0ef3f5ead77a5530f68c95c5a410a8b2cf0
2025-09-30 21:19:17,127 [INFO] 尝试使用HTTP协议: http://bmclapi2.bangbang93.com/assets/5b/5bcc8f30d6b91f411a072b3d519a10e56a52bc5e
2025-09-30 21:19:17,127 [WARNING] 网络连接错误: HTTPSConnectionPool(host='bmclapi2.bangbang93.com', port=443): Max retries exceeded with url: /assets/53/53c7ade7123abe57fe72a35b855ceba543674072 (Caused by SSLError(OSError(24, 'Too many open files')))
2025-09-30 21:19:17,127 [WARNING] 网络连接错误: HTTPSConnectionPool(host='bmclapi2.bangbang93.com', port=443): Max retries exceeded with url: /assets/25/25afb522d285c83c3a50007289bbfe1770bebaf5 (Caused by SSLError(OSError(24, 'Too many open files')))
2025-09-30 21:19:17,127 [WARNING] 网络连接错误: HTTPSConnectionPool(host='bmclapi2.bangbang93.com', port=443): Max retries exceeded with url: /assets/25/25f1bc69e8991e9ef0ca5bbabf9d13b7d5ccef85 (Caused by SSLError(OSError(24, 'Too many open files')))
2025-09-30 21:19:17,185 [INFO] 尝试使用HTTP协议: http://bmclapi2.bangbang93.com/assets/10/10ca1bd826243a68c27721cdb82ea8e6d9b77a69
2025-09-30 21:19:17,264 [INFO] 尝试使用HTTP协议: http://bmclapi2.bangbang93.com/assets/9b/9b0f5516cd2decc745c7681f5b3f763f74c016a8
2025-09-30 21:19:17,311 [INFO] 尝试使用HTTP协议: http://bmclapi2.bangbang93.com/assets/25/25afb522d285c83c3a50007289bbfe1770bebaf5
2025-09-30 21:19:17,313 [INFO] 尝试使用HTTP协议: http://bmclapi2.bangbang93.com/assets/53/53c7ade7123abe57fe72a35b855ceba543674072
2025-09-30 21:19:17,346 [INFO] 尝试使用HTTP协议: http://bmclapi2.bangbang93.com/assets/25/25f1bc69e8991e9ef0ca5bbabf9d13b7d5ccef85
2025-09-30 21:19:17,442 [WARNING] 网络连接错误: HTTPSConnectionPool(host='bmclapi2.bangbang93.com', port=443): Max retries exceeded with url: /assets/98/98d9b15c6eacb67c6a4854fb0d3b97de3ab30340 (Caused by SSLError(OSError(24, 'Too many open files')))
2025-09-30 21:19:17,584 [WARNING] 网络连接错误: HTTPSConnectionPool(host='bmclapi2.bangbang93.com', port=443): Max retries exceeded with url: /assets/df/dfdb585d1959ed830cbccc55d10190cba64a8310 (Caused by SSLError(OSError(24, 'Too many open files')))
2025-09-30 21:19:17,589 [WARNING] 网络连接错误: HTTPSConnectionPool(host='bmclapi2.bangbang93.com', port=443): Max retries exceeded with url: /assets/e5/e5ca13f1ea8432beda44f3d0c037015d72885043 (Caused by SSLError(OSError(24, 'Too many open files')))
2025-09-30 21:19:17,590 [INFO] 尝试使用HTTP协议: http://bmclapi2.bangbang93.com/assets/df/dfdb585d1959ed830cbccc55d10190cba64a8310
2025-09-30 21:19:17,590 [INFO] 尝试使用HTTP协议: http://bmclapi2.bangbang93.com/assets/98/98d9b15c6eacb67c6a4854fb0d3b97de3ab30340
2025-09-30 21:19:17,615 [WARNING] 网络连接错误: HTTPSConnectionPool(host='bmclapi2.bangbang93.com', port=443): Max retries exceeded with url: /assets/85/85a926523452c262caa6f0bf3bf408a12e00f84e (Caused by SSLError(OSError(24, 'Too many open files')))
2025-09-30 21:19:17,615 [INFO] 尝试使用HTTP协议: http://bmclapi2.bangbang93.com/assets/e5/e5ca13f1ea8432beda44f3d0c037015d72885043
2025-09-30 21:19:17,638 [WARNING] 网络连接错误: HTTPSConnectionPool(host='bmclapi2.bangbang93.com', port=443): Max retries exceeded with url: /assets/0c/0cf970cda6c7911eccf7bdbfaedf8134cb0dce59 (Caused by SSLError(OSError(24, 'Too many open files')))
2025-09-30 21:19:17,653 [INFO] 尝试使用HTTP协议: http://bmclapi2.bangbang93.com/assets/85/85a926523452c262caa6f0bf3bf408a12e00f84e
2025-09-30 21:19:17,658 [WARNING] 网络连接错误: HTTPSConnectionPool(host='bmclapi2.bangbang93.com', port=443): Max retries exceeded with url: /assets/6a/6afbb475721b805b742f7e0bfae974594c5f6ce9 (Caused by SSLError(OSError(24, 'Too many open files')))
2025-09-30 21:19:17,658 [INFO] 尝试使用HTTP协议: http://bmclapi2.bangbang93.com/assets/0c/0cf970cda6c7911eccf7bdbfaedf8134cb0dce59
2025-09-30 21:19:17,726 [WARNING] 网络连接错误: HTTPSConnectionPool(host='bmclapi2.bangbang93.com', port=443): Max retries exceeded with url: /assets/1c/1c8b0730d35a49b7460548db4f648086d64df6e0 (Caused by SSLError(OSError(24, 'Too many open files')))
2025-09-30 21:19:17,777 [WARNING] HTTP协议也失败: HTTPSConnectionPool(host='bmclapi2.bangbang93.com', port=443): Max retries exceeded with url: /assets/8d/8dcac0ef3f5ead77a5530f68c95c5a410a8b2cf0 (Caused by SSLError(OSError(24, 'Too many open files')))
2025-09-30 21:19:17,802 [INFO] 尝试使用HTTP协议: http://bmclapi2.bangbang93.com/assets/6a/6afbb475721b805b742f7e0bfae974594c5f6ce9
2025-09-30 21:19:18,008 [WARNING] 网络连接错误: HTTPSConnectionPool(host='bmclapi2.bangbang93.com', port=443): Max retries exceeded with url: /assets/37/377153b349fa87703f381e4ce03dd954ec836f9d (Caused by SSLError(OSError(24, 'Too many open files')))
2025-09-30 21:19:18,018 [WARNING] HTTP协议也失败: HTTPSConnectionPool(host='bmclapi2.bangbang93.com', port=443): Max retries exceeded with url: /assets/10/10ca1bd826243a68c27721cdb82ea8e6d9b77a69 (Caused by SSLError(OSError(24, 'Too many open files')))
2025-09-30 21:19:17,943 [WARNING] 网络连接错误: HTTPSConnectionPool(host='bmclapi2.bangbang93.com', port=443): Max retries exceeded with url: /assets/ca/cae0425262afc9f1a725e632677a147025855014 (Caused by SSLError(OSError(24, 'Too many open files')))
2025-09-30 21:19:18,081 [WARNING] HTTP协议也失败: HTTPSConnectionPool(host='bmclapi2.bangbang93.com', port=443): Max retries exceeded with url: /assets/9b/9b0f5516cd2decc745c7681f5b3f763f74c016a8 (Caused by SSLError(OSError(24, 'Too many open files')))
2025-09-30 21:19:18,081 [WARNING] 网络连接错误: HTTPSConnectionPool(host='bmclapi2.bangbang93.com', port=443): Max retries exceeded with url: /assets/94/9422061b499393c0163531dc8a536b5459ef168f (Caused by SSLError(OSError(24, 'Too many open files')))
2025-09-30 21:19:18,083 [INFO] 尝试使用HTTP协议: http://bmclapi2.bangbang93.com/assets/37/377153b349fa87703f381e4ce03dd954ec836f9d
2025-09-30 21:19:18,087 [WARNING] HTTP协议也失败: HTTPSConnectionPool(host='bmclapi2.bangbang93.com', port=443): Max retries exceeded with url: /assets/5b/5bcc8f30d6b91f411a072b3d519a10e56a52bc5e (Caused by SSLError(OSError(24, 'Too many open files')))
2025-09-30 21:19:18,098 [WARNING] HTTP协议也失败: HTTPSConnectionPool(host='bmclapi2.bangbang93.com', port=443): Max retries exceeded with url: /assets/25/25afb522d285c83c3a50007289bbfe1770bebaf5 (Caused by SSLError(OSError(24, 'Too many open files')))
2025-09-30 21:19:18,100 [INFO] 尝试使用HTTP协议: http://bmclapi2.bangbang93.com/assets/1c/1c8b0730d35a49b7460548db4f648086d64df6e0
2025-09-30 21:19:18,126 [INFO] 尝试使用HTTP协议: http://bmclapi2.bangbang93.com/assets/ca/cae0425262afc9f1a725e632677a147025855014
2025-09-30 21:19:18,152 [WARNING] 网络连接错误: HTTPSConnectionPool(host='bmclapi2.bangbang93.com', port=443): Max retries exceeded with url: /assets/ff/fff53a8f308c1fd78641188f635e01ef29eba61c (Caused by SSLError(OSError(24, 'Too many open files')))
2025-09-30 21:19:18,184 [WARNING] HTTP协议也失败: HTTPSConnectionPool(host='bmclapi2.bangbang93.com', port=443): Max retries exceeded with url: /assets/53/53c7ade7123abe57fe72a35b855ceba543674072 (Caused by SSLError(OSError(24, 'Too many open files')))
2025-09-30 21:19:18,195 [INFO] 尝试使用HTTP协议: http://bmclapi2.bangbang93.com/assets/94/9422061b499393c0163531dc8a536b5459ef168f
2025-09-30 21:19:18,195 [WARNING] HTTP协议也失败: HTTPSConnectionPool(host='bmclapi2.bangbang93.com', port=443): Max retries exceeded with url: /assets/25/25f1bc69e8991e9ef0ca5bbabf9d13b7d5ccef85 (Caused by SSLError(OSError(24, 'Too many open files')))
2025-09-30 21:19:18,201 [WARNING] 网络连接错误: HTTPSConnectionPool(host='bmclapi2.bangbang93.com', port=443): Max retries exceeded with url: /assets/f9/f95804a9685ba71d5e365ab01ea206e620d1ad63 (Caused by SSLError(OSError(24, 'Too many open files')))
2025-09-30 21:19:18,205 [WARNING] 网络连接错误: HTTPSConnectionPool(host='bmclapi2.bangbang93.com', port=443): Max retries exceeded with url: /assets/02/028386c3a30bacec953cfb951f6550674f08f607 (Caused by SSLError(OSError(24, 'Too many open files')))
2025-09-30 21:19:18,227 [WARNING] HTTP协议也失败: HTTPSConnectionPool(host='bmclapi2.bangbang93.com', port=443): Max retries exceeded with url: /assets/df/dfdb585d1959ed830cbccc55d10190cba64a8310 (Caused by SSLError(OSError(24, 'Too many open files')))
2025-09-30 21:19:18,287 [INFO] 尝试使用HTTP协议: http://bmclapi2.bangbang93.com/assets/ff/fff53a8f308c1fd78641188f635e01ef29eba61c
2025-09-30 21:19:18,330 [WARNING] HTTP协议也失败: HTTPSConnectionPool(host='bmclapi2.bangbang93.com', port=443): Max retries exceeded with url: /assets/98/98d9b15c6eacb67c6a4854fb0d3b97de3ab30340 (Caused by SSLError(OSError(24, 'Too many open files')))
2025-09-30 21:19:18,331 [WARNING] 网络连接错误: HTTPSConnectionPool(host='bmclapi2.bangbang93.com', port=443): Max retries exceeded with url: /assets/e0/e06ac63b2fb7dfe7234d2b0536e3abc483eccb24 (Caused by SSLError(OSError(24, 'Too many open files')))
2025-09-30 21:19:18,335 [WARNING] HTTP协议也失败: HTTPSConnectionPool(host='bmclapi2.bangbang93.com', port=443): Max retries exceeded with url: /assets/e5/e5ca13f1ea8432beda44f3d0c037015d72885043 (Caused by SSLError(OSError(24, 'Too many open files')))
2025-09-30 21:19:18,202 [WARNING] 网络连接错误: HTTPSConnectionPool(host='bmclapi2.bangbang93.com', port=443): Max retries exceeded with url: /assets/a2/a20add2a3031db81fe7ba732b721438db2c95889 (Caused by SSLError(OSError(24, 'Too many open files')))
2025-09-30 21:19:18,434 [INFO] 尝试使用HTTP协议: http://bmclapi2.bangbang93.com/assets/f9/f95804a9685ba71d5e365ab01ea206e620d1ad63
2025-09-30 21:19:18,435 [WARNING] 网络连接错误: HTTPSConnectionPool(host='bmclapi2.bangbang93.com', port=443): Max retries exceeded with url: /assets/fc/fcd6c4cb3bd169eaaf9f609fa143959b4e259f52 (Caused by SSLError(OSError(24, 'Too many open files')))
2025-09-30 21:19:18,441 [WARNING] 网络连接错误: HTTPSConnectionPool(host='bmclapi2.bangbang93.com', port=443): Max retries exceeded with url: /assets/2a/2a965d409f4fb92d54d6ede7fc91cc47eea84881 (Caused by SSLError(OSError(24, 'Too many open files')))
2025-09-30 21:19:18,478 [WARNING] 网络连接错误: HTTPSConnectionPool(host='bmclapi2.bangbang93.com', port=443): Max retries exceeded with url: /assets/74/74e99006d462c1d27f1628e35d72d44865347ed9 (Caused by SSLError(OSError(24, 'Too many open files')))
2025-09-30 21:19:18,493 [WARNING] HTTP协议也失败: HTTPSConnectionPool(host='bmclapi2.bangbang93.com', port=443): Max retries exceeded with url: /assets/6a/6afbb475721b805b742f7e0bfae974594c5f6ce9 (Caused by SSLError(OSError(24, 'Too many open files')))
2025-09-30 21:19:18,519 [WARNING] 网络连接错误: HTTPSConnectionPool(host='bmclapi2.bangbang93.com', port=443): Max retries exceeded with url: /assets/87/87d5e8d5a978b0443d23741bb88434e88d60f60f (Caused by SSLError(OSError(24, 'Too many open files')))
2025-09-30 21:19:18,524 [WARNING] 网络连接错误: HTTPSConnectionPool(host='bmclapi2.bangbang93.com', port=443): Max retries exceeded with url: /assets/3a/3a088e8aca46099f75c1a41f25c4e7f3e9db8524 (Caused by SSLError(OSError(24, 'Too many open files')))
2025-09-30 21:19:18,570 [WARNING] HTTP协议也失败: HTTPSConnectionPool(host='bmclapi2.bangbang93.com', port=443): Max retries exceeded with url: /assets/85/85a926523452c262caa6f0bf3bf408a12e00f84e (Caused by SSLError(OSError(24, 'Too many open files')))
2025-09-30 21:19:18,572 [WARNING] HTTP协议也失败: HTTPSConnectionPool(host='bmclapi2.bangbang93.com', port=443): Max retries exceeded with url: /assets/0c/0cf970cda6c7911eccf7bdbfaedf8134cb0dce59 (Caused by SSLError(OSError(24, 'Too many open files')))
2025-09-30 21:19:18,480 [WARNING] 网络连接错误: HTTPSConnectionPool(host='bmclapi2.bangbang93.com', port=443): Max retries exceeded with url: /assets/cf/cf7392963a13efadd11efe67f64895d44ddf03cf (Caused by SSLError(OSError(24, 'Too many open files')))
2025-09-30 21:19:18,670 [WARNING] 网络连接错误: HTTPSConnectionPool(host='bmclapi2.bangbang93.com', port=443): Max retries exceeded with url: /assets/a2/a2aef9cedac7aab0bbf5b904fc1a900e96b6f29c (Caused by SSLError(OSError(24, 'Too many open files')))
2025-09-30 21:19:18,586 [WARNING] 网络连接错误: HTTPSConnectionPool(host='bmclapi2.bangbang93.com', port=443): Max retries exceeded with url: /assets/05/05799cdc3f99e23d8bf3977760dd420c527f5f0f (Caused by SSLError(OSError(24, 'Too many open files')))
2025-09-30 21:19:18,677 [WARNING] 网络连接错误: HTTPSConnectionPool(host='bmclapi2.bangbang93.com', port=443): Max retries exceeded with url: /assets/b4/b48e2b784d4abbf98f902ee701c84d5671d2a01b (Caused by SSLError(OSError(24, 'Too many open files')))
2025-09-30 21:19:18,678 [WARNING] HTTP协议也失败: HTTPSConnectionPool(host='bmclapi2.bangbang93.com', port=443): Max retries exceeded with url: /assets/1c/1c8b0730d35a49b7460548db4f648086d64df6e0 (Caused by SSLError(OSError(24, 'Too many open files')))
2025-09-30 21:19:18,883 [INFO] 尝试使用HTTP协议: http://bmclapi2.bangbang93.com/assets/e0/e06ac63b2fb7dfe7234d2b0536e3abc483eccb24
2025-09-30 21:19:18,883 [INFO] 尝试使用HTTP协议: http://bmclapi2.bangbang93.com/assets/87/87d5e8d5a978b0443d23741bb88434e88d60f60f
2025-09-30 21:19:18,947 [WARNING] 网络连接错误: HTTPSConnectionPool(host='bmclapi2.bangbang93.com', port=443): Max retries exceeded with url: /assets/62/625f3f1551b47f3f331ede66c2453c57584734bf (Caused by SSLError(OSError(24, 'Too many open files')))
2025-09-30 21:19:18,960 [INFO] 尝试使用HTTP协议: http://bmclapi2.bangbang93.com/assets/a2/a20add2a3031db81fe7ba732b721438db2c95889
2025-09-30 21:19:18,585 [WARNING] 网络连接错误: HTTPSConnectionPool(host='bmclapi2.bangbang93.com', port=443): Max retries exceeded with url: /assets/a0/a0ab21bec256a988a65a19b7f96e24405c0b3581 (Caused by SSLError(OSError(24, 'Too many open files')))
2025-09-30 21:19:18,671 [INFO] 尝试使用HTTP协议: http://bmclapi2.bangbang93.com/assets/02/028386c3a30bacec953cfb951f6550674f08f607
2025-09-30 21:19:18,673 [INFO] 尝试使用HTTP协议: http://bmclapi2.bangbang93.com/assets/74/74e99006d462c1d27f1628e35d72d44865347ed9
2025-09-30 21:19:19,121 [WARNING] 网络连接错误: HTTPSConnectionPool(host='bmclapi2.bangbang93.com', port=443): Max retries exceeded with url: /assets/43/436c6cf3c17743553c604000f6085fc89f6e9673 (Caused by SSLError(OSError(24, 'Too many open files')))
2025-09-30 21:19:19,121 [WARNING] HTTP协议也失败: HTTPSConnectionPool(host='bmclapi2.bangbang93.com', port=443): Max retries exceeded with url: /assets/ca/cae0425262afc9f1a725e632677a147025855014 (Caused by SSLError(OSError(24, 'Too many open files')))
2025-09-30 21:19:19,124 [WARNING] 网络连接错误: HTTPSConnectionPool(host='bmclapi2.bangbang93.com', port=443): Max retries exceeded with url: /assets/6b/6bd90c8845ceec0323fcc3d8efd685075aec5969 (Caused by SSLError(OSError(24, 'Too many open files')))
2025-09-30 21:19:19,172 [WARNING] 网络连接错误: HTTPSConnectionPool(host='bmclapi2.bangbang93.com', port=443): Max retries exceeded with url: /assets/26/26c6377cf15714655828cee521dcfbd819b44a3d (Caused by SSLError(OSError(24, 'Too many open files')))
2025-09-30 21:19:19,172 [INFO] 尝试使用HTTP协议: http://bmclapi2.bangbang93.com/assets/3a/3a088e8aca46099f75c1a41f25c4e7f3e9db8524
2025-09-30 21:19:19,179 [WARNING] 网络连接错误: HTTPSConnectionPool(host='bmclapi2.bangbang93.com', port=443): Max retries exceeded with url: /assets/5f/5f6a9b392a748138022f70c847a15b8efd764f05 (Caused by SSLError(OSError(24, 'Too many open files')))
2025-09-30 21:19:19,187 [INFO] 尝试使用HTTP协议: http://bmclapi2.bangbang93.com/assets/a2/a2aef9cedac7aab0bbf5b904fc1a900e96b6f29c
2025-09-30 21:19:19,191 [WARNING] HTTP协议也失败: HTTPSConnectionPool(host='bmclapi2.bangbang93.com', port=443): Max retries exceeded with url: /assets/ff/fff53a8f308c1fd78641188f635e01ef29eba61c (Caused by SSLError(OSError(24, 'Too many open files')))
2025-09-30 21:19:19,194 [INFO] 尝试使用HTTP协议: http://bmclapi2.bangbang93.com/assets/2a/2a965d409f4fb92d54d6ede7fc91cc47eea84881
2025-09-30 21:19:19,201 [INFO] 尝试使用HTTP协议: http://bmclapi2.bangbang93.com/assets/cf/cf7392963a13efadd11efe67f64895d44ddf03cf
2025-09-30 21:19:19,048 [INFO] 尝试使用HTTP协议: http://bmclapi2.bangbang93.com/assets/fc/fcd6c4cb3bd169eaaf9f609fa143959b4e259f52
2025-09-30 21:19:19,237 [WARNING] 网络连接错误: HTTPSConnectionPool(host='bmclapi2.bangbang93.com', port=443): Max retries exceeded with url: /assets/da/da8e4532532e6533872b4f5067a55648fc4a3bb1 (Caused by SSLError(OSError(24, 'Too many open files')))
2025-09-30 21:19:19,263 [WARNING] 网络连接错误: HTTPSConnectionPool(host='bmclapi2.bangbang93.com', port=443): Max retries exceeded with url: /assets/bf/bf464b90ecde0e24b04576c1bfca7cefb44c6a82 (Caused by SSLError(OSError(24, 'Too many open files')))
2025-09-30 21:19:19,268 [INFO] 尝试使用HTTP协议: http://bmclapi2.bangbang93.com/assets/05/05799cdc3f99e23d8bf3977760dd420c527f5f0f
2025-09-30 21:19:19,269 [WARNING] 网络连接错误: HTTPSConnectionPool(host='bmclapi2.bangbang93.com', port=443): Max retries exceeded with url: /assets/20/200b505176e5619306750943b05d455389aeb469 (Caused by SSLError(OSError(24, 'Too many open files')))
2025-09-30 21:19:19,187 [WARNING] 网络连接错误: HTTPSConnectionPool(host='bmclapi2.bangbang93.com', port=443): Max retries exceeded with url: /assets/c4/c4355e4f9ce3a48d4a8f89aa56b1921539581cfe (Caused by SSLError(OSError(24, 'Too many open files')))
2025-09-30 21:19:19,188 [WARNING] 网络连接错误: HTTPSConnectionPool(host='bmclapi2.bangbang93.com', port=443): Max retries exceeded with url: /assets/c3/c32a64f11f71d0aeab17bb772fc2cc500debbd85 (Caused by SSLError(OSError(24, 'Too many open files')))
2025-09-30 21:19:19,301 [INFO] 尝试使用HTTP协议: http://bmclapi2.bangbang93.com/assets/b4/b48e2b784d4abbf98f902ee701c84d5671d2a01b
2025-09-30 21:19:19,341 [WARNING] HTTP协议也失败: HTTPSConnectionPool(host='bmclapi2.bangbang93.com', port=443): Max retries exceeded with url: /assets/37/377153b349fa87703f381e4ce03dd954ec836f9d (Caused by SSLError(OSError(24, 'Too many open files')))
2025-09-30 21:19:19,345 [WARNING] 网络连接错误: HTTPSConnectionPool(host='bmclapi2.bangbang93.com', port=443): Max retries exceeded with url: /assets/43/434ab511b752a1cdcc9cbfe46983aa68896f36ea (Caused by SSLError(OSError(24, 'Too many open files')))
2025-09-30 21:19:19,345 [WARNING] HTTP协议也失败: HTTPSConnectionPool(host='bmclapi2.bangbang93.com', port=443): Max retries exceeded with url: /assets/94/9422061b499393c0163531dc8a536b5459ef168f (Caused by SSLError(OSError(24, 'Too many open files')))
2025-09-30 21:19:19,400 [WARNING] 网络连接错误: HTTPSConnectionPool(host='bmclapi2.bangbang93.com', port=443): Max retries exceeded with url: /assets/93/93f2599a7a9b569e4d72eb69f14f99dd6c0b0e44 (Caused by SSLError(OSError(24, 'Too many open files')))
2025-09-30 21:19:19,450 [INFO] 尝试使用HTTP协议: http://bmclapi2.bangbang93.com/assets/62/625f3f1551b47f3f331ede66c2453c57584734bf
2025-09-30 21:19:19,539 [INFO] 尝试使用HTTP协议: http://bmclapi2.bangbang93.com/assets/a0/a0ab21bec256a988a65a19b7f96e24405c0b3581
2025-09-30 21:19:19,555 [WARNING] 网络连接错误: HTTPSConnectionPool(host='bmclapi2.bangbang93.com', port=443): Max retries exceeded with url: /assets/89/897453dc748e920a4482204c50374847872152af (Caused by SSLError(OSError(24, 'Too many open files')))
2025-09-30 21:19:19,605 [INFO] 尝试使用HTTP协议: http://bmclapi2.bangbang93.com/assets/bf/bf464b90ecde0e24b04576c1bfca7cefb44c6a82
2025-09-30 21:19:19,605 [WARNING] 网络连接错误: HTTPSConnectionPool(host='bmclapi2.bangbang93.com', port=443): Max retries exceeded with url: /assets/1c/1cd43ebe3962280b0002d595f08c043afc36662b (Caused by SSLError(OSError(24, 'Too many open files')))
2025-09-30 21:19:19,344 [INFO] 尝试使用HTTP协议: http://bmclapi2.bangbang93.com/assets/26/26c6377cf15714655828cee521dcfbd819b44a3d
2025-09-30 21:19:19,345 [WARNING] 网络连接错误: HTTPSConnectionPool(host='bmclapi2.bangbang93.com', port=443): Max retries exceeded with url: /assets/33/33647d137efa18aa065d2dbbc81f32a173ec08bd (Caused by SSLError(OSError(24, 'Too many open files')))
2025-09-30 21:19:19,362 [WARNING] 网络连接错误: HTTPSConnectionPool(host='bmclapi2.bangbang93.com', port=443): Max retries exceeded with url: /assets/15/15bda39719866402b0e854234f6cc4156992b771 (Caused by SSLError(OSError(24, 'Too many open files')))
2025-09-30 21:19:19,829 [INFO] 尝试使用HTTP协议: http://bmclapi2.bangbang93.com/assets/6b/6bd90c8845ceec0323fcc3d8efd685075aec5969
2025-09-30 21:19:19,865 [WARNING] HTTP协议也失败: HTTPSConnectionPool(host='bmclapi2.bangbang93.com', port=443): Max retries exceeded with url: /assets/f9/f95804a9685ba71d5e365ab01ea206e620d1ad63 (Caused by SSLError(OSError(24, 'Too many open files')))
2025-09-30 21:19:19,867 [WARNING] 网络连接错误: HTTPSConnectionPool(host='bmclapi2.bangbang93.com', port=443): Max retries exceeded with url: /assets/52/52c0482e727a9370374d59d8c6756d4cc828ac39 (Caused by SSLError(OSError(24, 'Too many open files')))
2025-09-30 21:19:19,873 [INFO] 尝试使用HTTP协议: http://bmclapi2.bangbang93.com/assets/5f/5f6a9b392a748138022f70c847a15b8efd764f05
2025-09-30 21:19:19,919 [WARNING] HTTP协议也失败: HTTPSConnectionPool(host='bmclapi2.bangbang93.com', port=443): Max retries exceeded with url: /assets/87/87d5e8d5a978b0443d23741bb88434e88d60f60f (Caused by SSLError(OSError(24, 'Too many open files')))
2025-09-30 21:19:19,937 [WARNING] 网络连接错误: HTTPSConnectionPool(host='bmclapi2.bangbang93.com', port=443): Max retries exceeded with url: /assets/80/80dab32f80954b698748892ef84dda69b6fdd5ee (Caused by SSLError(OSError(24, 'Too many open files')))
2025-09-30 21:19:19,974 [WARNING] HTTP协议也失败: HTTPSConnectionPool(host='bmclapi2.bangbang93.com', port=443): Max retries exceeded with url: /assets/a2/a20add2a3031db81fe7ba732b721438db2c95889 (Caused by SSLError(OSError(24, 'Too many open files')))
2025-09-30 21:19:20,103 [WARNING] 网络连接错误: HTTPSConnectionPool(host='bmclapi2.bangbang93.com', port=443): Max retries exceeded with url: /assets/e8/e877830582b6104352e90b35267dd91cffc8bc4e (Caused by SSLError(OSError(24, 'Too many open files')))
2025-09-30 21:19:20,103 [WARNING] 网络连接错误: HTTPSConnectionPool(host='bmclapi2.bangbang93.com', port=443): Max retries exceeded with url: /assets/69/6976b32e73a61a4bcaa761e51e4c4723674cf995 (Caused by SSLError(OSError(24, 'Too many open files')))
2025-09-30 21:19:20,113 [INFO] 尝试使用HTTP协议: http://bmclapi2.bangbang93.com/assets/da/da8e4532532e6533872b4f5067a55648fc4a3bb1
2025-09-30 21:19:20,180 [WARNING] HTTP协议也失败: HTTPSConnectionPool(host='bmclapi2.bangbang93.com', port=443): Max retries exceeded with url: /assets/e0/e06ac63b2fb7dfe7234d2b0536e3abc483eccb24 (Caused by SSLError(OSError(24, 'Too many open files')))
2025-09-30 21:19:20,215 [WARNING] 网络连接错误: HTTPSConnectionPool(host='bmclapi2.bangbang93.com', port=443): Max retries exceeded with url: /assets/67/671b2fd5ff27883e9f4122b85a935774aadf0563 (Caused by SSLError(OSError(24, 'Too many open files')))
2025-09-30 21:19:20,216 [WARNING] 网络连接错误: HTTPSConnectionPool(host='bmclapi2.bangbang93.com', port=443): Max retries exceeded with url: /assets/c0/c0b0636758ec85bd68ee8f4f9c7f79cd94daf2d2 (Caused by SSLError(OSError(24, 'Too many open files')))
2025-09-30 21:19:20,244 [WARNING] HTTP协议也失败: HTTPSConnectionPool(host='bmclapi2.bangbang93.com', port=443): Max retries exceeded with url: /assets/74/74e99006d462c1d27f1628e35d72d44865347ed9 (Caused by SSLError(OSError(24, 'Too many open files')))
2025-09-30 21:19:19,626 [INFO] 尝试使用HTTP协议: http://bmclapi2.bangbang93.com/assets/43/436c6cf3c17743553c604000f6085fc89f6e9673
2025-09-30 21:19:20,371 [WARNING] 网络连接错误: HTTPSConnectionPool(host='bmclapi2.bangbang93.com', port=443): Max retries exceeded with url: /assets/5b/5b78e2daaa4bcfb7bb2158859e73f6853c0a5286 (Caused by SSLError(OSError(24, 'Too many open files')))
2025-09-30 21:19:20,419 [WARNING] 网络连接错误: HTTPSConnectionPool(host='bmclapi2.bangbang93.com', port=443): Max retries exceeded with url: /assets/32/325b3145152437b6367e5a7644a4dcf7dc5851a0 (Caused by SSLError(OSError(24, 'Too many open files')))
2025-09-30 21:19:20,419 [WARNING] 网络连接错误: HTTPSConnectionPool(host='bmclapi2.bangbang93.com', port=443): Max retries exceeded with url: /assets/87/874a85ad778aabf2595544b07da0197b49f24dd4 (Caused by SSLError(OSError(24, 'Too many open files')))
2025-09-30 21:19:20,484 [WARNING] HTTP协议也失败: HTTPSConnectionPool(host='bmclapi2.bangbang93.com', port=443): Max retries exceeded with url: /assets/02/028386c3a30bacec953cfb951f6550674f08f607 (Caused by SSLError(OSError(24, 'Too many open files')))
2025-09-30 21:19:21,175 [WARNING] 网络连接错误: HTTPSConnectionPool(host='bmclapi2.bangbang93.com', port=443): Max retries exceeded with url: /assets/00/00c9fa8115347fb0220aaf72a8d7d921f5354112 (Caused by SSLError(OSError(24, 'Too many open files')))
2025-09-30 21:19:20,499 [WARNING] 网络连接错误: HTTPSConnectionPool(host='bmclapi2.bangbang93.com', port=443): Max retries exceeded with url: /assets/2e/2ef258042270ceae68c58a9bec9ae0a9ed0b2580 (Caused by SSLError(OSError(24, 'Too many open files')))
2025-09-30 21:19:20,499 [WARNING] HTTP协议也失败: HTTPSConnectionPool(host='bmclapi2.bangbang93.com', port=443): Max retries exceeded with url: /assets/b4/b48e2b784d4abbf98f902ee701c84d5671d2a01b (Caused by SSLError(OSError(24, 'Too many open files')))
2025-09-30 21:19:20,577 [INFO] 尝试使用HTTP协议: http://bmclapi2.bangbang93.com/assets/c4/c4355e4f9ce3a48d4a8f89aa56b1921539581cfe
2025-09-30 21:19:20,583 [WARNING] 网络连接错误: HTTPSConnectionPool(host='bmclapi2.bangbang93.com', port=443): Max retries exceeded with url: /assets/e0/e0770d777577c35b55c806473556d8c5b967c836 (Caused by SSLError(OSError(24, 'Too many open files')))
2025-09-30 21:19:20,643 [INFO] 尝试使用HTTP协议: http://bmclapi2.bangbang93.com/assets/93/93f2599a7a9b569e4d72eb69f14f99dd6c0b0e44
2025-09-30 21:19:20,661 [WARNING] 网络连接错误: HTTPSConnectionPool(host='bmclapi2.bangbang93.com', port=443): Max retries exceeded with url: /assets/df/df2c45577cbe372ef48e5797e993ac7faee35670 (Caused by SSLError(OSError(24, 'Too many open files')))
2025-09-30 21:19:20,795 [WARNING] 网络连接错误: HTTPSConnectionPool(host='bmclapi2.bangbang93.com', port=443): Max retries exceeded with url: /assets/80/80e109cad5a1c3556d3e7fa05023d3a5caa06a3a (Caused by SSLError(OSError(24, 'Too many open files')))
2025-09-30 21:19:20,801 [WARNING] HTTP协议也失败: HTTPSConnectionPool(host='bmclapi2.bangbang93.com', port=443): Max retries exceeded with url: /assets/fc/fcd6c4cb3bd169eaaf9f609fa143959b4e259f52 (Caused by SSLError(OSError(24, 'Too many open files')))
2025-09-30 21:19:20,829 [INFO] 尝试使用HTTP协议: http://bmclapi2.bangbang93.com/assets/89/897453dc748e920a4482204c50374847872152af
2025-09-30 21:19:20,862 [WARNING] HTTP协议也失败: HTTPSConnectionPool(host='bmclapi2.bangbang93.com', port=443): Max retries exceeded with url: /assets/3a/3a088e8aca46099f75c1a41f25c4e7f3e9db8524 (Caused by SSLError(OSError(24, 'Too many open files')))
2025-09-30 21:19:20,862 [WARNING] HTTP协议也失败: HTTPSConnectionPool(host='bmclapi2.bangbang93.com', port=443): Max retries exceeded with url: /assets/cf/cf7392963a13efadd11efe67f64895d44ddf03cf (Caused by SSLError(OSError(24, 'Too many open files')))
2025-09-30 21:19:20,253 [INFO] 尝试使用HTTP协议: http://bmclapi2.bangbang93.com/assets/20/200b505176e5619306750943b05d455389aeb469
2025-09-30 21:19:21,063 [INFO] 尝试使用HTTP协议: http://bmclapi2.bangbang93.com/assets/1c/1cd43ebe3962280b0002d595f08c043afc36662b
2025-09-30 21:19:21,067 [WARNING] 网络连接错误: HTTPSConnectionPool(host='bmclapi2.bangbang93.com', port=443): Max retries exceeded with url: /assets/e9/e93141eb71a23f06da35970d5e8a987ae6314cea (Caused by SSLError(OSError(24, 'Too many open files')))
2025-09-30 21:19:21,068 [WARNING] 网络连接错误: HTTPSConnectionPool(host='bmclapi2.bangbang93.com', port=443): Max retries exceeded with url: /assets/b7/b7f1ab64a5f272240bec3288946a37004d5c7939 (Caused by SSLError(OSError(24, 'Too many open files')))
2025-09-30 21:19:21,077 [WARNING] HTTP协议也失败: HTTPSConnectionPool(host='bmclapi2.bangbang93.com', port=443): Max retries exceeded with url: /assets/2a/2a965d409f4fb92d54d6ede7fc91cc47eea84881 (Caused by SSLError(OSError(24, 'Too many open files')))
2025-09-30 21:19:21,077 [WARNING] 网络连接错误: HTTPSConnectionPool(host='bmclapi2.bangbang93.com', port=443): Max retries exceeded with url: /assets/50/5019e134a4e6cf66528a768006d8ff1be603b36e (Caused by SSLError(OSError(24, 'Too many open files')))
2025-09-30 21:19:21,078 [WARNING] HTTP协议也失败: HTTPSConnectionPool(host='bmclapi2.bangbang93.com', port=443): Max retries exceeded with url: /assets/05/05799cdc3f99e23d8bf3977760dd420c527f5f0f (Caused by SSLError(OSError(24, 'Too many open files')))
2025-09-30 21:19:21,100 [WARNING] 网络连接错误: HTTPSConnectionPool(host='bmclapi2.bangbang93.com', port=443): Max retries exceeded with url: /assets/24/24ccbd8b6748dd0256a5d56afdf98c558fac30ae (Caused by SSLError(OSError(24, 'Too many open files')))
2025-09-30 21:19:20,498 [WARNING] HTTP协议也失败: HTTPSConnectionPool(host='bmclapi2.bangbang93.com', port=443): Max retries exceeded with url: /assets/a2/a2aef9cedac7aab0bbf5b904fc1a900e96b6f29c (Caused by SSLError(OSError(24, 'Too many open files')))
2025-09-30 21:19:21,174 [WARNING] HTTP协议也失败: HTTPSConnectionPool(host='bmclapi2.bangbang93.com', port=443): Max retries exceeded with url: /assets/bf/bf464b90ecde0e24b04576c1bfca7cefb44c6a82 (Caused by SSLError(OSError(24, 'Too many open files')))
2025-09-30 21:19:20,574 [INFO] 尝试使用HTTP协议: http://bmclapi2.bangbang93.com/assets/c3/c32a64f11f71d0aeab17bb772fc2cc500debbd85
2025-09-30 21:19:21,282 [INFO] 尝试使用HTTP协议: http://bmclapi2.bangbang93.com/assets/43/434ab511b752a1cdcc9cbfe46983aa68896f36ea
2025-09-30 21:19:21,338 [WARNING] HTTP协议也失败: HTTPSConnectionPool(host='bmclapi2.bangbang93.com', port=443): Max retries exceeded with url: /assets/26/26c6377cf15714655828cee521dcfbd819b44a3d (Caused by SSLError(OSError(24, 'Too many open files')))
2025-09-30 21:19:21,466 [INFO] 尝试使用HTTP协议: http://bmclapi2.bangbang93.com/assets/e0/e0770d777577c35b55c806473556d8c5b967c836
2025-09-30 21:19:21,519 [INFO] 尝试使用HTTP协议: http://bmclapi2.bangbang93.com/assets/2e/2ef258042270ceae68c58a9bec9ae0a9ed0b2580
2025-09-30 21:19:21,519 [INFO] 尝试使用HTTP协议: http://bmclapi2.bangbang93.com/assets/15/15bda39719866402b0e854234f6cc4156992b771
2025-09-30 21:19:20,661 [WARNING] 网络连接错误: HTTPSConnectionPool(host='bmclapi2.bangbang93.com', port=443): Max retries exceeded with url: /assets/e5/e5e4ed38f67c0bb78cc20f8e659e6e61e1e5ad6d (Caused by SSLError(OSError(24, 'Too many open files')))
2025-09-30 21:19:21,570 [WARNING] 网络连接错误: HTTPSConnectionPool(host='bmclapi2.bangbang93.com', port=443): Max retries exceeded with url: /assets/e2/e2e48009090014abfdc17e211c71d1213ec5f453 (Caused by SSLError(OSError(24, 'Too many open files')))
2025-09-30 21:19:22,232 [WARNING] 网络连接错误: HTTPSConnectionPool(host='bmclapi2.bangbang93.com', port=443): Max retries exceeded with url: /assets/93/93f7d5c9a9909e8acb58d53f0de85633f1c0d907 (Caused by SSLError(OSError(24, 'Too many open files')))
2025-09-30 21:19:21,641 [INFO] 尝试使用HTTP协议: http://bmclapi2.bangbang93.com/assets/df/df2c45577cbe372ef48e5797e993ac7faee35670
2025-09-30 21:19:21,676 [WARNING] HTTP协议也失败: HTTPSConnectionPool(host='bmclapi2.bangbang93.com', port=443): Max retries exceeded with url: /assets/62/625f3f1551b47f3f331ede66c2453c57584734bf (Caused by SSLError(OSError(24, 'Too many open files')))
2025-09-30 21:19:21,676 [WARNING] 网络连接错误: HTTPSConnectionPool(host='bmclapi2.bangbang93.com', port=443): Max retries exceeded with url: /assets/3d/3da9a539fa3df4e70c6ab3eda39244288d83d3c4 (Caused by SSLError(OSError(24, 'Too many open files')))
2025-09-30 21:19:21,677 [WARNING] 网络连接错误: HTTPSConnectionPool(host='bmclapi2.bangbang93.com', port=443): Max retries exceeded with url: /assets/56/56a035acfe54e2035bb7b4dba68b411f65e74330 (Caused by SSLError(OSError(24, 'Too many open files')))
2025-09-30 21:19:21,725 [INFO] 尝试使用HTTP协议: http://bmclapi2.bangbang93.com/assets/c0/c0b0636758ec85bd68ee8f4f9c7f79cd94daf2d2
2025-09-30 21:19:21,726 [WARNING] 网络连接错误: HTTPSConnectionPool(host='bmclapi2.bangbang93.com', port=443): Max retries exceeded with url: /assets/81/81fb73a754948f5d3f66972eb8404c12caf3d440 (Caused by SSLError(OSError(24, 'Too many open files')))
2025-09-30 21:19:21,739 [WARNING] 网络连接错误: HTTPSConnectionPool(host='bmclapi2.bangbang93.com', port=443): Max retries exceeded with url: /assets/62/62579dcf7b4bee2dfed7b64b94191bc2fee59cf3 (Caused by SSLError(OSError(24, 'Too many open files')))
2025-09-30 21:19:21,740 [INFO] 尝试使用HTTP协议: http://bmclapi2.bangbang93.com/assets/69/6976b32e73a61a4bcaa761e51e4c4723674cf995
2025-09-30 21:19:21,854 [WARNING] 网络连接错误: HTTPSConnectionPool(host='bmclapi2.bangbang93.com', port=443): Max retries exceeded with url: /assets/4a/4a005d06d7684a38172f6cc763470e28b511c012 (Caused by SSLError(OSError(24, 'Too many open files')))
2025-09-30 21:19:21,855 [WARNING] HTTP协议也失败: HTTPSConnectionPool(host='bmclapi2.bangbang93.com', port=443): Max retries exceeded with url: /assets/a0/a0ab21bec256a988a65a19b7f96e24405c0b3581 (Caused by SSLError(OSError(24, 'Too many open files')))
2025-09-30 21:19:21,952 [INFO] 尝试使用HTTP协议: http://bmclapi2.bangbang93.com/assets/b7/b7f1ab64a5f272240bec3288946a37004d5c7939
2025-09-30 21:19:21,974 [INFO] 尝试使用HTTP协议: http://bmclapi2.bangbang93.com/assets/87/874a85ad778aabf2595544b07da0197b49f24dd4
2025-09-30 21:19:21,976 [WARNING] 网络连接错误: HTTPSConnectionPool(host='bmclapi2.bangbang93.com', port=443): Max retries exceeded with url: /assets/86/86e50969063621cfdf9388d207cc20e83195e763 (Caused by SSLError(OSError(24, 'Too many open files')))
2025-09-30 21:19:21,187 [WARNING] 网络连接错误: HTTPSConnectionPool(host='bmclapi2.bangbang93.com', port=443): Max retries exceeded with url: /assets/a4/a4900087f0e8818c159758f7a4bf8b9ceef52e47 (Caused by SSLError(OSError(24, 'Too many open files')))
2025-09-30 21:19:22,086 [WARNING] 网络连接错误: HTTPSConnectionPool(host='bmclapi2.bangbang93.com', port=443): Max retries exceeded with url: /assets/5f/5f767c63a81e6579862c377a137e977d18768fc0 (Caused by SSLError(OSError(24, 'Too many open files')))
2025-09-30 21:19:22,109 [INFO] 尝试使用HTTP协议: http://bmclapi2.bangbang93.com/assets/00/00c9fa8115347fb0220aaf72a8d7d921f5354112
2025-09-30 21:19:22,133 [INFO] 尝试使用HTTP协议: http://bmclapi2.bangbang93.com/assets/33/33647d137efa18aa065d2dbbc81f32a173ec08bd
2025-09-30 21:19:22,133 [WARNING] 网络连接错误: HTTPSConnectionPool(host='bmclapi2.bangbang93.com', port=443): Max retries exceeded with url: /assets/a7/a76ef9378fc732b6df8902a9e1f1bc2ec6ce7fd0 (Caused by SSLError(OSError(24, 'Too many open files')))
2025-09-30 21:19:22,137 [WARNING] HTTP协议也失败: HTTPSConnectionPool(host='bmclapi2.bangbang93.com', port=443): Max retries exceeded with url: /assets/5f/5f6a9b392a748138022f70c847a15b8efd764f05 (Caused by SSLError(OSError(24, 'Too many open files')))
2025-09-30 21:19:21,466 [WARNING] 网络连接错误: HTTPSConnectionPool(host='bmclapi2.bangbang93.com', port=443): Max retries exceeded with url: /assets/98/9842441d4294733494cbf89eaba1c3ee65f99ddf (Caused by SSLError(OSError(24, 'Too many open files')))
2025-09-30 21:19:22,138 [WARNING] 网络连接错误: HTTPSConnectionPool(host='bmclapi2.bangbang93.com', port=443): Max retries exceeded with url: /assets/8a/8a3e53e060d2afd15c634bcdfdf6368e5d67cfb3 (Caused by SSLError(OSError(24, 'Too many open files')))
2025-09-30 21:19:21,521 [INFO] 尝试使用HTTP协议: http://bmclapi2.bangbang93.com/assets/52/52c0482e727a9370374d59d8c6756d4cc828ac39
2025-09-30 21:19:22,211 [WARNING] 网络连接错误: HTTPSConnectionPool(host='bmclapi2.bangbang93.com', port=443): Max retries exceeded with url: /assets/61/6194784cddbd9eeba04602d62e9f8b48f209ada4 (Caused by SSLError(OSError(24, 'Too many open files')))
2025-09-30 21:19:22,229 [WARNING] HTTP协议也失败: HTTPSConnectionPool(host='bmclapi2.bangbang93.com', port=443): Max retries exceeded with url: /assets/93/93f2599a7a9b569e4d72eb69f14f99dd6c0b0e44 (Caused by SSLError(OSError(24, 'Too many open files')))
2025-09-30 21:19:22,230 [WARNING] HTTP协议也失败: HTTPSConnectionPool(host='bmclapi2.bangbang93.com', port=443): Max retries exceeded with url: /assets/da/da8e4532532e6533872b4f5067a55648fc4a3bb1 (Caused by SSLError(OSError(24, 'Too many open files')))
2025-09-30 21:19:22,231 [WARNING] 网络连接错误: HTTPSConnectionPool(host='bmclapi2.bangbang93.com', port=443): Max retries exceeded with url: /assets/71/71103b592ecb37e3b27ca3bd585fb06bfecc893f (Caused by SSLError(OSError(24, 'Too many open files')))
2025-09-30 21:19:21,617 [INFO] 尝试使用HTTP协议: http://bmclapi2.bangbang93.com/assets/80/80dab32f80954b698748892ef84dda69b6fdd5ee
2025-09-30 21:19:22,233 [INFO] 尝试使用HTTP协议: http://bmclapi2.bangbang93.com/assets/e8/e877830582b6104352e90b35267dd91cffc8bc4e
2025-09-30 21:19:22,234 [INFO] 尝试使用HTTP协议: http://bmclapi2.bangbang93.com/assets/e2/e2e48009090014abfdc17e211c71d1213ec5f453
2025-09-30 21:19:22,260 [WARNING] 网络连接错误: HTTPSConnectionPool(host='bmclapi2.bangbang93.com', port=443): Max retries exceeded with url: /assets/86/867043461e73df31076e74a8b9247fdffd30e6a1 (Caused by SSLError(OSError(24, 'Too many open files')))
2025-09-30 21:19:22,277 [INFO] 尝试使用HTTP协议: http://bmclapi2.bangbang93.com/assets/80/80e109cad5a1c3556d3e7fa05023d3a5caa06a3a
2025-09-30 21:19:22,277 [WARNING] HTTP协议也失败: HTTPSConnectionPool(host='bmclapi2.bangbang93.com', port=443): Max retries exceeded with url: /assets/43/436c6cf3c17743553c604000f6085fc89f6e9673 (Caused by SSLError(OSError(24, 'Too many open files')))
2025-09-30 21:19:21,800 [INFO] 尝试使用HTTP协议: http://bmclapi2.bangbang93.com/assets/5b/5b78e2daaa4bcfb7bb2158859e73f6853c0a5286
2025-09-30 21:19:22,296 [INFO] 尝试使用HTTP协议: http://bmclapi2.bangbang93.com/assets/67/671b2fd5ff27883e9f4122b85a935774aadf0563
2025-09-30 21:19:21,855 [WARNING] 网络连接错误: HTTPSConnectionPool(host='bmclapi2.bangbang93.com', port=443): Max retries exceeded with url: /assets/26/26cd0eda5615a02f1954de91dbf03d30670c031a (Caused by SSLError(OSError(24, 'Too many open files')))
2025-09-30 21:19:22,539 [INFO] 尝试使用HTTP协议: http://bmclapi2.bangbang93.com/assets/4a/4a005d06d7684a38172f6cc763470e28b511c012
2025-09-30 21:19:22,603 [INFO] 尝试使用HTTP协议: http://bmclapi2.bangbang93.com/assets/32/325b3145152437b6367e5a7644a4dcf7dc5851a0
2025-09-30 21:19:22,703 [INFO] 尝试使用HTTP协议: http://bmclapi2.bangbang93.com/assets/50/5019e134a4e6cf66528a768006d8ff1be603b36e
2025-09-30 21:19:22,762 [WARNING] 网络连接错误: HTTPSConnectionPool(host='bmclapi2.bangbang93.com', port=443): Max retries exceeded with url: /assets/e6/e615f5e9baf928e00115d84c7f287b1b1e8ed8d0 (Caused by SSLError(OSError(24, 'Too many open files')))
2025-09-30 21:19:22,816 [INFO] 尝试使用HTTP协议: http://bmclapi2.bangbang93.com/assets/24/24ccbd8b6748dd0256a5d56afdf98c558fac30ae
2025-09-30 21:19:22,824 [WARNING] 网络连接错误: HTTPSConnectionPool(host='bmclapi2.bangbang93.com', port=443): Max retries exceeded with url: /assets/22/22bb473aaf36574555ca6e38bd69c0ec490dc903 (Caused by SSLError(OSError(24, 'Too many open files')))
2025-09-30 21:19:22,844 [WARNING] 网络连接错误: HTTPSConnectionPool(host='bmclapi2.bangbang93.com', port=443): Max retries exceeded with url: /assets/c0/c03ad485adf7987ea2be20207be558e23d904a62 (Caused by SSLError(OSError(24, 'Too many open files')))
2025-09-30 21:19:22,845 [WARNING] 网络连接错误: HTTPSConnectionPool(host='bmclapi2.bangbang93.com', port=443): Max retries exceeded with url: /assets/0d/0deea905080ffcd7b60b132028c04847f9d8d684 (Caused by SSLError(OSError(24, 'Too many open files')))
2025-09-30 21:19:23,770 [WARNING] 网络连接错误: HTTPSConnectionPool(host='bmclapi2.bangbang93.com', port=443): Max retries exceeded with url: /assets/91/9115cbd06d5c721950a2a7d16330bbb15805029b (Caused by SSLError(OSError(24, 'Too many open files')))
2025-09-30 21:19:22,879 [INFO] 尝试使用HTTP协议: http://bmclapi2.bangbang93.com/assets/a4/a4900087f0e8818c159758f7a4bf8b9ceef52e47
2025-09-30 21:19:22,884 [WARNING] 网络连接错误: HTTPSConnectionPool(host='bmclapi2.bangbang93.com', port=443): Max retries exceeded with url: /assets/38/386adb1a2ab6eff86ab241f7376ad501ae7b6b45 (Caused by SSLError(OSError(24, 'Too many open files')))
2025-09-30 21:19:22,923 [WARNING] HTTP协议也失败: HTTPSConnectionPool(host='bmclapi2.bangbang93.com', port=443): Max retries exceeded with url: /assets/2e/2ef258042270ceae68c58a9bec9ae0a9ed0b2580 (Caused by SSLError(OSError(24, 'Too many open files')))
2025-09-30 21:19:22,923 [WARNING] HTTP协议也失败: HTTPSConnectionPool(host='bmclapi2.bangbang93.com', port=443): Max retries exceeded with url: /assets/6b/6bd90c8845ceec0323fcc3d8efd685075aec5969 (Caused by SSLError(OSError(24, 'Too many open files')))
2025-09-30 21:19:22,996 [WARNING] HTTP协议也失败: HTTPSConnectionPool(host='bmclapi2.bangbang93.com', port=443): Max retries exceeded with url: /assets/69/6976b32e73a61a4bcaa761e51e4c4723674cf995 (Caused by SSLError(OSError(24, 'Too many open files')))
2025-09-30 21:19:22,997 [WARNING] 网络连接错误: HTTPSConnectionPool(host='bmclapi2.bangbang93.com', port=443): Max retries exceeded with url: /assets/99/99ce682350c75934e52dafd946476e62c0a4f7f6 (Caused by SSLError(OSError(24, 'Too many open files')))
2025-09-30 21:19:23,028 [WARNING] HTTP协议也失败: HTTPSConnectionPool(host='bmclapi2.bangbang93.com', port=443): Max retries exceeded with url: /assets/20/200b505176e5619306750943b05d455389aeb469 (Caused by SSLError(OSError(24, 'Too many open files')))
2025-09-30 21:19:23,028 [WARNING] HTTP协议也失败: HTTPSConnectionPool(host='bmclapi2.bangbang93.com', port=443): Max retries exceeded with url: /assets/c4/c4355e4f9ce3a48d4a8f89aa56b1921539581cfe (Caused by SSLError(OSError(24, 'Too many open files')))
2025-09-30 21:19:21,616 [WARNING] 网络连接错误: HTTPSConnectionPool(host='bmclapi2.bangbang93.com', port=443): Max retries exceeded with url: /assets/de/de83d75c9c451e0c2a7da9d0b551cf94c371c69f (Caused by SSLError(OSError(24, 'Too many open files')))
2025-09-30 21:19:23,050 [WARNING] 网络连接错误: HTTPSConnectionPool(host='bmclapi2.bangbang93.com', port=443): Max retries exceeded with url: /assets/b9/b9dd3b0531aede1c5887b634fee63609e2305723 (Caused by SSLError(OSError(24, 'Too many open files')))
2025-09-30 21:19:23,122 [INFO] 尝试使用HTTP协议: http://bmclapi2.bangbang93.com/assets/e5/e5e4ed38f67c0bb78cc20f8e659e6e61e1e5ad6d
2025-09-30 21:19:23,148 [INFO] 尝试使用HTTP协议: http://bmclapi2.bangbang93.com/assets/71/71103b592ecb37e3b27ca3bd585fb06bfecc893f
2025-09-30 21:19:23,159 [WARNING] 网络连接错误: HTTPSConnectionPool(host='bmclapi2.bangbang93.com', port=443): Max retries exceeded with url: /assets/d8/d8555cff1012f18bb05199ed5415108994e4400a (Caused by SSLError(OSError(24, 'Too many open files')))
2025-09-30 21:19:23,204 [WARNING] 网络连接错误: HTTPSConnectionPool(host='bmclapi2.bangbang93.com', port=443): Max retries exceeded with url: /assets/de/deb1617c33e693a8d1fff7636efd4f0207347044 (Caused by SSLError(OSError(24, 'Too many open files')))
2025-09-30 21:19:23,239 [INFO] 尝试使用HTTP协议: http://bmclapi2.bangbang93.com/assets/3d/3da9a539fa3df4e70c6ab3eda39244288d83d3c4
2025-09-30 21:19:23,242 [INFO] 尝试使用HTTP协议: http://bmclapi2.bangbang93.com/assets/86/867043461e73df31076e74a8b9247fdffd30e6a1
2025-09-30 21:19:22,506 [INFO] 尝试使用HTTP协议: http://bmclapi2.bangbang93.com/assets/e9/e93141eb71a23f06da35970d5e8a987ae6314cea
2025-09-30 21:19:23,483 [INFO] 尝试使用HTTP协议: http://bmclapi2.bangbang93.com/assets/62/62579dcf7b4bee2dfed7b64b94191bc2fee59cf3
2025-09-30 21:19:23,538 [INFO] 尝试使用HTTP协议: http://bmclapi2.bangbang93.com/assets/26/26cd0eda5615a02f1954de91dbf03d30670c031a
2025-09-30 21:19:23,540 [WARNING] HTTP协议也失败: HTTPSConnectionPool(host='bmclapi2.bangbang93.com', port=443): Max retries exceeded with url: /assets/1c/1cd43ebe3962280b0002d595f08c043afc36662b (Caused by SSLError(OSError(24, 'Too many open files')))
2025-09-30 21:19:23,548 [WARNING] 网络连接错误: HTTPSConnectionPool(host='bmclapi2.bangbang93.com', port=443): Max retries exceeded with url: /assets/b0/b035a580ce1ce76437612edc529ef31c569be4f3 (Caused by SSLError(OSError(24, 'Too many open files')))
2025-09-30 21:19:23,548 [WARNING] 网络连接错误: HTTPSConnectionPool(host='bmclapi2.bangbang93.com', port=443): Max retries exceeded with url: /assets/29/29a83045889f2b6c507271c41a26bd7dd6ce4b08 (Caused by SSLError(OSError(24, 'Too many open files')))
2025-09-30 21:19:22,816 [WARNING] 网络连接错误: HTTPSConnectionPool(host='bmclapi2.bangbang93.com', port=443): Max retries exceeded with url: /assets/d1/d1a0dd0eac2d8d81355849289c2cf0a434d3d246 (Caused by SSLError(OSError(24, 'Too many open files')))
2025-09-30 21:19:23,645 [WARNING] HTTP协议也失败: HTTPSConnectionPool(host='bmclapi2.bangbang93.com', port=443): Max retries exceeded with url: /assets/00/00c9fa8115347fb0220aaf72a8d7d921f5354112 (Caused by SSLError(OSError(24, 'Too many open files')))
2025-09-30 21:19:23,739 [WARNING] 网络连接错误: HTTPSConnectionPool(host='bmclapi2.bangbang93.com', port=443): Max retries exceeded with url: /assets/9e/9ecaba4f3d4ba3ca5eed76a95abd1b232d7ec007 (Caused by SSLError(OSError(24, 'Too many open files')))
2025-09-30 21:19:23,752 [WARNING] HTTP协议也失败: HTTPSConnectionPool(host='bmclapi2.bangbang93.com', port=443): Max retries exceeded with url: /assets/43/434ab511b752a1cdcc9cbfe46983aa68896f36ea (Caused by SSLError(OSError(24, 'Too many open files')))
2025-09-30 21:19:23,768 [INFO] 尝试使用HTTP协议: http://bmclapi2.bangbang93.com/assets/86/86e50969063621cfdf9388d207cc20e83195e763
2025-09-30 21:19:22,116 [WARNING] 网络连接错误: HTTPSConnectionPool(host='bmclapi2.bangbang93.com', port=443): Max retries exceeded with url: /assets/95/95a4c1e7dc57e1d8fb1dec2349d7474968ecce30 (Caused by SSLError(OSError(24, 'Too many open files')))
2025-09-30 21:19:22,872 [WARNING] 网络连接错误: HTTPSConnectionPool(host='bmclapi2.bangbang93.com', port=443): Max retries exceeded with url: /assets/0f/0fdf31adb7ab2d0af6e14ff615cfed27e6c95dd2 (Caused by SSLError(OSError(24, 'Too many open files')))
2025-09-30 21:19:22,879 [WARNING] 网络连接错误: HTTPSConnectionPool(host='bmclapi2.bangbang93.com', port=443): Max retries exceeded with url: /assets/ea/eaf429a19fa56728ff8ce2fd312fd6c5a70d2af3 (Caused by SSLError(OSError(24, 'Too many open files')))
2025-09-30 21:19:23,857 [INFO] 尝试使用HTTP协议: http://bmclapi2.bangbang93.com/assets/22/22bb473aaf36574555ca6e38bd69c0ec490dc903
2025-09-30 21:19:23,858 [INFO] 尝试使用HTTP协议: http://bmclapi2.bangbang93.com/assets/0d/0deea905080ffcd7b60b132028c04847f9d8d684
2025-09-30 21:19:23,900 [INFO] 尝试使用HTTP协议: http://bmclapi2.bangbang93.com/assets/91/9115cbd06d5c721950a2a7d16330bbb15805029b
2025-09-30 21:19:23,907 [WARNING] HTTP协议也失败: HTTPSConnectionPool(host='bmclapi2.bangbang93.com', port=443): Max retries exceeded with url: /assets/e0/e0770d777577c35b55c806473556d8c5b967c836 (Caused by SSLError(OSError(24, 'Too many open files')))
2025-09-30 21:19:23,907 [INFO] 尝试使用HTTP协议: http://bmclapi2.bangbang93.com/assets/a7/a76ef9378fc732b6df8902a9e1f1bc2ec6ce7fd0
2025-09-30 21:19:23,911 [INFO] 尝试使用HTTP协议: http://bmclapi2.bangbang93.com/assets/8a/8a3e53e060d2afd15c634bcdfdf6368e5d67cfb3
2025-09-30 21:19:23,911 [WARNING] HTTP协议也失败: HTTPSConnectionPool(host='bmclapi2.bangbang93.com', port=443): Max retries exceeded with url: /assets/80/80dab32f80954b698748892ef84dda69b6fdd5ee (Caused by SSLError(OSError(24, 'Too many open files')))
2025-09-30 21:19:23,922 [INFO] 尝试使用HTTP协议: http://bmclapi2.bangbang93.com/assets/98/9842441d4294733494cbf89eaba1c3ee65f99ddf
2025-09-30 21:19:23,925 [WARNING] HTTP协议也失败: HTTPSConnectionPool(host='bmclapi2.bangbang93.com', port=443): Max retries exceeded with url: /assets/c0/c0b0636758ec85bd68ee8f4f9c7f79cd94daf2d2 (Caused by SSLError(OSError(24, 'Too many open files')))
2025-09-30 21:19:23,925 [WARNING] HTTP协议也失败: HTTPSConnectionPool(host='bmclapi2.bangbang93.com', port=443): Max retries exceeded with url: /assets/15/15bda39719866402b0e854234f6cc4156992b771 (Caused by SSLError(OSError(24, 'Too many open files')))
2025-09-30 21:19:24,034 [WARNING] 网络连接错误: HTTPSConnectionPool(host='bmclapi2.bangbang93.com', port=443): Max retries exceeded with url: /assets/37/37a5c502483e043360f15d438a4bdfa0fe1fd6ab (Caused by SSLError(OSError(24, 'Too many open files')))
2025-09-30 21:19:24,118 [INFO] 尝试使用HTTP协议: http://bmclapi2.bangbang93.com/assets/61/6194784cddbd9eeba04602d62e9f8b48f209ada4
2025-09-30 21:19:24,166 [INFO] 尝试使用HTTP协议: http://bmclapi2.bangbang93.com/assets/93/93f7d5c9a9909e8acb58d53f0de85633f1c0d907
2025-09-30 21:19:23,205 [WARNING] HTTP协议也失败: HTTPSConnectionPool(host='bmclapi2.bangbang93.com', port=443): Max retries exceeded with url: /assets/89/897453dc748e920a4482204c50374847872152af (Caused by SSLError(OSError(24, 'Too many open files')))
2025-09-30 21:19:24,196 [INFO] 尝试使用HTTP协议: http://bmclapi2.bangbang93.com/assets/de/deb1617c33e693a8d1fff7636efd4f0207347044
2025-09-30 21:19:23,387 [INFO] 尝试使用HTTP协议: http://bmclapi2.bangbang93.com/assets/56/56a035acfe54e2035bb7b4dba68b411f65e74330
2025-09-30 21:19:24,402 [WARNING] 网络连接错误: HTTPSConnectionPool(host='bmclapi2.bangbang93.com', port=443): Max retries exceeded with url: /assets/3a/3a032babadb2e384f1412f6ac05a69e0bd0736b6 (Caused by SSLError(OSError(24, 'Too many open files')))
2025-09-30 21:19:24,420 [INFO] 尝试使用HTTP协议: http://bmclapi2.bangbang93.com/assets/81/81fb73a754948f5d3f66972eb8404c12caf3d440
2025-09-30 21:19:24,455 [WARNING] HTTP协议也失败: HTTPSConnectionPool(host='bmclapi2.bangbang93.com', port=443): Max retries exceeded with url: /assets/87/874a85ad778aabf2595544b07da0197b49f24dd4 (Caused by SSLError(OSError(24, 'Too many open files')))
2025-09-30 21:19:24,528 [WARNING] 网络连接错误: HTTPSConnectionPool(host='bmclapi2.bangbang93.com', port=443): Max retries exceeded with url: /assets/36/364ffa7952f56038bc4274415b25d2e4f3221923 (Caused by SSLError(OSError(24, 'Too many open files')))
2025-09-30 21:19:24,534 [WARNING] 网络连接错误: HTTPSConnectionPool(host='bmclapi2.bangbang93.com', port=443): Max retries exceeded with url: /assets/0f/0f5fc0e0261ddd24976021166ebdc5d50096e981 (Caused by SSLError(OSError(24, 'Too many open files')))
2025-09-30 21:19:24,562 [WARNING] HTTP协议也失败: HTTPSConnectionPool(host='bmclapi2.bangbang93.com', port=443): Max retries exceeded with url: /assets/b7/b7f1ab64a5f272240bec3288946a37004d5c7939 (Caused by SSLError(OSError(24, 'Too many open files')))
2025-09-30 21:19:24,570 [WARNING] HTTP协议也失败: HTTPSConnectionPool(host='bmclapi2.bangbang93.com', port=443): Max retries exceeded with url: /assets/c3/c32a64f11f71d0aeab17bb772fc2cc500debbd85 (Caused by SSLError(OSError(24, 'Too many open files')))
2025-09-30 21:19:23,541 [WARNING] 网络连接错误: HTTPSConnectionPool(host='bmclapi2.bangbang93.com', port=443): Max retries exceeded with url: /assets/e9/e9b08dffb873bc920da46c54419d31ad23b41776 (Caused by SSLError(OSError(24, 'Too many open files')))
2025-09-30 21:19:24,571 [WARNING] 网络连接错误: HTTPSConnectionPool(host='bmclapi2.bangbang93.com', port=443): Max retries exceeded with url: /assets/10/10d7d7fa8b468e8538eb93241c4c26beaf5a1541 (Caused by SSLError(OSError(24, 'Too many open files')))
2025-09-30 21:19:24,630 [WARNING] HTTP协议也失败: HTTPSConnectionPool(host='bmclapi2.bangbang93.com', port=443): Max retries exceeded with url: /assets/33/33647d137efa18aa065d2dbbc81f32a173ec08bd (Caused by SSLError(OSError(24, 'Too many open files')))
2025-09-30 21:19:24,635 [WARNING] 网络连接错误: HTTPSConnectionPool(host='bmclapi2.bangbang93.com', port=443): Max retries exceeded with url: /assets/97/9751fe8193532dae7df155f2a17eb45519c231b5 (Caused by SSLError(OSError(24, 'Too many open files')))
2025-09-30 21:19:23,552 [WARNING] 网络连接错误: HTTPSConnectionPool(host='bmclapi2.bangbang93.com', port=443): Max retries exceeded with url: /assets/13/13bba294847b1d20b68a004f62fb8fb8b06c9fa6 (Caused by SSLError(OSError(24, 'Too many open files')))
2025-09-30 21:19:24,702 [INFO] 尝试使用HTTP协议: http://bmclapi2.bangbang93.com/assets/e6/e615f5e9baf928e00115d84c7f287b1b1e8ed8d0
2025-09-30 21:19:24,742 [INFO] 尝试使用HTTP协议: http://bmclapi2.bangbang93.com/assets/29/29a83045889f2b6c507271c41a26bd7dd6ce4b08
2025-09-30 21:19:24,908 [WARNING] HTTP协议也失败: HTTPSConnectionPool(host='bmclapi2.bangbang93.com', port=443): Max retries exceeded with url: /assets/24/24ccbd8b6748dd0256a5d56afdf98c558fac30ae (Caused by SSLError(OSError(24, 'Too many open files')))
2025-09-30 21:19:24,912 [WARNING] 网络连接错误: HTTPSConnectionPool(host='bmclapi2.bangbang93.com', port=443): Max retries exceeded with url: /assets/df/df4143127a1beddf60415877b39b35cd82bbc47e (Caused by SSLError(OSError(24, 'Too many open files')))
2025-09-30 21:19:25,082 [INFO] 尝试使用HTTP协议: http://bmclapi2.bangbang93.com/assets/5f/5f767c63a81e6579862c377a137e977d18768fc0
2025-09-30 21:19:25,085 [WARNING] HTTP协议也失败: HTTPSConnectionPool(host='bmclapi2.bangbang93.com', port=443): Max retries exceeded with url: /assets/e5/e5e4ed38f67c0bb78cc20f8e659e6e61e1e5ad6d (Caused by SSLError(OSError(24, 'Too many open files')))
2025-09-30 21:19:25,104 [WARNING] 网络连接错误: HTTPSConnectionPool(host='bmclapi2.bangbang93.com', port=443): Max retries exceeded with url: /assets/19/199755acda9ff8e68311691f71002dbc8c8a68e9 (Caused by SSLError(OSError(24, 'Too many open files')))
2025-09-30 21:19:25,111 [WARNING] 网络连接错误: HTTPSConnectionPool(host='bmclapi2.bangbang93.com', port=443): Max retries exceeded with url: /assets/ee/eeb1a037f3011c6c5b42cdcf34ae5a9cc4fa137f (Caused by SSLError(OSError(24, 'Too many open files')))
2025-09-30 21:19:25,112 [WARNING] HTTP协议也失败: HTTPSConnectionPool(host='bmclapi2.bangbang93.com', port=443): Max retries exceeded with url: /assets/52/52c0482e727a9370374d59d8c6756d4cc828ac39 (Caused by SSLError(OSError(24, 'Too many open files')))
2025-09-30 21:19:25,168 [WARNING] 网络连接错误: HTTPSConnectionPool(host='bmclapi2.bangbang93.com', port=443): Max retries exceeded with url: /assets/76/7678f24f572b9abbcfa3fcdc3f647e70b2139c4c (Caused by SSLError(OSError(24, 'Too many open files')))
2025-09-30 21:19:23,833 [WARNING] 网络连接错误: HTTPSConnectionPool(host='bmclapi2.bangbang93.com', port=443): Max retries exceeded with url: /assets/89/89ebe341a4c20bcdb643d6284a68080a0dbf3387 (Caused by SSLError(OSError(24, 'Too many open files')))
2025-09-30 21:19:25,263 [INFO] 尝试使用HTTP协议: http://bmclapi2.bangbang93.com/assets/0f/0fdf31adb7ab2d0af6e14ff615cfed27e6c95dd2
2025-09-30 21:19:25,292 [WARNING] 网络连接错误: HTTPSConnectionPool(host='bmclapi2.bangbang93.com', port=443): Max retries exceeded with url: /assets/55/559a02997de3175804810d3f29d567ae7d6b25dc (Caused by SSLError(OSError(24, 'Too many open files')))
2025-09-30 21:19:23,907 [WARNING] HTTP协议也失败: HTTPSConnectionPool(host='bmclapi2.bangbang93.com', port=443): Max retries exceeded with url: /assets/df/df2c45577cbe372ef48e5797e993ac7faee35670 (Caused by SSLError(OSError(24, 'Too many open files')))
2025-09-30 21:19:25,294 [INFO] 尝试使用HTTP协议: http://bmclapi2.bangbang93.com/assets/38/386adb1a2ab6eff86ab241f7376ad501ae7b6b45
2025-09-30 21:19:25,355 [WARNING] HTTP协议也失败: HTTPSConnectionPool(host='bmclapi2.bangbang93.com', port=443): Max retries exceeded with url: /assets/e9/e93141eb71a23f06da35970d5e8a987ae6314cea (Caused by SSLError(OSError(24, 'Too many open files')))
2025-09-30 21:19:23,913 [WARNING] 网络连接错误: HTTPSConnectionPool(host='bmclapi2.bangbang93.com', port=443): Max retries exceeded with url: /assets/3f/3fc061f2b8a93cd854764e6bae2007d4680a45ed (Caused by SSLError(OSError(24, 'Too many open files')))
2025-09-30 21:19:25,550 [INFO] 尝试使用HTTP协议: http://bmclapi2.bangbang93.com/assets/99/99ce682350c75934e52dafd946476e62c0a4f7f6
2025-09-30 21:19:25,559 [WARNING] HTTP协议也失败: HTTPSConnectionPool(host='bmclapi2.bangbang93.com', port=443): Max retries exceeded with url: /assets/86/867043461e73df31076e74a8b9247fdffd30e6a1 (Caused by SSLError(OSError(24, 'Too many open files')))
2025-09-30 21:19:25,569 [WARNING] HTTP协议也失败: HTTPSConnectionPool(host='bmclapi2.bangbang93.com', port=443): Max retries exceeded with url: /assets/5b/5b78e2daaa4bcfb7bb2158859e73f6853c0a5286 (Caused by SSLError(OSError(24, 'Too many open files')))
2025-09-30 21:19:25,577 [WARNING] 网络连接错误: HTTPSConnectionPool(host='bmclapi2.bangbang93.com', port=443): Max retries exceeded with url: /assets/28/2891cb85fbd8a90ed03889d0d17c640f518b42f7 (Caused by SSLError(OSError(24, 'Too many open files')))
2025-09-30 21:19:25,631 [WARNING] HTTP协议也失败: HTTPSConnectionPool(host='bmclapi2.bangbang93.com', port=443): Max retries exceeded with url: /assets/67/671b2fd5ff27883e9f4122b85a935774aadf0563 (Caused by SSLError(OSError(24, 'Too many open files')))
2025-09-30 21:19:24,121 [WARNING] 网络连接错误: HTTPSConnectionPool(host='bmclapi2.bangbang93.com', port=443): Max retries exceeded with url: /assets/b2/b2d9789533a44a16a09fdf9c4a74a5a0696342cd (Caused by SSLError(OSError(24, 'Too many open files')))
2025-09-30 21:19:25,690 [WARNING] HTTP协议也失败: HTTPSConnectionPool(host='bmclapi2.bangbang93.com', port=443): Max retries exceeded with url: /assets/50/5019e134a4e6cf66528a768006d8ff1be603b36e (Caused by SSLError(OSError(24, 'Too many open files')))
2025-09-30 21:19:25,690 [WARNING] HTTP协议也失败: HTTPSConnectionPool(host='bmclapi2.bangbang93.com', port=443): Max retries exceeded with url: /assets/26/26cd0eda5615a02f1954de91dbf03d30670c031a (Caused by SSLError(OSError(24, 'Too many open files')))
2025-09-30 21:19:25,728 [WARNING] 网络连接错误: HTTPSConnectionPool(host='bmclapi2.bangbang93.com', port=443): Max retries exceeded with url: /assets/f1/f1b983140ad6a27be16a1f7079eef2f6942a1b73 (Caused by SSLError(OSError(24, 'Too many open files')))
2025-09-30 21:19:25,732 [WARNING] 网络连接错误: HTTPSConnectionPool(host='bmclapi2.bangbang93.com', port=443): Max retries exceeded with url: /assets/9e/9ea0b90c978fa1fd42b432ef9ac7e90ae78be65f (Caused by SSLError(OSError(24, 'Too many open files')))
2025-09-30 21:19:25,732 [INFO] 尝试使用HTTP协议: http://bmclapi2.bangbang93.com/assets/37/37a5c502483e043360f15d438a4bdfa0fe1fd6ab
2025-09-30 21:19:25,734 [WARNING] HTTP协议也失败: HTTPSConnectionPool(host='bmclapi2.bangbang93.com', port=443): Max retries exceeded with url: /assets/32/325b3145152437b6367e5a7644a4dcf7dc5851a0 (Caused by SSLError(OSError(24, 'Too many open files')))
2025-09-30 21:19:25,734 [INFO] 尝试使用HTTP协议: http://bmclapi2.bangbang93.com/assets/b9/b9dd3b0531aede1c5887b634fee63609e2305723
2025-09-30 21:19:25,734 [WARNING] 网络连接错误: HTTPSConnectionPool(host='bmclapi2.bangbang93.com', port=443): Max retries exceeded with url: /assets/dd/dd88cb17c10e4e6db9f6176b55ac9a95a36e958c (Caused by SSLError(OSError(24, 'Too many open files')))
2025-09-30 21:19:25,734 [WARNING] 网络连接错误: HTTPSConnectionPool(host='bmclapi2.bangbang93.com', port=443): Max retries exceeded with url: /assets/e8/e8a9a8c6c37f23e844a88ebcb7d8a39deb9d99e0 (Caused by SSLError(OSError(24, 'Too many open files')))
2025-09-30 21:19:25,734 [WARNING] 网络连接错误: HTTPSConnectionPool(host='bmclapi2.bangbang93.com', port=443): Max retries exceeded with url: /assets/e0/e0bede88edb12879b3e34743f81ca5af1634c4c6 (Caused by SSLError(OSError(24, 'Too many open files')))
2025-09-30 21:19:25,751 [WARNING] 网络连接错误: HTTPSConnectionPool(host='bmclapi2.bangbang93.com', port=443): Max retries exceeded with url: /assets/2f/2f5568d492a49c0bc36a9d2711f4bd87977f88c0 (Caused by SSLError(OSError(24, 'Too many open files')))
2025-09-30 21:19:25,785 [WARNING] 网络连接错误: HTTPSConnectionPool(host='bmclapi2.bangbang93.com', port=443): Max retries exceeded with url: /assets/1c/1c189b5685045def884ef8752006bddbdd7f11fb (Caused by SSLError(OSError(24, 'Too many open files')))
2025-09-30 21:19:24,416 [WARNING] 网络连接错误: HTTPSConnectionPool(host='bmclapi2.bangbang93.com', port=443): Max retries exceeded with url: /assets/71/7100d5be52e1e9c582b46ffb739bc970dca0763b (Caused by SSLError(OSError(24, 'Too many open files')))
2025-09-30 21:19:25,848 [WARNING] 网络连接错误: HTTPSConnectionPool(host='bmclapi2.bangbang93.com', port=443): Max retries exceeded with url: /assets/89/89e0fcbc59d01ef3d0929afbce9db78dfae29a3e (Caused by SSLError(OSError(24, 'Too many open files')))
2025-09-30 21:19:25,884 [WARNING] 网络连接错误: HTTPSConnectionPool(host='bmclapi2.bangbang93.com', port=443): Max retries exceeded with url: /assets/8c/8c584a285e699660942a9ffd16971bfac87bb337 (Caused by SSLError(OSError(24, 'Too many open files')))
2025-09-30 21:19:25,884 [WARNING] HTTP协议也失败: HTTPSConnectionPool(host='bmclapi2.bangbang93.com', port=443): Max retries exceeded with url: /assets/22/22bb473aaf36574555ca6e38bd69c0ec490dc903 (Caused by SSLError(OSError(24, 'Too many open files')))
2025-09-30 21:19:25,884 [INFO] 尝试使用HTTP协议: http://bmclapi2.bangbang93.com/assets/3a/3a032babadb2e384f1412f6ac05a69e0bd0736b6
2025-09-30 21:19:25,885 [WARNING] 网络连接错误: HTTPSConnectionPool(host='bmclapi2.bangbang93.com', port=443): Max retries exceeded with url: /assets/d8/d8f877d754e29839011111e9a016be7c66c14462 (Caused by SSLError(OSError(24, 'Too many open files')))
2025-09-30 21:19:26,004 [INFO] 尝试使用HTTP协议: http://bmclapi2.bangbang93.com/assets/c0/c03ad485adf7987ea2be20207be558e23d904a62
2025-09-30 21:19:26,030 [INFO] 尝试使用HTTP协议: http://bmclapi2.bangbang93.com/assets/d1/d1a0dd0eac2d8d81355849289c2cf0a434d3d246
2025-09-30 21:19:26,044 [INFO] 尝试使用HTTP协议: http://bmclapi2.bangbang93.com/assets/b0/b035a580ce1ce76437612edc529ef31c569be4f3
2025-09-30 21:19:26,287 [WARNING] 网络连接错误: HTTPSConnectionPool(host='bmclapi2.bangbang93.com', port=443): Max retries exceeded with url: /assets/92/92ed5d01731c0ce62f341425909319c7ac894a96 (Caused by SSLError(OSError(24, 'Too many open files')))
2025-09-30 21:19:26,304 [WARNING] 网络连接错误: HTTPSConnectionPool(host='bmclapi2.bangbang93.com', port=443): Max retries exceeded with url: /assets/14/14b3534e2622470a71dbe69474c15e6a233cc1c6 (Caused by SSLError(OSError(24, 'Too many open files')))
2025-09-30 21:19:25,168 [WARNING] HTTP协议也失败: HTTPSConnectionPool(host='bmclapi2.bangbang93.com', port=443): Max retries exceeded with url: /assets/e2/e2e48009090014abfdc17e211c71d1213ec5f453 (Caused by SSLError(OSError(24, 'Too many open files')))
2025-09-30 21:19:26,459 [WARNING] 网络连接错误: HTTPSConnectionPool(host='bmclapi2.bangbang93.com', port=443): Max retries exceeded with url: /assets/da/da8f6ebbc16826ff4ccf4091667f23ac62a7c710 (Caused by SSLError(OSError(24, 'Too many open files')))
2025-09-30 21:19:26,530 [INFO] 尝试使用HTTP协议: http://bmclapi2.bangbang93.com/assets/95/95a4c1e7dc57e1d8fb1dec2349d7474968ecce30
2025-09-30 21:19:25,356 [INFO] 尝试使用HTTP协议: http://bmclapi2.bangbang93.com/assets/ea/eaf429a19fa56728ff8ce2fd312fd6c5a70d2af3
2025-09-30 21:19:26,716 [WARNING] 网络连接错误: HTTPSConnectionPool(host='bmclapi2.bangbang93.com', port=443): Max retries exceeded with url: /assets/84/84d3ea63e3a016c4bab7e5477f3a5fa303c7ed19 (Caused by SSLError(OSError(24, 'Too many open files')))
2025-09-30 21:19:25,552 [WARNING] HTTP协议也失败: HTTPSConnectionPool(host='bmclapi2.bangbang93.com', port=443): Max retries exceeded with url: /assets/80/80e109cad5a1c3556d3e7fa05023d3a5caa06a3a (Caused by SSLError(OSError(24, 'Too many open files')))
2025-09-30 21:19:26,798 [WARNING] 网络连接错误: HTTPSConnectionPool(host='bmclapi2.bangbang93.com', port=443): Max retries exceeded with url: /assets/2b/2bad307a2e2c4880316b7a0946dd0e4c1ed753da (Caused by SSLError(OSError(24, 'Too many open files')))
2025-09-30 21:19:26,819 [WARNING] 网络连接错误: HTTPSConnectionPool(host='bmclapi2.bangbang93.com', port=443): Max retries exceeded with url: /assets/56/5617b344111456e4dbdc079b8bf3c4dfc34d9924 (Caused by SSLError(OSError(24, 'Too many open files')))
2025-09-30 21:19:26,819 [WARNING] 网络连接错误: HTTPSConnectionPool(host='bmclapi2.bangbang93.com', port=443): Max retries exceeded with url: /assets/49/49013f794592d1c3694879a9e883e8612d7a8a0b (Caused by SSLError(OSError(24, 'Too many open files')))
2025-09-30 21:19:26,833 [WARNING] 网络连接错误: HTTPSConnectionPool(host='bmclapi2.bangbang93.com', port=443): Max retries exceeded with url: /assets/2e/2e431342cd6e0de5ed7fd397d733dae07878ce9b (Caused by SSLError(OSError(24, 'Too many open files')))
2025-09-30 21:19:26,891 [WARNING] 网络连接错误: HTTPSConnectionPool(host='bmclapi2.bangbang93.com', port=443): Max retries exceeded with url: /assets/8e/8ed6b6a1a08f56d5aeeb3994bb7f294a9ff342b7 (Caused by SSLError(OSError(24, 'Too many open files')))
2025-09-30 21:19:26,895 [WARNING] HTTP协议也失败: HTTPSConnectionPool(host='bmclapi2.bangbang93.com', port=443): Max retries exceeded with url: /assets/3d/3da9a539fa3df4e70c6ab3eda39244288d83d3c4 (Caused by SSLError(OSError(24, 'Too many open files')))
2025-09-30 21:19:26,954 [WARNING] 网络连接错误: HTTPSConnectionPool(host='bmclapi2.bangbang93.com', port=443): Max retries exceeded with url: /assets/cb/cbe538f075bc65040e6c20188dec7c3cae3017be (Caused by SSLError(OSError(24, 'Too many open files')))
2025-09-30 21:19:27,083 [WARNING] HTTP协议也失败: HTTPSConnectionPool(host='bmclapi2.bangbang93.com', port=443): Max retries exceeded with url: /assets/91/9115cbd06d5c721950a2a7d16330bbb15805029b (Caused by SSLError(OSError(24, 'Too many open files')))
2025-09-30 21:19:27,097 [WARNING] HTTP协议也失败: HTTPSConnectionPool(host='bmclapi2.bangbang93.com', port=443): Max retries exceeded with url: /assets/e8/e877830582b6104352e90b35267dd91cffc8bc4e (Caused by SSLError(OSError(24, 'Too many open files')))
2025-09-30 21:19:25,751 [INFO] 尝试使用HTTP协议: http://bmclapi2.bangbang93.com/assets/d8/d8555cff1012f18bb05199ed5415108994e4400a
2025-09-30 21:19:27,113 [INFO] 尝试使用HTTP协议: http://bmclapi2.bangbang93.com/assets/de/de83d75c9c451e0c2a7da9d0b551cf94c371c69f
2025-09-30 21:19:27,163 [WARNING] 网络连接错误: HTTPSConnectionPool(host='bmclapi2.bangbang93.com', port=443): Max retries exceeded with url: /assets/4f/4f83255b0f8a4d58969aa5bb49a0a4b599875c3e (Caused by SSLError(OSError(24, 'Too many open files')))
2025-09-30 21:19:27,320 [INFO] 尝试使用HTTP协议: http://bmclapi2.bangbang93.com/assets/2f/2f5568d492a49c0bc36a9d2711f4bd87977f88c0
2025-09-30 21:19:27,321 [INFO] 尝试使用HTTP协议: http://bmclapi2.bangbang93.com/assets/e0/e0bede88edb12879b3e34743f81ca5af1634c4c6
2025-09-30 21:19:27,323 [WARNING] HTTP协议也失败: HTTPSConnectionPool(host='bmclapi2.bangbang93.com', port=443): Max retries exceeded with url: /assets/4a/4a005d06d7684a38172f6cc763470e28b511c012 (Caused by SSLError(OSError(24, 'Too many open files')))
2025-09-30 21:19:27,360 [INFO] 尝试使用HTTP协议: http://bmclapi2.bangbang93.com/assets/36/364ffa7952f56038bc4274415b25d2e4f3221923
2025-09-30 21:19:27,361 [WARNING] 网络连接错误: HTTPSConnectionPool(host='bmclapi2.bangbang93.com', port=443): Max retries exceeded with url: /assets/e2/e2678af72ebaa5d6e1d89935d1a540d3120f3593 (Caused by SSLError(OSError(24, 'Too many open files')))
2025-09-30 21:19:27,365 [INFO] 尝试使用HTTP协议: http://bmclapi2.bangbang93.com/assets/0f/0f5fc0e0261ddd24976021166ebdc5d50096e981
2025-09-30 21:19:27,365 [INFO] 尝试使用HTTP协议: http://bmclapi2.bangbang93.com/assets/1c/1c189b5685045def884ef8752006bddbdd7f11fb
2025-09-30 21:19:27,378 [WARNING] 网络连接错误: HTTPSConnectionPool(host='bmclapi2.bangbang93.com', port=443): Max retries exceeded with url: /assets/31/3169821e109e3d5cf94a33d835e19534aded7db1 (Caused by SSLError(OSError(24, 'Too many open files')))
2025-09-30 21:19:27,381 [INFO] 尝试使用HTTP协议: http://bmclapi2.bangbang93.com/assets/e9/e9b08dffb873bc920da46c54419d31ad23b41776
2025-09-30 21:19:27,385 [WARNING] 网络连接错误: HTTPSConnectionPool(host='bmclapi2.bangbang93.com', port=443): Max retries exceeded with url: /assets/ce/ce7827134b654a394f9819ce77a1f3c9e0809070 (Caused by SSLError(OSError(24, 'Too many open files')))
2025-09-30 21:19:27,398 [WARNING] 网络连接错误: HTTPSConnectionPool(host='bmclapi2.bangbang93.com', port=443): Max retries exceeded with url: /assets/ee/eece842840cd93d36ad7a8bc459cf8e431da208f (Caused by SSLError(OSError(24, 'Too many open files')))
2025-09-30 21:19:27,404 [WARNING] 网络连接错误: HTTPSConnectionPool(host='bmclapi2.bangbang93.com', port=443): Max retries exceeded with url: /assets/70/70675b5c54517a6276ab311ee9302d0c331fa73b (Caused by SSLError(OSError(24, 'Too many open files')))
2025-09-30 21:19:27,405 [INFO] 尝试使用HTTP协议: http://bmclapi2.bangbang93.com/assets/13/13bba294847b1d20b68a004f62fb8fb8b06c9fa6
2025-09-30 21:19:27,406 [WARNING] 网络连接错误: HTTPSConnectionPool(host='bmclapi2.bangbang93.com', port=443): Max retries exceeded with url: /assets/6b/6b518182d367db6dd70fb81a204febd48821d4ef (Caused by SSLError(OSError(24, 'Too many open files')))
2025-09-30 21:19:27,406 [WARNING] 网络连接错误: HTTPSConnectionPool(host='bmclapi2.bangbang93.com', port=443): Max retries exceeded with url: /assets/7b/7bab209c06bf6883932c31542ac068548224dbba (Caused by SSLError(OSError(24, 'Too many open files')))
2025-09-30 21:19:27,413 [INFO] 尝试使用HTTP协议: http://bmclapi2.bangbang93.com/assets/df/df4143127a1beddf60415877b39b35cd82bbc47e
2025-09-30 21:19:27,416 [INFO] 尝试使用HTTP协议: http://bmclapi2.bangbang93.com/assets/89/89e0fcbc59d01ef3d0929afbce9db78dfae29a3e
2025-09-30 21:19:25,958 [INFO] 尝试使用HTTP协议: http://bmclapi2.bangbang93.com/assets/9e/9ecaba4f3d4ba3ca5eed76a95abd1b232d7ec007
2025-09-30 21:19:27,582 [WARNING] HTTP协议也失败: HTTPSConnectionPool(host='bmclapi2.bangbang93.com', port=443): Max retries exceeded with url: /assets/a4/a4900087f0e8818c159758f7a4bf8b9ceef52e47 (Caused by SSLError(OSError(24, 'Too many open files')))
2025-09-30 21:19:27,614 [WARNING] HTTP协议也失败: HTTPSConnectionPool(host='bmclapi2.bangbang93.com', port=443): Max retries exceeded with url: /assets/86/86e50969063621cfdf9388d207cc20e83195e763 (Caused by SSLError(OSError(24, 'Too many open files')))
2025-09-30 21:19:27,645 [WARNING] HTTP协议也失败: HTTPSConnectionPool(host='bmclapi2.bangbang93.com', port=443): Max retries exceeded with url: /assets/38/386adb1a2ab6eff86ab241f7376ad501ae7b6b45 (Caused by SSLError(OSError(24, 'Too many open files')))
2025-09-30 21:19:27,683 [WARNING] 网络连接错误: HTTPSConnectionPool(host='bmclapi2.bangbang93.com', port=443): Max retries exceeded with url: /assets/7b/7bbbce598d019c64dd29959b6808bcd0b0e4d62b (Caused by SSLError(OSError(24, 'Too many open files')))
2025-09-30 21:19:27,699 [WARNING] 网络连接错误: HTTPSConnectionPool(host='bmclapi2.bangbang93.com', port=443): Max retries exceeded with url: /assets/85/858b522acda61ab94dc9b52e75974e32b941c809 (Caused by SSLError(OSError(24, 'Too many open files')))
2025-09-30 21:19:27,701 [WARNING] 网络连接错误: HTTPSConnectionPool(host='bmclapi2.bangbang93.com', port=443): Max retries exceeded with url: /assets/c0/c09538dc271842c3662d7c60cf9cd28713203b00 (Caused by SSLError(OSError(24, 'Too many open files')))
2025-09-30 21:19:27,742 [INFO] 尝试使用HTTP协议: http://bmclapi2.bangbang93.com/assets/19/199755acda9ff8e68311691f71002dbc8c8a68e9
2025-09-30 21:19:27,742 [WARNING] 网络连接错误: HTTPSConnectionPool(host='bmclapi2.bangbang93.com', port=443): Max retries exceeded with url: /assets/27/279c5eb57f9f8e91661ec69a074ab76c316d7356 (Caused by SSLError(OSError(24, 'Too many open files')))
2025-09-30 21:19:27,797 [WARNING] 网络连接错误: HTTPSConnectionPool(host='bmclapi2.bangbang93.com', port=443): Max retries exceeded with url: /assets/61/6189d20ac2b2f05ef3e7e5485942be88d69307e4 (Caused by SSLError(OSError(24, 'Too many open files')))
2025-09-30 21:19:27,797 [INFO] 尝试使用HTTP协议: http://bmclapi2.bangbang93.com/assets/14/14b3534e2622470a71dbe69474c15e6a233cc1c6
2025-09-30 21:19:28,069 [WARNING] 网络连接错误: HTTPSConnectionPool(host='bmclapi2.bangbang93.com', port=443): Max retries exceeded with url: /assets/b9/b9ddc9980e14d1e32e7302b2ccb7ca03e7d4a624 (Caused by SSLError(OSError(24, 'Too many open files')))
2025-09-30 21:19:28,069 [WARNING] 网络连接错误: HTTPSConnectionPool(host='bmclapi2.bangbang93.com', port=443): Max retries exceeded with url: /assets/c5/c58202838caf73242f039ecbcdafbc10f7bb9111 (Caused by SSLError(OSError(24, 'Too many open files')))
2025-09-30 21:19:28,069 [INFO] 尝试使用HTTP协议: http://bmclapi2.bangbang93.com/assets/76/7678f24f572b9abbcfa3fcdc3f647e70b2139c4c
2025-09-30 21:19:28,090 [WARNING] HTTP协议也失败: HTTPSConnectionPool(host='bmclapi2.bangbang93.com', port=443): Max retries exceeded with url: /assets/56/56a035acfe54e2035bb7b4dba68b411f65e74330 (Caused by SSLError(OSError(24, 'Too many open files')))
2025-09-30 21:19:28,093 [WARNING] HTTP协议也失败: HTTPSConnectionPool(host='bmclapi2.bangbang93.com', port=443): Max retries exceeded with url: /assets/98/9842441d4294733494cbf89eaba1c3ee65f99ddf (Caused by SSLError(OSError(24, 'Too many open files')))
2025-09-30 21:19:28,112 [WARNING] 网络连接错误: HTTPSConnectionPool(host='bmclapi2.bangbang93.com', port=443): Max retries exceeded with url: /assets/cb/cb941a05cbaa57947fcca362a0d638b5d8c1e780 (Caused by SSLError(OSError(24, 'Too many open files')))
2025-09-30 21:19:28,115 [WARNING] 网络连接错误: HTTPSConnectionPool(host='bmclapi2.bangbang93.com', port=443): Max retries exceeded with url: /assets/9e/9ebce2e32ca79b91e5c1d2339d1ccfe159526279 (Caused by SSLError(OSError(24, 'Too many open files')))
2025-09-30 21:19:28,115 [WARNING] HTTP协议也失败: HTTPSConnectionPool(host='bmclapi2.bangbang93.com', port=443): Max retries exceeded with url: /assets/61/6194784cddbd9eeba04602d62e9f8b48f209ada4 (Caused by SSLError(OSError(24, 'Too many open files')))
2025-09-30 21:19:28,148 [WARNING] HTTP协议也失败: HTTPSConnectionPool(host='bmclapi2.bangbang93.com', port=443): Max retries exceeded with url: /assets/a7/a76ef9378fc732b6df8902a9e1f1bc2ec6ce7fd0 (Caused by SSLError(OSError(24, 'Too many open files')))
2025-09-30 21:19:26,659 [WARNING] 网络连接错误: HTTPSConnectionPool(host='bmclapi2.bangbang93.com', port=443): Max retries exceeded with url: /assets/73/73969292d8da9b3fbedcb27e3d0f4eea4ba64227 (Caused by SSLError(OSError(24, 'Too many open files')))
2025-09-30 21:19:26,798 [WARNING] 网络连接错误: HTTPSConnectionPool(host='bmclapi2.bangbang93.com', port=443): Max retries exceeded with url: /assets/fc/fc3c5a15ca3126b41e55b14f6b93b32fae0e6ec4 (Caused by SSLError(OSError(24, 'Too many open files')))
2025-09-30 21:19:28,283 [WARNING] 网络连接错误: HTTPSConnectionPool(host='bmclapi2.bangbang93.com', port=443): Max retries exceeded with url: /assets/18/1843cc603e40b465bc5e5047c74aef8a991f1e69 (Caused by SSLError(OSError(24, 'Too many open files')))
2025-09-30 21:19:26,890 [INFO] 尝试使用HTTP协议: http://bmclapi2.bangbang93.com/assets/3f/3fc061f2b8a93cd854764e6bae2007d4680a45ed
2025-09-30 21:19:28,377 [WARNING] HTTP协议也失败: HTTPSConnectionPool(host='bmclapi2.bangbang93.com', port=443): Max retries exceeded with url: /assets/e6/e615f5e9baf928e00115d84c7f287b1b1e8ed8d0 (Caused by SSLError(OSError(24, 'Too many open files')))
2025-09-30 21:19:28,378 [WARNING] 网络连接错误: HTTPSConnectionPool(host='bmclapi2.bangbang93.com', port=443): Max retries exceeded with url: /assets/e8/e8a4101bf68a3a8d792919e390782c357aef4b94 (Caused by SSLError(OSError(24, 'Too many open files')))
2025-09-30 21:19:28,444 [WARNING] 网络连接错误: HTTPSConnectionPool(host='bmclapi2.bangbang93.com', port=443): Max retries exceeded with url: /assets/f1/f12746a79c34c36a87f0cabe7df1375e3b117743 (Caused by SSLError(OSError(24, 'Too many open files')))
2025-09-30 21:19:26,895 [WARNING] HTTP协议也失败: HTTPSConnectionPool(host='bmclapi2.bangbang93.com', port=443): Max retries exceeded with url: /assets/71/71103b592ecb37e3b27ca3bd585fb06bfecc893f (Caused by SSLError(OSError(24, 'Too many open files')))
2025-09-30 21:19:28,470 [WARNING] 网络连接错误: HTTPSConnectionPool(host='bmclapi2.bangbang93.com', port=443): Max retries exceeded with url: /assets/33/33dcd77a59abcf70fef080015aa4305149a8f6d8 (Caused by SSLError(OSError(24, 'Too many open files')))
2025-09-30 21:19:28,476 [WARNING] HTTP协议也失败: HTTPSConnectionPool(host='bmclapi2.bangbang93.com', port=443): Max retries exceeded with url: /assets/29/29a83045889f2b6c507271c41a26bd7dd6ce4b08 (Caused by SSLError(OSError(24, 'Too many open files')))
2025-09-30 21:19:28,477 [INFO] 尝试使用HTTP协议: http://bmclapi2.bangbang93.com/assets/2e/2e431342cd6e0de5ed7fd397d733dae07878ce9b
2025-09-30 21:19:28,508 [WARNING] HTTP协议也失败: HTTPSConnectionPool(host='bmclapi2.bangbang93.com', port=443): Max retries exceeded with url: /assets/5f/5f767c63a81e6579862c377a137e977d18768fc0 (Caused by SSLError(OSError(24, 'Too many open files')))
2025-09-30 21:19:28,510 [WARNING] HTTP协议也失败: HTTPSConnectionPool(host='bmclapi2.bangbang93.com', port=443): Max retries exceeded with url: /assets/93/93f7d5c9a9909e8acb58d53f0de85633f1c0d907 (Caused by SSLError(OSError(24, 'Too many open files')))
2025-09-30 21:19:28,512 [WARNING] 网络连接错误: HTTPSConnectionPool(host='bmclapi2.bangbang93.com', port=443): Max retries exceeded with url: /assets/fc/fc7e49c67bffc811f02ea9fef1cf893a15317003 (Caused by SSLError(OSError(24, 'Too many open files')))
2025-09-30 21:19:28,513 [WARNING] 网络连接错误: HTTPSConnectionPool(host='bmclapi2.bangbang93.com', port=443): Max retries exceeded with url: /assets/29/296ec244acae70f236c8f1220380976b8fa9e636 (Caused by SSLError(OSError(24, 'Too many open files')))
2025-09-30 21:19:28,549 [INFO] 尝试使用HTTP协议: http://bmclapi2.bangbang93.com/assets/cb/cbe538f075bc65040e6c20188dec7c3cae3017be
2025-09-30 21:19:28,565 [INFO] 尝试使用HTTP协议: http://bmclapi2.bangbang93.com/assets/b2/b2d9789533a44a16a09fdf9c4a74a5a0696342cd
2025-09-30 21:19:28,568 [INFO] 尝试使用HTTP协议: http://bmclapi2.bangbang93.com/assets/28/2891cb85fbd8a90ed03889d0d17c640f518b42f7
2025-09-30 21:19:28,652 [INFO] 尝试使用HTTP协议: http://bmclapi2.bangbang93.com/assets/f1/f1b983140ad6a27be16a1f7079eef2f6942a1b73
2025-09-30 21:19:28,652 [INFO] 尝试使用HTTP协议: http://bmclapi2.bangbang93.com/assets/dd/dd88cb17c10e4e6db9f6176b55ac9a95a36e958c
2025-09-30 21:19:28,653 [WARNING] 网络连接错误: HTTPSConnectionPool(host='bmclapi2.bangbang93.com', port=443): Max retries exceeded with url: /assets/58/58d49f1ee9aee1fb8c455bff3372a5685c0de8fa (Caused by SSLError(OSError(24, 'Too many open files')))
2025-09-30 21:19:28,654 [INFO] 尝试使用HTTP协议: http://bmclapi2.bangbang93.com/assets/9e/9ea0b90c978fa1fd42b432ef9ac7e90ae78be65f
2025-09-30 21:19:28,760 [WARNING] 网络连接错误: HTTPSConnectionPool(host='bmclapi2.bangbang93.com', port=443): Max retries exceeded with url: /assets/9c/9c80b75f314a4da35fe312c4455577526e0098ab (Caused by SSLError(OSError(24, 'Too many open files')))
2025-09-30 21:19:28,762 [WARNING] 网络连接错误: HTTPSConnectionPool(host='bmclapi2.bangbang93.com', port=443): Max retries exceeded with url: /assets/93/932044cf67069d4b7d651e325cbe2e47e3d9a264 (Caused by SSLError(OSError(24, 'Too many open files')))
2025-09-30 21:19:28,764 [WARNING] 网络连接错误: HTTPSConnectionPool(host='bmclapi2.bangbang93.com', port=443): Max retries exceeded with url: /assets/2c/2c2db8e64a159d526c4f0e6928ddc852c923252b (Caused by SSLError(OSError(24, 'Too many open files')))
2025-09-30 21:19:28,765 [WARNING] 网络连接错误: HTTPSConnectionPool(host='bmclapi2.bangbang93.com', port=443): Max retries exceeded with url: /assets/2f/2f5ef01938e2150b020e84704f8f1d1097dc8879 (Caused by SSLError(OSError(24, 'Too many open files')))
2025-09-30 21:19:28,765 [INFO] 尝试使用HTTP协议: http://bmclapi2.bangbang93.com/assets/e8/e8a9a8c6c37f23e844a88ebcb7d8a39deb9d99e0
2025-09-30 21:19:28,765 [INFO] 尝试使用HTTP协议: http://bmclapi2.bangbang93.com/assets/71/7100d5be52e1e9c582b46ffb739bc970dca0763b
2025-09-30 21:19:28,832 [WARNING] 网络连接错误: HTTPSConnectionPool(host='bmclapi2.bangbang93.com', port=443): Max retries exceeded with url: /assets/77/77b0b1385766ddfaf61bf952bf4bc056fb594782 (Caused by SSLError(OSError(24, 'Too many open files')))
2025-09-30 21:19:28,864 [WARNING] HTTP协议也失败: HTTPSConnectionPool(host='bmclapi2.bangbang93.com', port=443): Max retries exceeded with url: /assets/0f/0fdf31adb7ab2d0af6e14ff615cfed27e6c95dd2 (Caused by SSLError(OSError(24, 'Too many open files')))
2025-09-30 21:19:30,286 [WARNING] 网络连接错误: HTTPSConnectionPool(host='bmclapi2.bangbang93.com', port=443): Max retries exceeded with url: /assets/7d/7d53daef2a4fe526f9819c528a18403583511e3c (Caused by SSLError(OSError(24, 'Too many open files')))
2025-09-30 21:19:27,382 [INFO] 尝试使用HTTP协议: http://bmclapi2.bangbang93.com/assets/10/10d7d7fa8b468e8538eb93241c4c26beaf5a1541
2025-09-30 21:19:28,931 [INFO] 尝试使用HTTP协议: http://bmclapi2.bangbang93.com/assets/ce/ce7827134b654a394f9819ce77a1f3c9e0809070
2025-09-30 21:19:28,931 [WARNING] 网络连接错误: HTTPSConnectionPool(host='bmclapi2.bangbang93.com', port=443): Max retries exceeded with url: /assets/b2/b2c137da3b3c4a462af349c2e12eaf54e2c6f86a (Caused by SSLError(OSError(24, 'Too many open files')))
2025-09-30 21:19:28,962 [INFO] 尝试使用HTTP协议: http://bmclapi2.bangbang93.com/assets/8c/8c584a285e699660942a9ffd16971bfac87bb337
2025-09-30 21:19:29,024 [WARNING] 网络连接错误: HTTPSConnectionPool(host='bmclapi2.bangbang93.com', port=443): Max retries exceeded with url: /assets/76/760af46c92f93d599f3429e6f3c49795238ab603 (Caused by SSLError(OSError(24, 'Too many open files')))
2025-09-30 21:19:29,038 [WARNING] 网络连接错误: HTTPSConnectionPool(host='bmclapi2.bangbang93.com', port=443): Max retries exceeded with url: /assets/c2/c22a772466a47677068b27ce20486ce225944ae0 (Caused by SSLError(OSError(24, 'Too many open files')))
2025-09-30 21:19:29,044 [WARNING] 网络连接错误: HTTPSConnectionPool(host='bmclapi2.bangbang93.com', port=443): Max retries exceeded with url: /assets/08/0867899d7b001c677a06b7cf839abe12cdb47ca5 (Caused by SSLError(OSError(24, 'Too many open files')))
2025-09-30 21:19:29,051 [WARNING] 网络连接错误: HTTPSConnectionPool(host='bmclapi2.bangbang93.com', port=443): Max retries exceeded with url: /assets/35/3558e4e13ba3829cc69f1268581e30b962416816 (Caused by SSLError(OSError(24, 'Too many open files')))
2025-09-30 21:19:29,126 [WARNING] HTTP协议也失败: HTTPSConnectionPool(host='bmclapi2.bangbang93.com', port=443): Max retries exceeded with url: /assets/37/37a5c502483e043360f15d438a4bdfa0fe1fd6ab (Caused by SSLError(OSError(24, 'Too many open files')))
2025-09-30 21:19:29,252 [WARNING] 网络连接错误: HTTPSConnectionPool(host='bmclapi2.bangbang93.com', port=443): Max retries exceeded with url: /assets/1e/1e895627247fad9d1d0e168f2a412d657b7685a1 (Caused by SSLError(OSError(24, 'Too many open files')))
2025-09-30 21:19:27,742 [INFO] 尝试使用HTTP协议: http://bmclapi2.bangbang93.com/assets/d8/d8f877d754e29839011111e9a016be7c66c14462
2025-09-30 21:19:29,254 [INFO] 尝试使用HTTP协议: http://bmclapi2.bangbang93.com/assets/92/92ed5d01731c0ce62f341425909319c7ac894a96
2025-09-30 21:19:29,258 [WARNING] 网络连接错误: HTTPSConnectionPool(host='bmclapi2.bangbang93.com', port=443): Max retries exceeded with url: /assets/b2/b221e56eb46371dc460f75e07f550042aa27776c (Caused by SSLError(OSError(24, 'Too many open files')))
2025-09-30 21:19:29,258 [WARNING] HTTP协议也失败: HTTPSConnectionPool(host='bmclapi2.bangbang93.com', port=443): Max retries exceeded with url: /assets/de/deb1617c33e693a8d1fff7636efd4f0207347044 (Caused by SSLError(OSError(24, 'Too many open files')))
2025-09-30 21:19:29,258 [WARNING] HTTP协议也失败: HTTPSConnectionPool(host='bmclapi2.bangbang93.com', port=443): Max retries exceeded with url: /assets/b9/b9dd3b0531aede1c5887b634fee63609e2305723 (Caused by SSLError(OSError(24, 'Too many open files')))
2025-09-30 21:19:29,261 [WARNING] 网络连接错误: HTTPSConnectionPool(host='bmclapi2.bangbang93.com', port=443): Max retries exceeded with url: /assets/84/84c1cb04d76e69d4585e5653524af3111b2b74d4 (Caused by SSLError(OSError(24, 'Too many open files')))
2025-09-30 21:19:29,261 [WARNING] 网络连接错误: HTTPSConnectionPool(host='bmclapi2.bangbang93.com', port=443): Max retries exceeded with url: /assets/2c/2c93c34d755ef0c4831bd8aab06fb2c9cf0e18f0 (Caused by SSLError(OSError(24, 'Too many open files')))
2025-09-30 21:19:29,265 [WARNING] HTTP协议也失败: HTTPSConnectionPool(host='bmclapi2.bangbang93.com', port=443): Max retries exceeded with url: /assets/81/81fb73a754948f5d3f66972eb8404c12caf3d440 (Caused by SSLError(OSError(24, 'Too many open files')))
2025-09-30 21:19:29,265 [WARNING] HTTP协议也失败: HTTPSConnectionPool(host='bmclapi2.bangbang93.com', port=443): Max retries exceeded with url: /assets/d8/d8555cff1012f18bb05199ed5415108994e4400a (Caused by SSLError(OSError(24, 'Too many open files')))
2025-09-30 21:19:29,267 [INFO] 尝试使用HTTP协议: http://bmclapi2.bangbang93.com/assets/ee/eeb1a037f3011c6c5b42cdcf34ae5a9cc4fa137f
2025-09-30 21:19:27,863 [WARNING] HTTP协议也失败: HTTPSConnectionPool(host='bmclapi2.bangbang93.com', port=443): Max retries exceeded with url: /assets/0d/0deea905080ffcd7b60b132028c04847f9d8d684 (Caused by SSLError(OSError(24, 'Too many open files')))
2025-09-30 21:19:29,346 [INFO] 尝试使用HTTP协议: http://bmclapi2.bangbang93.com/assets/89/89ebe341a4c20bcdb643d6284a68080a0dbf3387
2025-09-30 21:19:29,427 [WARNING] 网络连接错误: HTTPSConnectionPool(host='bmclapi2.bangbang93.com', port=443): Max retries exceeded with url: /assets/77/77535e99c08e5d4b7e20bb0f5fe1022a18dfc5e6 (Caused by SSLError(OSError(24, 'Too many open files')))
2025-09-30 21:19:29,427 [WARNING] 网络连接错误: HTTPSConnectionPool(host='bmclapi2.bangbang93.com', port=443): Max retries exceeded with url: /assets/93/93bf9534ab5112b8bf4c0a923f59fd544cda72db (Caused by SSLError(OSError(24, 'Too many open files')))
2025-09-30 21:19:29,533 [WARNING] 网络连接错误: HTTPSConnectionPool(host='bmclapi2.bangbang93.com', port=443): Max retries exceeded with url: /assets/e2/e2269b8b16778ff810fb6202546b233a36d76a92 (Caused by SSLError(OSError(24, 'Too many open files')))
2025-09-30 21:19:29,604 [WARNING] HTTP协议也失败: HTTPSConnectionPool(host='bmclapi2.bangbang93.com', port=443): Max retries exceeded with url: /assets/e9/e9b08dffb873bc920da46c54419d31ad23b41776 (Caused by SSLError(OSError(24, 'Too many open files')))
2025-09-30 21:19:29,610 [WARNING] 网络连接错误: HTTPSConnectionPool(host='bmclapi2.bangbang93.com', port=443): Max retries exceeded with url: /assets/cf/cf661b19b996e717140012df6c03d82e59c5dfc2 (Caused by SSLError(OSError(24, 'Too many open files')))
2025-09-30 21:19:28,117 [INFO] 尝试使用HTTP协议: http://bmclapi2.bangbang93.com/assets/da/da8f6ebbc16826ff4ccf4091667f23ac62a7c710
2025-09-30 21:19:28,284 [INFO] 尝试使用HTTP协议: http://bmclapi2.bangbang93.com/assets/55/559a02997de3175804810d3f29d567ae7d6b25dc
2025-09-30 21:19:29,723 [INFO] 尝试使用HTTP协议: http://bmclapi2.bangbang93.com/assets/73/73969292d8da9b3fbedcb27e3d0f4eea4ba64227
2025-09-30 21:19:29,727 [INFO] 尝试使用HTTP协议: http://bmclapi2.bangbang93.com/assets/18/1843cc603e40b465bc5e5047c74aef8a991f1e69
2025-09-30 21:19:29,786 [INFO] 尝试使用HTTP协议: http://bmclapi2.bangbang93.com/assets/84/84d3ea63e3a016c4bab7e5477f3a5fa303c7ed19
2025-09-30 21:19:29,816 [WARNING] 网络连接错误: HTTPSConnectionPool(host='bmclapi2.bangbang93.com', port=443): Max retries exceeded with url: /assets/2d/2d1c7d18f5878cd82a294ea55bb7b611c5ad5854 (Caused by SSLError(OSError(24, 'Too many open files')))
2025-09-30 21:19:28,471 [INFO] 尝试使用HTTP协议: http://bmclapi2.bangbang93.com/assets/49/49013f794592d1c3694879a9e883e8612d7a8a0b
2025-09-30 21:19:27,082 [WARNING] 网络连接错误: HTTPSConnectionPool(host='bmclapi2.bangbang93.com', port=443): Max retries exceeded with url: /assets/84/8485b20a62a0d364fe713be63df20c8a93181406 (Caused by SSLError(OSError(24, 'Too many open files')))
2025-09-30 21:19:28,509 [WARNING] 网络连接错误: HTTPSConnectionPool(host='bmclapi2.bangbang93.com', port=443): Max retries exceeded with url: /assets/e1/e19b634969f9f5a8e637d60be81488d86d835185 (Caused by SSLError(OSError(24, 'Too many open files')))
2025-09-30 21:19:27,113 [WARNING] HTTP协议也失败: HTTPSConnectionPool(host='bmclapi2.bangbang93.com', port=443): Max retries exceeded with url: /assets/62/62579dcf7b4bee2dfed7b64b94191bc2fee59cf3 (Caused by SSLError(OSError(24, 'Too many open files')))
2025-09-30 21:19:29,899 [WARNING] HTTP协议也失败: HTTPSConnectionPool(host='bmclapi2.bangbang93.com', port=443): Max retries exceeded with url: /assets/d1/d1a0dd0eac2d8d81355849289c2cf0a434d3d246 (Caused by SSLError(OSError(24, 'Too many open files')))
2025-09-30 21:19:29,899 [INFO] 尝试使用HTTP协议: http://bmclapi2.bangbang93.com/assets/8e/8ed6b6a1a08f56d5aeeb3994bb7f294a9ff342b7
2025-09-30 21:19:29,900 [WARNING] HTTP协议也失败: HTTPSConnectionPool(host='bmclapi2.bangbang93.com', port=443): Max retries exceeded with url: /assets/19/199755acda9ff8e68311691f71002dbc8c8a68e9 (Caused by SSLError(OSError(24, 'Too many open files')))
2025-09-30 21:19:29,901 [WARNING] 网络连接错误: HTTPSConnectionPool(host='bmclapi2.bangbang93.com', port=443): Max retries exceeded with url: /assets/24/2409d173c2c19bff5866c74288995db5b38b8c04 (Caused by SSLError(OSError(24, 'Too many open files')))
2025-09-30 21:19:29,901 [INFO] 尝试使用HTTP协议: http://bmclapi2.bangbang93.com/assets/4f/4f83255b0f8a4d58969aa5bb49a0a4b599875c3e
2025-09-30 21:19:28,652 [WARNING] 网络连接错误: HTTPSConnectionPool(host='bmclapi2.bangbang93.com', port=443): Max retries exceeded with url: /assets/8b/8b4ac501a75c7a3f64b2a822b1f099a828ea8297 (Caused by SSLError(OSError(24, 'Too many open files')))
2025-09-30 21:19:29,981 [WARNING] HTTP协议也失败: HTTPSConnectionPool(host='bmclapi2.bangbang93.com', port=443): Max retries exceeded with url: /assets/b0/b035a580ce1ce76437612edc529ef31c569be4f3 (Caused by SSLError(OSError(24, 'Too many open files')))
2025-09-30 21:19:30,031 [WARNING] HTTP协议也失败: HTTPSConnectionPool(host='bmclapi2.bangbang93.com', port=443): Max retries exceeded with url: /assets/14/14b3534e2622470a71dbe69474c15e6a233cc1c6 (Caused by SSLError(OSError(24, 'Too many open files')))
2025-09-30 21:19:30,053 [WARNING] 网络连接错误: HTTPSConnectionPool(host='bmclapi2.bangbang93.com', port=443): Max retries exceeded with url: /assets/c2/c26d0bb38d6891211eac92636de7e1cba146f6bd (Caused by SSLError(OSError(24, 'Too many open files')))
2025-09-30 21:19:30,053 [INFO] 尝试使用HTTP协议: http://bmclapi2.bangbang93.com/assets/33/33dcd77a59abcf70fef080015aa4305149a8f6d8
2025-09-30 21:19:30,132 [WARNING] HTTP协议也失败: HTTPSConnectionPool(host='bmclapi2.bangbang93.com', port=443): Max retries exceeded with url: /assets/c0/c03ad485adf7987ea2be20207be558e23d904a62 (Caused by SSLError(OSError(24, 'Too many open files')))
2025-09-30 21:19:30,138 [WARNING] 网络连接错误: HTTPSConnectionPool(host='bmclapi2.bangbang93.com', port=443): Max retries exceeded with url: /assets/c9/c9a353bcc80f4d8ec924a7c519ccfdc62c538231 (Caused by SSLError(OSError(24, 'Too many open files')))
2025-09-30 21:19:30,186 [WARNING] 网络连接错误: HTTPSConnectionPool(host='bmclapi2.bangbang93.com', port=443): Max retries exceeded with url: /assets/d3/d3b58df9e4e0b0eb3ea0ec97f88594e7e43fc770 (Caused by SSLError(OSError(24, 'Too many open files')))
2025-09-30 21:19:30,204 [WARNING] 网络连接错误: HTTPSConnectionPool(host='bmclapi2.bangbang93.com', port=443): Max retries exceeded with url: /assets/b3/b3c9e67bcaa5889bfdf0889fd09210c381c63376 (Caused by SSLError(OSError(24, 'Too many open files')))
2025-09-30 21:19:28,867 [WARNING] HTTP协议也失败: HTTPSConnectionPool(host='bmclapi2.bangbang93.com', port=443): Max retries exceeded with url: /assets/ea/eaf429a19fa56728ff8ce2fd312fd6c5a70d2af3 (Caused by SSLError(OSError(24, 'Too many open files')))
2025-09-30 21:19:27,398 [INFO] 尝试使用HTTP协议: http://bmclapi2.bangbang93.com/assets/97/9751fe8193532dae7df155f2a17eb45519c231b5
2025-09-30 21:19:30,310 [INFO] 尝试使用HTTP协议: http://bmclapi2.bangbang93.com/assets/e2/e2678af72ebaa5d6e1d89935d1a540d3120f3593
2025-09-30 21:19:30,310 [WARNING] HTTP协议也失败: HTTPSConnectionPool(host='bmclapi2.bangbang93.com', port=443): Max retries exceeded with url: /assets/95/95a4c1e7dc57e1d8fb1dec2349d7474968ecce30 (Caused by SSLError(OSError(24, 'Too many open files')))
2025-09-30 21:19:30,348 [WARNING] 网络连接错误: HTTPSConnectionPool(host='bmclapi2.bangbang93.com', port=443): Max retries exceeded with url: /assets/b1/b1db1090e77c094084f47776189e5bc849c77e12 (Caused by SSLError(OSError(24, 'Too many open files')))
2025-09-30 21:19:30,357 [INFO] 尝试使用HTTP协议: http://bmclapi2.bangbang93.com/assets/ee/eece842840cd93d36ad7a8bc459cf8e431da208f
2025-09-30 21:19:30,361 [INFO] 尝试使用HTTP协议: http://bmclapi2.bangbang93.com/assets/7d/7d53daef2a4fe526f9819c528a18403583511e3c
2025-09-30 21:19:30,361 [INFO] 尝试使用HTTP协议: http://bmclapi2.bangbang93.com/assets/7b/7bab209c06bf6883932c31542ac068548224dbba
2025-09-30 21:19:30,362 [INFO] 尝试使用HTTP协议: http://bmclapi2.bangbang93.com/assets/6b/6b518182d367db6dd70fb81a204febd48821d4ef
2025-09-30 21:19:30,363 [WARNING] 网络连接错误: HTTPSConnectionPool(host='bmclapi2.bangbang93.com', port=443): Max retries exceeded with url: /assets/69/6918498830e94c2a54abd8a0168c5d81bb98e9a9 (Caused by SSLError(OSError(24, 'Too many open files')))
2025-09-30 21:19:30,465 [WARNING] 网络连接错误: HTTPSConnectionPool(host='bmclapi2.bangbang93.com', port=443): Max retries exceeded with url: /assets/35/35b1c5747ba2572775d6e57f6d26a9ec46e75001 (Caused by SSLError(OSError(24, 'Too many open files')))
2025-09-30 21:19:30,469 [INFO] 尝试使用HTTP协议: http://bmclapi2.bangbang93.com/assets/70/70675b5c54517a6276ab311ee9302d0c331fa73b
2025-09-30 21:19:29,044 [WARNING] 网络连接错误: HTTPSConnectionPool(host='bmclapi2.bangbang93.com', port=443): Max retries exceeded with url: /assets/01/01e0a7d49b42e9544735260401c6fc23247f72f7 (Caused by SSLError(OSError(24, 'Too many open files')))
2025-09-30 21:19:30,704 [WARNING] HTTP协议也失败: HTTPSConnectionPool(host='bmclapi2.bangbang93.com', port=443): Max retries exceeded with url: /assets/2f/2f5568d492a49c0bc36a9d2711f4bd87977f88c0 (Caused by SSLError(OSError(24, 'Too many open files')))
2025-09-30 21:19:30,707 [WARNING] 网络连接错误: HTTPSConnectionPool(host='bmclapi2.bangbang93.com', port=443): Max retries exceeded with url: /assets/79/79bbfd39280e2802b2b5718b301c203aad1910c7 (Caused by SSLError(OSError(24, 'Too many open files')))
2025-09-30 21:19:30,767 [INFO] 尝试使用HTTP协议: http://bmclapi2.bangbang93.com/assets/c2/c22a772466a47677068b27ce20486ce225944ae0
2025-09-30 21:19:30,838 [INFO] 尝试使用HTTP协议: http://bmclapi2.bangbang93.com/assets/85/858b522acda61ab94dc9b52e75974e32b941c809
2025-09-30 21:19:30,858 [WARNING] 网络连接错误: HTTPSConnectionPool(host='bmclapi2.bangbang93.com', port=443): Max retries exceeded with url: /assets/40/40e3afa69dacc9eeec0f4e39a02e8c67b70f1e0b (Caused by SSLError(OSError(24, 'Too many open files')))
2025-09-30 21:19:30,858 [INFO] 尝试使用HTTP协议: http://bmclapi2.bangbang93.com/assets/27/279c5eb57f9f8e91661ec69a074ab76c316d7356
2025-09-30 21:19:30,859 [WARNING] HTTP协议也失败: HTTPSConnectionPool(host='bmclapi2.bangbang93.com', port=443): Max retries exceeded with url: /assets/36/364ffa7952f56038bc4274415b25d2e4f3221923 (Caused by SSLError(OSError(24, 'Too many open files')))
2025-09-30 21:19:30,859 [WARNING] 网络连接错误: HTTPSConnectionPool(host='bmclapi2.bangbang93.com', port=443): Max retries exceeded with url: /assets/c1/c15f4576c221d1b81601594fc2d21cdda5b14d0a (Caused by SSLError(OSError(24, 'Too many open files')))
2025-09-30 21:19:30,866 [INFO] 尝试使用HTTP协议: http://bmclapi2.bangbang93.com/assets/7b/7bbbce598d019c64dd29959b6808bcd0b0e4d62b
2025-09-30 21:19:30,906 [INFO] 尝试使用HTTP协议: http://bmclapi2.bangbang93.com/assets/c0/c09538dc271842c3662d7c60cf9cd28713203b00
2025-09-30 21:19:31,025 [WARNING] HTTP协议也失败: HTTPSConnectionPool(host='bmclapi2.bangbang93.com', port=443): Max retries exceeded with url: /assets/e0/e0bede88edb12879b3e34743f81ca5af1634c4c6 (Caused by SSLError(OSError(24, 'Too many open files')))
2025-09-30 21:19:31,028 [WARNING] HTTP协议也失败: HTTPSConnectionPool(host='bmclapi2.bangbang93.com', port=443): Max retries exceeded with url: /assets/b2/b2d9789533a44a16a09fdf9c4a74a5a0696342cd (Caused by SSLError(OSError(24, 'Too many open files')))
2025-09-30 21:19:31,042 [WARNING] 网络连接错误: HTTPSConnectionPool(host='bmclapi2.bangbang93.com', port=443): Max retries exceeded with url: /assets/c0/c05d9ec6189da10f1a353eba44b2dd848e76ae15 (Caused by SSLError(OSError(24, 'Too many open files')))
2025-09-30 21:19:28,169 [WARNING] HTTP协议也失败: HTTPSConnectionPool(host='bmclapi2.bangbang93.com', port=443): Max retries exceeded with url: /assets/8a/8a3e53e060d2afd15c634bcdfdf6368e5d67cfb3 (Caused by SSLError(OSError(24, 'Too many open files')))
2025-09-30 21:19:31,171 [WARNING] 网络连接错误: HTTPSConnectionPool(host='bmclapi2.bangbang93.com', port=443): Max retries exceeded with url: /assets/aa/aa15d9a312e90e9239602341845376ffc9cccab8 (Caused by SSLError(OSError(24, 'Too many open files')))
2025-09-30 21:19:31,221 [INFO] 尝试使用HTTP协议: http://bmclapi2.bangbang93.com/assets/cb/cb941a05cbaa57947fcca362a0d638b5d8c1e780
2025-09-30 21:19:31,222 [INFO] 尝试使用HTTP协议: http://bmclapi2.bangbang93.com/assets/b9/b9ddc9980e14d1e32e7302b2ccb7ca03e7d4a624
2025-09-30 21:19:31,244 [INFO] 尝试使用HTTP协议: http://bmclapi2.bangbang93.com/assets/9e/9ebce2e32ca79b91e5c1d2339d1ccfe159526279
2025-09-30 21:19:31,250 [WARNING] HTTP协议也失败: HTTPSConnectionPool(host='bmclapi2.bangbang93.com', port=443): Max retries exceeded with url: /assets/0f/0f5fc0e0261ddd24976021166ebdc5d50096e981 (Caused by SSLError(OSError(24, 'Too many open files')))
2025-09-30 21:19:31,268 [WARNING] HTTP协议也失败: HTTPSConnectionPool(host='bmclapi2.bangbang93.com', port=443): Max retries exceeded with url: /assets/89/89e0fcbc59d01ef3d0929afbce9db78dfae29a3e (Caused by SSLError(OSError(24, 'Too many open files')))
2025-09-30 21:19:31,270 [INFO] 尝试使用HTTP协议: http://bmclapi2.bangbang93.com/assets/fc/fc3c5a15ca3126b41e55b14f6b93b32fae0e6ec4
2025-09-30 21:19:31,335 [WARNING] 网络连接错误: HTTPSConnectionPool(host='bmclapi2.bangbang93.com', port=443): Max retries exceeded with url: /assets/7c/7c26ac099f78d5f8d147ee6204036c1dc4cde134 (Caused by SSLError(OSError(24, 'Too many open files')))
2025-09-30 21:19:31,337 [WARNING] HTTP协议也失败: HTTPSConnectionPool(host='bmclapi2.bangbang93.com', port=443): Max retries exceeded with url: /assets/13/13bba294847b1d20b68a004f62fb8fb8b06c9fa6 (Caused by SSLError(OSError(24, 'Too many open files')))
2025-09-30 21:19:31,374 [WARNING] HTTP协议也失败: HTTPSConnectionPool(host='bmclapi2.bangbang93.com', port=443): Max retries exceeded with url: /assets/df/df4143127a1beddf60415877b39b35cd82bbc47e (Caused by SSLError(OSError(24, 'Too many open files')))
2025-09-30 21:19:31,394 [WARNING] 网络连接错误: HTTPSConnectionPool(host='bmclapi2.bangbang93.com', port=443): Max retries exceeded with url: /assets/75/75b7aaf6286f73ccf05d0fee7010e5a1967d0174 (Caused by SSLError(OSError(24, 'Too many open files')))
2025-09-30 21:19:31,395 [INFO] 尝试使用HTTP协议: http://bmclapi2.bangbang93.com/assets/56/5617b344111456e4dbdc079b8bf3c4dfc34d9924
2025-09-30 21:19:28,512 [INFO] 尝试使用HTTP协议: http://bmclapi2.bangbang93.com/assets/2b/2bad307a2e2c4880316b7a0946dd0e4c1ed753da
2025-09-30 21:19:31,433 [WARNING] HTTP协议也失败: HTTPSConnectionPool(host='bmclapi2.bangbang93.com', port=443): Max retries exceeded with url: /assets/1c/1c189b5685045def884ef8752006bddbdd7f11fb (Caused by SSLError(OSError(24, 'Too many open files')))
2025-09-30 21:19:31,557 [INFO] 尝试使用HTTP协议: http://bmclapi2.bangbang93.com/assets/e1/e19b634969f9f5a8e637d60be81488d86d835185
2025-09-30 21:19:31,442 [INFO] 尝试使用HTTP协议: http://bmclapi2.bangbang93.com/assets/e8/e8a4101bf68a3a8d792919e390782c357aef4b94
2025-09-30 21:19:31,575 [WARNING] 网络连接错误: HTTPSConnectionPool(host='bmclapi2.bangbang93.com', port=443): Max retries exceeded with url: /assets/5f/5f99cc54eba4f024e28b1bdacd005112d53fa511 (Caused by SSLError(OSError(24, 'Too many open files')))
2025-09-30 21:19:31,622 [WARNING] 网络连接错误: HTTPSConnectionPool(host='bmclapi2.bangbang93.com', port=443): Max retries exceeded with url: /assets/bb/bb5b054c2e7e01baece3b8c1b3d07e394da270b8 (Caused by SSLError(OSError(24, 'Too many open files')))
2025-09-30 21:19:31,622 [INFO] 尝试使用HTTP协议: http://bmclapi2.bangbang93.com/assets/fc/fc7e49c67bffc811f02ea9fef1cf893a15317003
2025-09-30 21:19:31,644 [INFO] 尝试使用HTTP协议: http://bmclapi2.bangbang93.com/assets/29/296ec244acae70f236c8f1220380976b8fa9e636
2025-09-30 21:19:31,646 [WARNING] 网络连接错误: HTTPSConnectionPool(host='bmclapi2.bangbang93.com', port=443): Max retries exceeded with url: /assets/8a/8a8768677077f0b03d39c849df64ce160f0b5aa7 (Caused by SSLError(OSError(24, 'Too many open files')))
2025-09-30 21:19:31,671 [WARNING] 网络连接错误: HTTPSConnectionPool(host='bmclapi2.bangbang93.com', port=443): Max retries exceeded with url: /assets/9d/9d4c8962c167d0c694b94b401a4e89ee2429177f (Caused by SSLError(OSError(24, 'Too many open files')))
2025-09-30 21:19:29,900 [WARNING] HTTP协议也失败: HTTPSConnectionPool(host='bmclapi2.bangbang93.com', port=443): Max retries exceeded with url: /assets/3a/3a032babadb2e384f1412f6ac05a69e0bd0736b6 (Caused by SSLError(OSError(24, 'Too many open files')))
2025-09-30 21:19:31,843 [WARNING] HTTP协议也失败: HTTPSConnectionPool(host='bmclapi2.bangbang93.com', port=443): Max retries exceeded with url: /assets/9e/9ecaba4f3d4ba3ca5eed76a95abd1b232d7ec007 (Caused by SSLError(OSError(24, 'Too many open files')))
2025-09-30 21:19:31,847 [WARNING] 网络连接错误: HTTPSConnectionPool(host='bmclapi2.bangbang93.com', port=443): Max retries exceeded with url: /assets/79/79d857276b703fdf9f8be7c35fee276f20d2217e (Caused by SSLError(OSError(24, 'Too many open files')))
2025-09-30 21:19:30,306 [WARNING] 网络连接错误: HTTPSConnectionPool(host='bmclapi2.bangbang93.com', port=443): Max retries exceeded with url: /assets/3b/3b383b2809b37b9eb1f4fea0d1069a55e8e8b949 (Caused by SSLError(OSError(24, 'Too many open files')))
2025-09-30 21:19:32,092 [INFO] 尝试使用HTTP协议: http://bmclapi2.bangbang93.com/assets/9c/9c80b75f314a4da35fe312c4455577526e0098ab
2025-09-30 21:19:32,107 [INFO] 尝试使用HTTP协议: http://bmclapi2.bangbang93.com/assets/93/932044cf67069d4b7d651e325cbe2e47e3d9a264
2025-09-30 21:19:32,109 [INFO] 尝试使用HTTP协议: http://bmclapi2.bangbang93.com/assets/2f/2f5ef01938e2150b020e84704f8f1d1097dc8879
2025-09-30 21:19:32,117 [INFO] 尝试使用HTTP协议: http://bmclapi2.bangbang93.com/assets/58/58d49f1ee9aee1fb8c455bff3372a5685c0de8fa
2025-09-30 21:19:32,142 [INFO] 尝试使用HTTP协议: http://bmclapi2.bangbang93.com/assets/77/77b0b1385766ddfaf61bf952bf4bc056fb594782
2025-09-30 21:19:32,147 [INFO] 尝试使用HTTP协议: http://bmclapi2.bangbang93.com/assets/2c/2c2db8e64a159d526c4f0e6928ddc852c923252b
2025-09-30 21:19:30,346 [WARNING] 网络连接错误: HTTPSConnectionPool(host='bmclapi2.bangbang93.com', port=443): Max retries exceeded with url: /assets/4c/4c2d24d500c67e4cb7a2aa82bb1c1964bb23091e (Caused by SSLError(OSError(24, 'Too many open files')))
2025-09-30 21:19:32,230 [WARNING] 网络连接错误: HTTPSConnectionPool(host='bmclapi2.bangbang93.com', port=443): Max retries exceeded with url: /assets/dc/dc549f1079da543b117180603c6d33980996c34d (Caused by SSLError(OSError(24, 'Too many open files')))
2025-09-30 21:19:32,245 [WARNING] 网络连接错误: HTTPSConnectionPool(host='bmclapi2.bangbang93.com', port=443): Max retries exceeded with url: /assets/2f/2fdc1630c74c7e10a0cd6d2046ae158d9926c960 (Caused by SSLError(OSError(24, 'Too many open files')))
2025-09-30 21:19:32,245 [WARNING] HTTP协议也失败: HTTPSConnectionPool(host='bmclapi2.bangbang93.com', port=443): Max retries exceeded with url: /assets/89/89ebe341a4c20bcdb643d6284a68080a0dbf3387 (Caused by SSLError(OSError(24, 'Too many open files')))
2025-09-30 21:19:30,361 [WARNING] HTTP协议也失败: HTTPSConnectionPool(host='bmclapi2.bangbang93.com', port=443): Max retries exceeded with url: /assets/de/de83d75c9c451e0c2a7da9d0b551cf94c371c69f (Caused by SSLError(OSError(24, 'Too many open files')))
2025-09-30 21:19:30,362 [WARNING] HTTP协议也失败: HTTPSConnectionPool(host='bmclapi2.bangbang93.com', port=443): Max retries exceeded with url: /assets/99/99ce682350c75934e52dafd946476e62c0a4f7f6 (Caused by SSLError(OSError(24, 'Too many open files')))
2025-09-30 21:19:32,316 [WARNING] HTTP协议也失败: HTTPSConnectionPool(host='bmclapi2.bangbang93.com', port=443): Max retries exceeded with url: /assets/76/7678f24f572b9abbcfa3fcdc3f647e70b2139c4c (Caused by SSLError(OSError(24, 'Too many open files')))
2025-09-30 21:19:34,900 [WARNING] 网络连接错误: HTTPSConnectionPool(host='bmclapi2.bangbang93.com', port=443): Max retries exceeded with url: /assets/96/96314f3d851ca570a0f167121963d7c53f61c60f (Caused by SSLError(OSError(24, 'Too many open files')))
2025-09-30 21:19:32,358 [WARNING] 网络连接错误: HTTPSConnectionPool(host='bmclapi2.bangbang93.com', port=443): Max retries exceeded with url: /assets/b5/b5dcfa7035a3d509b1dbbe85b1f2deae0d9a087b (Caused by SSLError(OSError(24, 'Too many open files')))
2025-09-30 21:19:32,362 [INFO] 尝试使用HTTP协议: http://bmclapi2.bangbang93.com/assets/b2/b2c137da3b3c4a462af349c2e12eaf54e2c6f86a
2025-09-30 21:19:32,362 [WARNING] 网络连接错误: HTTPSConnectionPool(host='bmclapi2.bangbang93.com', port=443): Max retries exceeded with url: /assets/b0/b0dbd07cf2dba8792a57e8c1930fdfbc13498496 (Caused by SSLError(OSError(24, 'Too many open files')))
2025-09-30 21:19:32,392 [WARNING] HTTP协议也失败: HTTPSConnectionPool(host='bmclapi2.bangbang93.com', port=443): Max retries exceeded with url: /assets/cb/cbe538f075bc65040e6c20188dec7c3cae3017be (Caused by SSLError(OSError(24, 'Too many open files')))
2025-09-30 21:19:32,394 [WARNING] HTTP协议也失败: HTTPSConnectionPool(host='bmclapi2.bangbang93.com', port=443): Max retries exceeded with url: /assets/3f/3fc061f2b8a93cd854764e6bae2007d4680a45ed (Caused by SSLError(OSError(24, 'Too many open files')))
2025-09-30 21:19:32,433 [WARNING] 网络连接错误: HTTPSConnectionPool(host='bmclapi2.bangbang93.com', port=443): Max retries exceeded with url: /assets/c7/c7ee586c92e10e7edca3750eaf12c847722c27b6 (Caused by SSLError(OSError(24, 'Too many open files')))
2025-09-30 21:19:32,507 [WARNING] HTTP协议也失败: HTTPSConnectionPool(host='bmclapi2.bangbang93.com', port=443): Max retries exceeded with url: /assets/f1/f1b983140ad6a27be16a1f7079eef2f6942a1b73 (Caused by SSLError(OSError(24, 'Too many open files')))
2025-09-30 21:19:32,509 [INFO] 尝试使用HTTP协议: http://bmclapi2.bangbang93.com/assets/35/3558e4e13ba3829cc69f1268581e30b962416816
2025-09-30 21:19:32,576 [WARNING] HTTP协议也失败: HTTPSConnectionPool(host='bmclapi2.bangbang93.com', port=443): Max retries exceeded with url: /assets/2e/2e431342cd6e0de5ed7fd397d733dae07878ce9b (Caused by SSLError(OSError(24, 'Too many open files')))
2025-09-30 21:19:32,597 [WARNING] HTTP协议也失败: HTTPSConnectionPool(host='bmclapi2.bangbang93.com', port=443): Max retries exceeded with url: /assets/28/2891cb85fbd8a90ed03889d0d17c640f518b42f7 (Caused by SSLError(OSError(24, 'Too many open files')))
2025-09-30 21:19:32,597 [WARNING] 网络连接错误: HTTPSConnectionPool(host='bmclapi2.bangbang93.com', port=443): Max retries exceeded with url: /assets/70/7009ad9e386de37fdf4c7fa56f0a0a1ba138e736 (Caused by SSLError(OSError(24, 'Too many open files')))
2025-09-30 21:19:32,668 [WARNING] 网络连接错误: HTTPSConnectionPool(host='bmclapi2.bangbang93.com', port=443): Max retries exceeded with url: /assets/70/707692f15758fa8c84235d2007e0c00259df2ff2 (Caused by SSLError(OSError(24, 'Too many open files')))
2025-09-30 21:19:32,669 [INFO] 尝试使用HTTP协议: http://bmclapi2.bangbang93.com/assets/1e/1e895627247fad9d1d0e168f2a412d657b7685a1
2025-09-30 21:19:30,776 [WARNING] HTTP协议也失败: HTTPSConnectionPool(host='bmclapi2.bangbang93.com', port=443): Max retries exceeded with url: /assets/dd/dd88cb17c10e4e6db9f6176b55ac9a95a36e958c (Caused by SSLError(OSError(24, 'Too many open files')))
2025-09-30 21:19:32,740 [WARNING] 网络连接错误: HTTPSConnectionPool(host='bmclapi2.bangbang93.com', port=443): Max retries exceeded with url: /assets/8e/8ea7441d6e84805615159a7d87f2aa01d9f4c1f1 (Caused by SSLError(OSError(24, 'Too many open files')))
2025-09-30 21:19:32,747 [WARNING] HTTP协议也失败: HTTPSConnectionPool(host='bmclapi2.bangbang93.com', port=443): Max retries exceeded with url: /assets/8e/8ed6b6a1a08f56d5aeeb3994bb7f294a9ff342b7 (Caused by SSLError(OSError(24, 'Too many open files')))
2025-09-30 21:19:32,887 [WARNING] 网络连接错误: HTTPSConnectionPool(host='bmclapi2.bangbang93.com', port=443): Max retries exceeded with url: /assets/36/36e2b40419e68e1afd1ad19acd4828064d7c70ce (Caused by SSLError(OSError(24, 'Too many open files')))
2025-09-30 21:19:32,908 [WARNING] HTTP协议也失败: HTTPSConnectionPool(host='bmclapi2.bangbang93.com', port=443): Max retries exceeded with url: /assets/ce/ce7827134b654a394f9819ce77a1f3c9e0809070 (Caused by SSLError(OSError(24, 'Too many open files')))
2025-09-30 21:19:32,965 [INFO] 尝试使用HTTP协议: http://bmclapi2.bangbang93.com/assets/84/84c1cb04d76e69d4585e5653524af3111b2b74d4
2025-09-30 21:19:32,973 [INFO] 尝试使用HTTP协议: http://bmclapi2.bangbang93.com/assets/2c/2c93c34d755ef0c4831bd8aab06fb2c9cf0e18f0
2025-09-30 21:19:30,864 [WARNING] 网络连接错误: HTTPSConnectionPool(host='bmclapi2.bangbang93.com', port=443): Max retries exceeded with url: /assets/68/68f712dbc12f3708a156f9bc56904cce1d02257f (Caused by SSLError(OSError(24, 'Too many open files')))
2025-09-30 21:19:33,029 [WARNING] 网络连接错误: HTTPSConnectionPool(host='bmclapi2.bangbang93.com', port=443): Max retries exceeded with url: /assets/d9/d98b20e6d3dc4b39be27376af785f5098a7eeb8d (Caused by SSLError(OSError(24, 'Too many open files')))
2025-09-30 21:19:33,032 [WARNING] HTTP协议也失败: HTTPSConnectionPool(host='bmclapi2.bangbang93.com', port=443): Max retries exceeded with url: /assets/7b/7bab209c06bf6883932c31542ac068548224dbba (Caused by SSLError(OSError(24, 'Too many open files')))
2025-09-30 21:19:33,204 [WARNING] 网络连接错误: HTTPSConnectionPool(host='bmclapi2.bangbang93.com', port=443): Max retries exceeded with url: /assets/26/26e04754e24ef912e08387423bd096b0d7d08815 (Caused by SSLError(OSError(24, 'Too many open files')))
2025-09-30 21:19:33,205 [WARNING] HTTP协议也失败: HTTPSConnectionPool(host='bmclapi2.bangbang93.com', port=443): Max retries exceeded with url: /assets/7d/7d53daef2a4fe526f9819c528a18403583511e3c (Caused by SSLError(OSError(24, 'Too many open files')))
2025-09-30 21:19:33,209 [WARNING] HTTP协议也失败: HTTPSConnectionPool(host='bmclapi2.bangbang93.com', port=443): Max retries exceeded with url: /assets/70/70675b5c54517a6276ab311ee9302d0c331fa73b (Caused by SSLError(OSError(24, 'Too many open files')))
2025-09-30 21:19:29,372 [WARNING] 网络连接错误: HTTPSConnectionPool(host='bmclapi2.bangbang93.com', port=443): Max retries exceeded with url: /assets/85/853943f6b6a3eeefeb973ceab6f74129e68de8e5 (Caused by SSLError(OSError(24, 'Too many open files')))
2025-09-30 21:19:33,384 [WARNING] 网络连接错误: HTTPSConnectionPool(host='bmclapi2.bangbang93.com', port=443): Max retries exceeded with url: /assets/53/5340d653099dcccd01062c6ee453f28a7b5684bc (Caused by SSLError(OSError(24, 'Too many open files')))
2025-09-30 21:19:33,386 [WARNING] 网络连接错误: HTTPSConnectionPool(host='bmclapi2.bangbang93.com', port=443): Max retries exceeded with url: /assets/9a/9a079fc614f1b5ea6ce4dd57a408d591a05447ef (Caused by SSLError(OSError(24, 'Too many open files')))
2025-09-30 21:19:33,386 [WARNING] 网络连接错误: HTTPSConnectionPool(host='bmclapi2.bangbang93.com', port=443): Max retries exceeded with url: /assets/4c/4c84011d7576f1a0dbdf0691ab8a4d102f8ba98e (Caused by SSLError(OSError(24, 'Too many open files')))
2025-09-30 21:19:33,387 [WARNING] HTTP协议也失败: HTTPSConnectionPool(host='bmclapi2.bangbang93.com', port=443): Max retries exceeded with url: /assets/71/7100d5be52e1e9c582b46ffb739bc970dca0763b (Caused by SSLError(OSError(24, 'Too many open files')))
2025-09-30 21:19:31,222 [INFO] 尝试使用HTTP协议: http://bmclapi2.bangbang93.com/assets/cf/cf661b19b996e717140012df6c03d82e59c5dfc2
2025-09-30 21:19:33,390 [WARNING] HTTP协议也失败: HTTPSConnectionPool(host='bmclapi2.bangbang93.com', port=443): Max retries exceeded with url: /assets/8c/8c584a285e699660942a9ffd16971bfac87bb337 (Caused by SSLError(OSError(24, 'Too many open files')))
2025-09-30 21:19:33,390 [INFO] 尝试使用HTTP协议: http://bmclapi2.bangbang93.com/assets/aa/aa15d9a312e90e9239602341845376ffc9cccab8
2025-09-30 21:19:31,266 [WARNING] 网络连接错误: HTTPSConnectionPool(host='bmclapi2.bangbang93.com', port=443): Max retries exceeded with url: /assets/49/498fa8e1d3dbf88fb4db534232f3cef53ccd198f (Caused by SSLError(OSError(24, 'Too many open files')))
2025-09-30 21:19:33,404 [WARNING] HTTP协议也失败: HTTPSConnectionPool(host='bmclapi2.bangbang93.com', port=443): Max retries exceeded with url: /assets/c2/c22a772466a47677068b27ce20486ce225944ae0 (Caused by SSLError(OSError(24, 'Too many open files')))
2025-09-30 21:19:33,405 [INFO] 尝试使用HTTP协议: http://bmclapi2.bangbang93.com/assets/e2/e2269b8b16778ff810fb6202546b233a36d76a92
2025-09-30 21:19:33,417 [WARNING] 网络连接错误: HTTPSConnectionPool(host='bmclapi2.bangbang93.com', port=443): Max retries exceeded with url: /assets/c4/c45746a7f413659883173ca80d588c42992cf7f2 (Caused by SSLError(OSError(24, 'Too many open files')))
2025-09-30 21:19:33,419 [WARNING] HTTP协议也失败: HTTPSConnectionPool(host='bmclapi2.bangbang93.com', port=443): Max retries exceeded with url: /assets/92/92ed5d01731c0ce62f341425909319c7ac894a96 (Caused by SSLError(OSError(24, 'Too many open files')))
2025-09-30 21:19:33,420 [INFO] 尝试使用HTTP协议: http://bmclapi2.bangbang93.com/assets/93/93bf9534ab5112b8bf4c0a923f59fd544cda72db
2025-09-30 21:19:33,469 [WARNING] 网络连接错误: HTTPSConnectionPool(host='bmclapi2.bangbang93.com', port=443): Max retries exceeded with url: /assets/26/26531bcbcd4296469f610ff66b6b7261ad073cfd (Caused by SSLError(OSError(24, 'Too many open files')))
2025-09-30 21:19:33,496 [INFO] 尝试使用HTTP协议: http://bmclapi2.bangbang93.com/assets/77/77535e99c08e5d4b7e20bb0f5fe1022a18dfc5e6
2025-09-30 21:19:33,601 [WARNING] 网络连接错误: HTTPSConnectionPool(host='bmclapi2.bangbang93.com', port=443): Max retries exceeded with url: /assets/a2/a2c420c177d06113c82183298507a01bd5f30192 (Caused by SSLError(OSError(24, 'Too many open files')))
2025-09-30 21:19:33,601 [WARNING] HTTP协议也失败: HTTPSConnectionPool(host='bmclapi2.bangbang93.com', port=443): Max retries exceeded with url: /assets/d8/d8f877d754e29839011111e9a016be7c66c14462 (Caused by SSLError(OSError(24, 'Too many open files')))
2025-09-30 21:19:33,601 [WARNING] 网络连接错误: HTTPSConnectionPool(host='bmclapi2.bangbang93.com', port=443): Max retries exceeded with url: /assets/ab/abf654cf295153c579021d4936ea496453cd46fa (Caused by SSLError(OSError(24, 'Too many open files')))
2025-09-30 21:19:31,411 [WARNING] 网络连接错误: HTTPSConnectionPool(host='bmclapi2.bangbang93.com', port=443): Max retries exceeded with url: /assets/5d/5dfd5cb900745dd72c32aa4789e202dbaf33f301 (Caused by SSLError(OSError(24, 'Too many open files')))
2025-09-30 21:19:33,730 [WARNING] 网络连接错误: HTTPSConnectionPool(host='bmclapi2.bangbang93.com', port=443): Max retries exceeded with url: /assets/aa/aa8dea7b0f0654cecfa03d9aa50de638fb7a70a9 (Caused by SSLError(OSError(24, 'Too many open files')))
2025-09-30 21:19:33,769 [INFO] 尝试使用HTTP协议: http://bmclapi2.bangbang93.com/assets/84/8485b20a62a0d364fe713be63df20c8a93181406
2025-09-30 21:19:31,558 [INFO] 尝试使用HTTP协议: http://bmclapi2.bangbang93.com/assets/f1/f12746a79c34c36a87f0cabe7df1375e3b117743
2025-09-30 21:19:31,572 [INFO] 尝试使用HTTP协议: http://bmclapi2.bangbang93.com/assets/2d/2d1c7d18f5878cd82a294ea55bb7b611c5ad5854
2025-09-30 21:19:33,843 [WARNING] 网络连接错误: HTTPSConnectionPool(host='bmclapi2.bangbang93.com', port=443): Max retries exceeded with url: /assets/0d/0d40d1ae1c24f1e4f8c93aeeaf56204d8274e4b0 (Caused by SSLError(OSError(24, 'Too many open files')))
2025-09-30 21:19:33,849 [WARNING] 网络连接错误: HTTPSConnectionPool(host='bmclapi2.bangbang93.com', port=443): Max retries exceeded with url: /assets/fc/fcc5c11ceb862e1fc2d50244dba66c7fe9d929bf (Caused by SSLError(OSError(24, 'Too many open files')))
2025-09-30 21:19:31,624 [WARNING] 网络连接错误: HTTPSConnectionPool(host='bmclapi2.bangbang93.com', port=443): Max retries exceeded with url: /assets/9c/9c0455315f3c1f3c9faf9e6ea2b3eed852cb7e04 (Caused by SSLError(OSError(24, 'Too many open files')))
2025-09-30 21:19:34,033 [WARNING] 网络连接错误: HTTPSConnectionPool(host='bmclapi2.bangbang93.com', port=443): Max retries exceeded with url: /assets/19/19a5baec8f25afdc2c69d2fcbc8ba1539c6654de (Caused by SSLError(OSError(24, 'Too many open files')))
2025-09-30 21:19:34,033 [WARNING] 网络连接错误: HTTPSConnectionPool(host='bmclapi2.bangbang93.com', port=443): Max retries exceeded with url: /assets/c8/c8bb74a4365de2128cb42c52f261f6e260c5db0d (Caused by SSLError(OSError(24, 'Too many open files')))
2025-09-30 21:19:34,049 [WARNING] HTTP协议也失败: HTTPSConnectionPool(host='bmclapi2.bangbang93.com', port=443): Max retries exceeded with url: /assets/c0/c09538dc271842c3662d7c60cf9cd28713203b00 (Caused by SSLError(OSError(24, 'Too many open files')))
2025-09-30 21:19:34,120 [WARNING] 网络连接错误: HTTPSConnectionPool(host='bmclapi2.bangbang93.com', port=443): Max retries exceeded with url: /assets/34/34045a5f85387fa6592e6466435e95825e171c25 (Caused by SSLError(OSError(24, 'Too many open files')))
2025-09-30 21:19:34,120 [WARNING] 网络连接错误: HTTPSConnectionPool(host='bmclapi2.bangbang93.com', port=443): Max retries exceeded with url: /assets/84/841c8ce0aab798fd3a351df5d4dbd7d33d93cc86 (Caused by SSLError(OSError(24, 'Too many open files')))
2025-09-30 21:19:34,122 [WARNING] 网络连接错误: HTTPSConnectionPool(host='bmclapi2.bangbang93.com', port=443): Max retries exceeded with url: /assets/0f/0fdd2efdbf69b5d373294f16246408bd187442bf (Caused by SSLError(OSError(24, 'Too many open files')))
2025-09-30 21:19:34,156 [WARNING] HTTP协议也失败: HTTPSConnectionPool(host='bmclapi2.bangbang93.com', port=443): Max retries exceeded with url: /assets/b9/b9ddc9980e14d1e32e7302b2ccb7ca03e7d4a624 (Caused by SSLError(OSError(24, 'Too many open files')))
2025-09-30 21:19:34,275 [WARNING] 网络连接错误: HTTPSConnectionPool(host='bmclapi2.bangbang93.com', port=443): Max retries exceeded with url: /assets/bb/bb3cdd562b205b4dd1f9a8e961fb5786006493fd (Caused by SSLError(OSError(24, 'Too many open files')))
2025-09-30 21:19:34,288 [WARNING] HTTP协议也失败: HTTPSConnectionPool(host='bmclapi2.bangbang93.com', port=443): Max retries exceeded with url: /assets/9e/9ebce2e32ca79b91e5c1d2339d1ccfe159526279 (Caused by SSLError(OSError(24, 'Too many open files')))
2025-09-30 21:19:34,288 [WARNING] 网络连接错误: HTTPSConnectionPool(host='bmclapi2.bangbang93.com', port=443): Max retries exceeded with url: /assets/45/4553885dcba9ad468a6cbda4f809d27eed83aeee (Caused by SSLError(OSError(24, 'Too many open files')))
2025-09-30 21:19:34,458 [WARNING] HTTP协议也失败: HTTPSConnectionPool(host='bmclapi2.bangbang93.com', port=443): Max retries exceeded with url: /assets/56/5617b344111456e4dbdc079b8bf3c4dfc34d9924 (Caused by SSLError(OSError(24, 'Too many open files')))
2025-09-30 21:19:34,574 [INFO] 尝试使用HTTP协议: http://bmclapi2.bangbang93.com/assets/8b/8b4ac501a75c7a3f64b2a822b1f099a828ea8297
2025-09-30 21:19:34,574 [WARNING] HTTP协议也失败: HTTPSConnectionPool(host='bmclapi2.bangbang93.com', port=443): Max retries exceeded with url: /assets/18/1843cc603e40b465bc5e5047c74aef8a991f1e69 (Caused by SSLError(OSError(24, 'Too many open files')))
2025-09-30 21:19:34,575 [WARNING] 网络连接错误: HTTPSConnectionPool(host='bmclapi2.bangbang93.com', port=443): Max retries exceeded with url: /assets/60/60aa21f8848710db1609a5aa433efae63d8f0857 (Caused by SSLError(OSError(24, 'Too many open files')))
2025-09-30 21:19:34,612 [INFO] 尝试使用HTTP协议: http://bmclapi2.bangbang93.com/assets/c9/c9a353bcc80f4d8ec924a7c519ccfdc62c538231
2025-09-30 21:19:34,615 [INFO] 尝试使用HTTP协议: http://bmclapi2.bangbang93.com/assets/b3/b3c9e67bcaa5889bfdf0889fd09210c381c63376
2025-09-30 21:19:34,617 [INFO] 尝试使用HTTP协议: http://bmclapi2.bangbang93.com/assets/d3/d3b58df9e4e0b0eb3ea0ec97f88594e7e43fc770
2025-09-30 21:19:34,617 [WARNING] HTTP协议也失败: HTTPSConnectionPool(host='bmclapi2.bangbang93.com', port=443): Max retries exceeded with url: /assets/55/559a02997de3175804810d3f29d567ae7d6b25dc (Caused by SSLError(OSError(24, 'Too many open files')))
2025-09-30 21:19:34,651 [INFO] 尝试使用HTTP协议: http://bmclapi2.bangbang93.com/assets/31/3169821e109e3d5cf94a33d835e19534aded7db1
2025-09-30 21:19:34,685 [WARNING] 网络连接错误: HTTPSConnectionPool(host='bmclapi2.bangbang93.com', port=443): Max retries exceeded with url: /assets/e1/e1e49df3d3f8c96746d5424104648e3ab4eb24fc (Caused by SSLError(OSError(24, 'Too many open files')))
2025-09-30 21:19:34,691 [WARNING] 网络连接错误: HTTPSConnectionPool(host='bmclapi2.bangbang93.com', port=443): Max retries exceeded with url: /assets/43/435d823c6302e6f50d55a1af43cff06945ed452a (Caused by SSLError(OSError(24, 'Too many open files')))
2025-09-30 21:19:34,691 [WARNING] HTTP协议也失败: HTTPSConnectionPool(host='bmclapi2.bangbang93.com', port=443): Max retries exceeded with url: /assets/e1/e19b634969f9f5a8e637d60be81488d86d835185 (Caused by SSLError(OSError(24, 'Too many open files')))
2025-09-30 21:19:34,691 [WARNING] HTTP协议也失败: HTTPSConnectionPool(host='bmclapi2.bangbang93.com', port=443): Max retries exceeded with url: /assets/49/49013f794592d1c3694879a9e883e8612d7a8a0b (Caused by SSLError(OSError(24, 'Too many open files')))
2025-09-30 21:19:34,691 [WARNING] HTTP协议也失败: HTTPSConnectionPool(host='bmclapi2.bangbang93.com', port=443): Max retries exceeded with url: /assets/fc/fc7e49c67bffc811f02ea9fef1cf893a15317003 (Caused by SSLError(OSError(24, 'Too many open files')))
2025-09-30 21:19:34,691 [WARNING] 网络连接错误: HTTPSConnectionPool(host='bmclapi2.bangbang93.com', port=443): Max retries exceeded with url: /assets/93/935d8fc1072c11c04d986f3a24dd59eb69bf28f7 (Caused by SSLError(OSError(24, 'Too many open files')))
2025-09-30 21:19:34,693 [WARNING] HTTP协议也失败: HTTPSConnectionPool(host='bmclapi2.bangbang93.com', port=443): Max retries exceeded with url: /assets/73/73969292d8da9b3fbedcb27e3d0f4eea4ba64227 (Caused by SSLError(OSError(24, 'Too many open files')))
2025-09-30 21:19:34,788 [INFO] 尝试使用HTTP协议: http://bmclapi2.bangbang93.com/assets/b1/b1db1090e77c094084f47776189e5bc849c77e12
2025-09-30 21:19:34,791 [WARNING] 网络连接错误: HTTPSConnectionPool(host='bmclapi2.bangbang93.com', port=443): Max retries exceeded with url: /assets/28/28c1c3858c3ca4cc6f7a8fc2de3c4864ba54e204 (Caused by SSLError(OSError(24, 'Too many open files')))
2025-09-30 21:19:32,316 [WARNING] 网络连接错误: HTTPSConnectionPool(host='bmclapi2.bangbang93.com', port=443): Max retries exceeded with url: /assets/50/5056c670acb0cd350de812cf8cc1f7e7926e5d41 (Caused by SSLError(OSError(24, 'Too many open files')))
2025-09-30 21:19:32,359 [WARNING] 网络连接错误: HTTPSConnectionPool(host='bmclapi2.bangbang93.com', port=443): Max retries exceeded with url: /assets/07/07c4db76bf5dff677866d9317e7c8ee41e7f3e3a (Caused by SSLError(OSError(24, 'Too many open files')))
2025-09-30 21:19:34,954 [WARNING] 网络连接错误: HTTPSConnectionPool(host='bmclapi2.bangbang93.com', port=443): Max retries exceeded with url: /assets/f2/f2fcb54f88e85b5cc704358208395451c106ad1a (Caused by SSLError(OSError(24, 'Too many open files')))
2025-09-30 21:19:34,991 [INFO] 尝试使用HTTP协议: http://bmclapi2.bangbang93.com/assets/69/6918498830e94c2a54abd8a0168c5d81bb98e9a9
2025-09-30 21:19:35,036 [INFO] 尝试使用HTTP协议: http://bmclapi2.bangbang93.com/assets/b5/b5dcfa7035a3d509b1dbbe85b1f2deae0d9a087b
2025-09-30 21:19:35,044 [WARNING] 网络连接错误: HTTPSConnectionPool(host='bmclapi2.bangbang93.com', port=443): Max retries exceeded with url: /assets/dc/dcbb4157877fbe0ba458fce5331441e593b68a71 (Caused by SSLError(OSError(24, 'Too many open files')))
2025-09-30 21:19:35,047 [WARNING] 网络连接错误: HTTPSConnectionPool(host='bmclapi2.bangbang93.com', port=443): Max retries exceeded with url: /assets/d4/d419da1a4dfa239ea298171abc8d367a0a58a56d (Caused by SSLError(OSError(24, 'Too many open files')))
2025-09-30 21:19:32,543 [INFO] 尝试使用HTTP协议: http://bmclapi2.bangbang93.com/assets/08/0867899d7b001c677a06b7cf839abe12cdb47ca5
2025-09-30 21:19:35,213 [INFO] 尝试使用HTTP协议: http://bmclapi2.bangbang93.com/assets/b0/b0dbd07cf2dba8792a57e8c1930fdfbc13498496
2025-09-30 21:19:35,213 [INFO] 尝试使用HTTP协议: http://bmclapi2.bangbang93.com/assets/01/01e0a7d49b42e9544735260401c6fc23247f72f7
2025-09-30 21:19:35,226 [WARNING] 网络连接错误: HTTPSConnectionPool(host='bmclapi2.bangbang93.com', port=443): Max retries exceeded with url: /assets/dc/dc0d35cfa96ebf706de43d062418305b7e287a83 (Caused by SSLError(OSError(24, 'Too many open files')))
2025-09-30 21:19:32,668 [WARNING] HTTP协议也失败: HTTPSConnectionPool(host='bmclapi2.bangbang93.com', port=443): Max retries exceeded with url: /assets/10/10d7d7fa8b468e8538eb93241c4c26beaf5a1541 (Caused by SSLError(OSError(24, 'Too many open files')))
2025-09-30 21:19:35,277 [WARNING] 网络连接错误: HTTPSConnectionPool(host='bmclapi2.bangbang93.com', port=443): Max retries exceeded with url: /assets/1b/1b0a2d0b7c8bc639fef77964b83ad646ea63a08a (Caused by SSLError(OSError(24, 'Too many open files')))
2025-09-30 21:19:35,278 [WARNING] HTTP协议也失败: HTTPSConnectionPool(host='bmclapi2.bangbang93.com', port=443): Max retries exceeded with url: /assets/4f/4f83255b0f8a4d58969aa5bb49a0a4b599875c3e (Caused by SSLError(OSError(24, 'Too many open files')))
2025-09-30 21:19:32,718 [INFO] 尝试使用HTTP协议: http://bmclapi2.bangbang93.com/assets/b2/b221e56eb46371dc460f75e07f550042aa27776c
2025-09-30 21:19:35,460 [WARNING] 网络连接错误: HTTPSConnectionPool(host='bmclapi2.bangbang93.com', port=443): Max retries exceeded with url: /assets/50/507f8145163897693125ca7886f954823f53a107 (Caused by SSLError(OSError(24, 'Too many open files')))
2025-09-30 21:19:32,887 [WARNING] HTTP协议也失败: HTTPSConnectionPool(host='bmclapi2.bangbang93.com', port=443): Max retries exceeded with url: /assets/97/9751fe8193532dae7df155f2a17eb45519c231b5 (Caused by SSLError(OSError(24, 'Too many open files')))
2025-09-30 21:19:35,506 [WARNING] HTTP协议也失败: HTTPSConnectionPool(host='bmclapi2.bangbang93.com', port=443): Max retries exceeded with url: /assets/e2/e2678af72ebaa5d6e1d89935d1a540d3120f3593 (Caused by SSLError(OSError(24, 'Too many open files')))
2025-09-30 21:19:32,922 [WARNING] HTTP协议也失败: HTTPSConnectionPool(host='bmclapi2.bangbang93.com', port=443): Max retries exceeded with url: /assets/9e/9ea0b90c978fa1fd42b432ef9ac7e90ae78be65f (Caused by SSLError(OSError(24, 'Too many open files')))
2025-09-30 21:19:35,531 [WARNING] HTTP协议也失败: HTTPSConnectionPool(host='bmclapi2.bangbang93.com', port=443): Max retries exceeded with url: /assets/ee/eece842840cd93d36ad7a8bc459cf8e431da208f (Caused by SSLError(OSError(24, 'Too many open files')))
2025-09-30 21:19:35,531 [INFO] 尝试使用HTTP协议: http://bmclapi2.bangbang93.com/assets/79/79bbfd39280e2802b2b5718b301c203aad1910c7
2025-09-30 21:19:35,570 [INFO] 尝试使用HTTP协议: http://bmclapi2.bangbang93.com/assets/36/36e2b40419e68e1afd1ad19acd4828064d7c70ce
2025-09-30 21:19:35,574 [WARNING] 网络连接错误: HTTPSConnectionPool(host='bmclapi2.bangbang93.com', port=443): Max retries exceeded with url: /assets/11/1113dae1e5f7e715941d089d77f97e789531918b (Caused by SSLError(OSError(24, 'Too many open files')))
2025-09-30 21:19:35,641 [WARNING] 网络连接错误: HTTPSConnectionPool(host='bmclapi2.bangbang93.com', port=443): Max retries exceeded with url: /assets/e3/e3c1133e11b01dbf63afed83e5e1d63f7fcb23d2 (Caused by SSLError(OSError(24, 'Too many open files')))
2025-09-30 21:19:33,376 [INFO] 尝试使用HTTP协议: http://bmclapi2.bangbang93.com/assets/61/6189d20ac2b2f05ef3e7e5485942be88d69307e4
2025-09-30 21:19:35,683 [WARNING] 网络连接错误: HTTPSConnectionPool(host='bmclapi2.bangbang93.com', port=443): Max retries exceeded with url: /assets/e3/e36dc802e3e9b499fe37b0663e3ea6e3b55850a2 (Caused by SSLError(OSError(24, 'Too many open files')))
2025-09-30 21:19:35,685 [INFO] 尝试使用HTTP协议: http://bmclapi2.bangbang93.com/assets/c1/c15f4576c221d1b81601594fc2d21cdda5b14d0a
2025-09-30 21:19:35,697 [INFO] 尝试使用HTTP协议: http://bmclapi2.bangbang93.com/assets/c0/c05d9ec6189da10f1a353eba44b2dd848e76ae15
2025-09-30 21:19:35,725 [WARNING] 网络连接错误: HTTPSConnectionPool(host='bmclapi2.bangbang93.com', port=443): Max retries exceeded with url: /assets/53/539290770406876dd05593efada83ff5db358ed6 (Caused by SSLError(OSError(24, 'Too many open files')))
2025-09-30 21:19:35,726 [WARNING] 网络连接错误: HTTPSConnectionPool(host='bmclapi2.bangbang93.com', port=443): Max retries exceeded with url: /assets/2d/2d84a21b5d925497558acce92b7448e37a7bea11 (Caused by SSLError(OSError(24, 'Too many open files')))
2025-09-30 21:19:35,749 [WARNING] 网络连接错误: HTTPSConnectionPool(host='9.rua93.online', port=443): Max retries exceeded with url: /download/95505e333c3b7fd1946fdfea15573864285c99e9?name=95505e333c3b7fd1946fdfea15573864285c99e9&s=KJJ1DjE1Lsd-5CjyT4TIOptQKKw&e=mg6la69s (Caused by SSLError(OSError(24, 'Too many open files')))
2025-09-30 21:19:35,754 [WARNING] 网络连接错误: HTTPSConnectionPool(host='bmclapi2.bangbang93.com', port=443): Max retries exceeded with url: /assets/c1/c135cc7d343007fd57558f70c787f708d49bd268 (Caused by SSLError(OSError(24, 'Too many open files')))
2025-09-30 21:19:35,754 [WARNING] 网络连接错误: HTTPSConnectionPool(host='bmclapi2.bangbang93.com', port=443): Max retries exceeded with url: /assets/77/771cae5478daa79c850470d8bd06cf880fab04a9 (Caused by SSLError(OSError(24, 'Too many open files')))
2025-09-30 21:19:35,759 [INFO] 尝试使用HTTP协议: http://bmclapi2.bangbang93.com/assets/85/853943f6b6a3eeefeb973ceab6f74129e68de8e5
2025-09-30 21:19:36,006 [WARNING] 网络连接错误: HTTPSConnectionPool(host='bmclapi2.bangbang93.com', port=443): Max retries exceeded with url: /assets/b2/b2faf0571510850c8ca3471181b6ec7a1abc83f0 (Caused by SSLError(OSError(24, 'Too many open files')))
2025-09-30 21:19:36,019 [WARNING] 网络连接错误: HTTPSConnectionPool(host='bmclapi2.bangbang93.com', port=443): Max retries exceeded with url: /assets/f7/f7afa9f94ab6e8f64d3fb45d0b848a56931c0462 (Caused by SSLError(OSError(24, 'Too many open files')))
2025-09-30 21:19:33,420 [WARNING] 网络连接错误: HTTPSConnectionPool(host='bmclapi2.bangbang93.com', port=443): Max retries exceeded with url: /assets/2f/2fe735984961470b6f3edff20ccc34bc90a35ffa (Caused by SSLError(OSError(24, 'Too many open files')))
2025-09-30 21:19:36,189 [WARNING] 网络连接错误: HTTPSConnectionPool(host='bmclapi2.bangbang93.com', port=443): Max retries exceeded with url: /assets/4b/4b63d4da2bea032e4573b985ab3908a8b99a98de (Caused by SSLError(OSError(24, 'Too many open files')))
2025-09-30 21:19:36,197 [INFO] 尝试使用HTTP协议: http://bmclapi2.bangbang93.com/assets/c4/c45746a7f413659883173ca80d588c42992cf7f2
2025-09-30 21:19:36,218 [WARNING] 网络连接错误: HTTPSConnectionPool(host='bmclapi2.bangbang93.com', port=443): Max retries exceeded with url: /assets/01/012237aa6dd50c9fc43bf5f53cb4a49ddefdb2b9 (Caused by SSLError(OSError(24, 'Too many open files')))
2025-09-30 21:19:36,226 [WARNING] 网络连接错误: HTTPSConnectionPool(host='bmclapi2.bangbang93.com', port=443): Max retries exceeded with url: /assets/c8/c8ab43d9d879323c65366ff56387d9c29cf3d64e (Caused by SSLError(OSError(24, 'Too many open files')))
2025-09-30 21:19:36,297 [WARNING] HTTP协议也失败: HTTPSConnectionPool(host='bmclapi2.bangbang93.com', port=443): Max retries exceeded with url: /assets/85/858b522acda61ab94dc9b52e75974e32b941c809 (Caused by SSLError(OSError(24, 'Too many open files')))
2025-09-30 21:19:36,297 [WARNING] HTTP协议也失败: HTTPSConnectionPool(host='bmclapi2.bangbang93.com', port=443): Max retries exceeded with url: /assets/1e/1e895627247fad9d1d0e168f2a412d657b7685a1 (Caused by SSLError(OSError(24, 'Too many open files')))
2025-09-30 21:19:36,413 [INFO] 尝试使用HTTP协议: http://bmclapi2.bangbang93.com/assets/26/26531bcbcd4296469f610ff66b6b7261ad073cfd
2025-09-30 21:19:36,414 [WARNING] HTTP协议也失败: HTTPSConnectionPool(host='bmclapi2.bangbang93.com', port=443): Max retries exceeded with url: /assets/27/279c5eb57f9f8e91661ec69a074ab76c316d7356 (Caused by SSLError(OSError(24, 'Too many open files')))
2025-09-30 21:19:36,478 [INFO] 尝试使用HTTP协议: http://bmclapi2.bangbang93.com/assets/75/75b7aaf6286f73ccf05d0fee7010e5a1967d0174
2025-09-30 21:19:36,480 [WARNING] HTTP协议也失败: HTTPSConnectionPool(host='bmclapi2.bangbang93.com', port=443): Max retries exceeded with url: /assets/ee/eeb1a037f3011c6c5b42cdcf34ae5a9cc4fa137f (Caused by SSLError(OSError(24, 'Too many open files')))
2025-09-30 21:19:36,485 [WARNING] 网络连接错误: HTTPSConnectionPool(host='bmclapi2.bangbang93.com', port=443): Max retries exceeded with url: /assets/bf/bfe4b85a831fccf945b8e4b4349b0299e42ce3a4 (Caused by SSLError(OSError(24, 'Too many open files')))
2025-09-30 21:19:33,836 [WARNING] 网络连接错误: HTTPSConnectionPool(host='bmclapi2.bangbang93.com', port=443): Max retries exceeded with url: /assets/50/50705bafa6ea7a7762df77040f52425db3280574 (Caused by SSLError(OSError(24, 'Too many open files')))
2025-09-30 21:19:36,495 [INFO] 尝试使用HTTP协议: http://bmclapi2.bangbang93.com/assets/7c/7c26ac099f78d5f8d147ee6204036c1dc4cde134
2025-09-30 21:19:36,618 [WARNING] 网络连接错误: HTTPSConnectionPool(host='bmclapi2.bangbang93.com', port=443): Max retries exceeded with url: /assets/94/940857260315b22485252b6c29f9bd2328559d84 (Caused by SSLError(OSError(24, 'Too many open files')))
2025-09-30 21:19:36,620 [WARNING] HTTP协议也失败: HTTPSConnectionPool(host='bmclapi2.bangbang93.com', port=443): Max retries exceeded with url: /assets/cb/cb941a05cbaa57947fcca362a0d638b5d8c1e780 (Caused by SSLError(OSError(24, 'Too many open files')))
2025-09-30 21:19:36,630 [WARNING] 网络连接错误: HTTPSConnectionPool(host='bmclapi2.bangbang93.com', port=443): Max retries exceeded with url: /assets/19/19aa39f803bfb0092ed47a7e096fe726662bbb3a (Caused by SSLError(OSError(24, 'Too many open files')))
2025-09-30 21:19:34,415 [INFO] 尝试使用HTTP协议: http://bmclapi2.bangbang93.com/assets/24/2409d173c2c19bff5866c74288995db5b38b8c04
2025-09-30 21:19:34,575 [INFO] 尝试使用HTTP协议: http://bmclapi2.bangbang93.com/assets/c2/c26d0bb38d6891211eac92636de7e1cba146f6bd
2025-09-30 21:19:36,817 [INFO] 尝试使用HTTP协议: http://bmclapi2.bangbang93.com/assets/5f/5f99cc54eba4f024e28b1bdacd005112d53fa511
2025-09-30 21:19:36,843 [INFO] 尝试使用HTTP协议: http://bmclapi2.bangbang93.com/assets/bb/bb5b054c2e7e01baece3b8c1b3d07e394da270b8
2025-09-30 21:19:36,843 [WARNING] HTTP协议也失败: HTTPSConnectionPool(host='bmclapi2.bangbang93.com', port=443): Max retries exceeded with url: /assets/7b/7bbbce598d019c64dd29959b6808bcd0b0e4d62b (Caused by SSLError(OSError(24, 'Too many open files')))
2025-09-30 21:19:36,907 [WARNING] 网络连接错误: HTTPSConnectionPool(host='bmclapi2.bangbang93.com', port=443): Max retries exceeded with url: /assets/85/85539a26d936aa5cbbd328f98a16d9cdebab2d01 (Caused by SSLError(OSError(24, 'Too many open files')))
2025-09-30 21:19:36,908 [INFO] 尝试使用HTTP协议: http://bmclapi2.bangbang93.com/assets/2f/2fdc1630c74c7e10a0cd6d2046ae158d9926c960
2025-09-30 21:19:36,924 [WARNING] 网络连接错误: HTTPSConnectionPool(host='bmclapi2.bangbang93.com', port=443): Max retries exceeded with url: /assets/9f/9f8d9380de46bf37ecb6c000663c40b176e62948 (Caused by SSLError(OSError(24, 'Too many open files')))
2025-09-30 21:19:37,011 [INFO] 尝试使用HTTP协议: http://bmclapi2.bangbang93.com/assets/84/841c8ce0aab798fd3a351df5d4dbd7d33d93cc86
2025-09-30 21:19:37,011 [INFO] 尝试使用HTTP协议: http://bmclapi2.bangbang93.com/assets/8a/8a8768677077f0b03d39c849df64ce160f0b5aa7
2025-09-30 21:19:37,043 [WARNING] 网络连接错误: HTTPSConnectionPool(host='bmclapi2.bangbang93.com', port=443): Max retries exceeded with url: /assets/89/892b2053c7272c2a2f14f63c78b908a08b25adff (Caused by SSLError(OSError(24, 'Too many open files')))
2025-09-30 21:19:37,045 [INFO] 尝试使用HTTP协议: http://bmclapi2.bangbang93.com/assets/79/79d857276b703fdf9f8be7c35fee276f20d2217e
2025-09-30 21:19:37,047 [INFO] 尝试使用HTTP协议: http://bmclapi2.bangbang93.com/assets/4c/4c2d24d500c67e4cb7a2aa82bb1c1964bb23091e
2025-09-30 21:19:37,049 [INFO] 尝试使用HTTP协议: http://bmclapi2.bangbang93.com/assets/c8/c8bb74a4365de2128cb42c52f261f6e260c5db0d
2025-09-30 21:19:37,120 [INFO] 尝试使用HTTP协议: http://bmclapi2.bangbang93.com/assets/dc/dc549f1079da543b117180603c6d33980996c34d
2025-09-30 21:19:34,691 [WARNING] HTTP协议也失败: HTTPSConnectionPool(host='bmclapi2.bangbang93.com', port=443): Max retries exceeded with url: /assets/84/84d3ea63e3a016c4bab7e5477f3a5fa303c7ed19 (Caused by SSLError(OSError(24, 'Too many open files')))
2025-09-30 21:19:34,785 [WARNING] 网络连接错误: HTTPSConnectionPool(host='bmclapi2.bangbang93.com', port=443): Max retries exceeded with url: /assets/96/9616fac7e99fda83764ab9cf39d522ee7930b33d (Caused by SSLError(OSError(24, 'Too many open files')))
2025-09-30 21:19:37,523 [WARNING] 网络连接错误: HTTPSConnectionPool(host='bmclapi2.bangbang93.com', port=443): Max retries exceeded with url: /assets/e2/e28ea96f8a617dd17576718af898ba2c2a7d0c69 (Caused by SSLError(OSError(24, 'Too many open files')))
2025-09-30 21:19:37,680 [INFO] 尝试使用HTTP协议: http://bmclapi2.bangbang93.com/assets/28/28c1c3858c3ca4cc6f7a8fc2de3c4864ba54e204
2025-09-30 21:19:37,682 [WARNING] HTTP协议也失败: HTTPSConnectionPool(host='bmclapi2.bangbang93.com', port=443): Max retries exceeded with url: /assets/f1/f12746a79c34c36a87f0cabe7df1375e3b117743 (Caused by SSLError(OSError(24, 'Too many open files')))
2025-09-30 21:19:37,767 [INFO] 尝试使用HTTP协议: http://bmclapi2.bangbang93.com/assets/96/96314f3d851ca570a0f167121963d7c53f61c60f
2025-09-30 21:19:37,767 [WARNING] 网络连接错误: HTTPSConnectionPool(host='bmclapi2.bangbang93.com', port=443): Max retries exceeded with url: /assets/42/42429ae14b45439a7017145063b2cceea99ab2fc (Caused by SSLError(OSError(24, 'Too many open files')))
2025-09-30 21:19:37,783 [INFO] 尝试使用HTTP协议: http://bmclapi2.bangbang93.com/assets/35/35b1c5747ba2572775d6e57f6d26a9ec46e75001
2025-09-30 21:19:37,785 [WARNING] 网络连接错误: HTTPSConnectionPool(host='bmclapi2.bangbang93.com', port=443): Max retries exceeded with url: /assets/18/18b3d3903494179868173d1f1dd0dc03f8de637a (Caused by SSLError(OSError(24, 'Too many open files')))
2025-09-30 21:19:37,786 [INFO] 尝试使用HTTP协议: http://bmclapi2.bangbang93.com/assets/07/07c4db76bf5dff677866d9317e7c8ee41e7f3e3a
2025-09-30 21:19:37,839 [INFO] 尝试使用HTTP协议: http://bmclapi2.bangbang93.com/assets/f2/f2fcb54f88e85b5cc704358208395451c106ad1a
2025-09-30 21:19:37,892 [WARNING] 网络连接错误: HTTPSConnectionPool(host='bmclapi2.bangbang93.com', port=443): Max retries exceeded with url: /assets/f1/f105728be2be6022abc58f4b341964bcc5315246 (Caused by SSLError(OSError(24, 'Too many open files')))
2025-09-30 21:19:37,894 [INFO] 尝试使用HTTP协议: http://bmclapi2.bangbang93.com/assets/76/760af46c92f93d599f3429e6f3c49795238ab603
2025-09-30 21:19:37,941 [WARNING] 网络连接错误: HTTPSConnectionPool(host='bmclapi2.bangbang93.com', port=443): Max retries exceeded with url: /assets/09/09283c5992e529526c1665ac36a3cd03f32e18ab (Caused by SSLError(OSError(24, 'Too many open files')))
2025-09-30 21:19:38,046 [WARNING] 网络连接错误: HTTPSConnectionPool(host='bmclapi2.bangbang93.com', port=443): Max retries exceeded with url: /assets/c5/c5f10ae239087e3e036a1db50111b0d44d6ccf76 (Caused by SSLError(OSError(24, 'Too many open files')))
2025-09-30 21:19:38,119 [WARNING] 网络连接错误: HTTPSConnectionPool(host='bmclapi2.bangbang93.com', port=443): Max retries exceeded with url: /assets/67/67acf728cd0279728fc1704c58ab1a2f6e1cdb67 (Caused by SSLError(OSError(24, 'Too many open files')))
2025-09-30 21:19:38,119 [WARNING] HTTP协议也失败: HTTPSConnectionPool(host='bmclapi2.bangbang93.com', port=443): Max retries exceeded with url: /assets/fc/fc3c5a15ca3126b41e55b14f6b93b32fae0e6ec4 (Caused by SSLError(OSError(24, 'Too many open files')))
2025-09-30 21:19:38,179 [WARNING] HTTP协议也失败: HTTPSConnectionPool(host='bmclapi2.bangbang93.com', port=443): Max retries exceeded with url: /assets/2b/2bad307a2e2c4880316b7a0946dd0e4c1ed753da (Caused by SSLError(OSError(24, 'Too many open files')))
2025-09-30 21:19:38,181 [INFO] 尝试使用HTTP协议: http://bmclapi2.bangbang93.com/assets/c7/c7ee586c92e10e7edca3750eaf12c847722c27b6
2025-09-30 21:19:38,181 [WARNING] 网络连接错误: HTTPSConnectionPool(host='bmclapi2.bangbang93.com', port=443): Max retries exceeded with url: /assets/1d/1d78d4afb5fcc5f1029658db91b3fd1779f30155 (Caused by SSLError(OSError(24, 'Too many open files')))
2025-09-30 21:19:38,206 [WARNING] HTTP协议也失败: HTTPSConnectionPool(host='bmclapi2.bangbang93.com', port=443): Max retries exceeded with url: /assets/93/932044cf67069d4b7d651e325cbe2e47e3d9a264 (Caused by SSLError(OSError(24, 'Too many open files')))
2025-09-30 21:19:38,227 [WARNING] HTTP协议也失败: HTTPSConnectionPool(host='bmclapi2.bangbang93.com', port=443): Max retries exceeded with url: /assets/9c/9c80b75f314a4da35fe312c4455577526e0098ab (Caused by SSLError(OSError(24, 'Too many open files')))
2025-09-30 21:19:35,244 [WARNING] 网络连接错误: HTTPSConnectionPool(host='bmclapi2.bangbang93.com', port=443): Max retries exceeded with url: /assets/ce/ce7bcce2a58673654f76816af6c73f24823b5d2e (Caused by SSLError(OSError(24, 'Too many open files')))
2025-09-30 21:19:38,230 [WARNING] HTTP协议也失败: HTTPSConnectionPool(host='bmclapi2.bangbang93.com', port=443): Max retries exceeded with url: /assets/2f/2f5ef01938e2150b020e84704f8f1d1097dc8879 (Caused by SSLError(OSError(24, 'Too many open files')))
2025-09-30 21:19:38,234 [WARNING] 网络连接错误: HTTPSConnectionPool(host='bmclapi2.bangbang93.com', port=443): Max retries exceeded with url: /assets/6a/6af06471f5896500f067b0e7a27e54d7a8cbc8e9 (Caused by SSLError(OSError(24, 'Too many open files')))
2025-09-30 21:19:38,248 [WARNING] HTTP协议也失败: HTTPSConnectionPool(host='bmclapi2.bangbang93.com', port=443): Max retries exceeded with url: /assets/77/77b0b1385766ddfaf61bf952bf4bc056fb594782 (Caused by SSLError(OSError(24, 'Too many open files')))
2025-09-30 21:19:38,251 [WARNING] 网络连接错误: HTTPSConnectionPool(host='bmclapi2.bangbang93.com', port=443): Max retries exceeded with url: /assets/24/248d09d3f4cb85c4dff2ba0c927b60de9fc44ec2 (Caused by SSLError(OSError(24, 'Too many open files')))
2025-09-30 21:19:38,256 [WARNING] HTTP协议也失败: HTTPSConnectionPool(host='bmclapi2.bangbang93.com', port=443): Max retries exceeded with url: /assets/29/296ec244acae70f236c8f1220380976b8fa9e636 (Caused by SSLError(OSError(24, 'Too many open files')))
2025-09-30 21:19:38,261 [WARNING] HTTP协议也失败: HTTPSConnectionPool(host='bmclapi2.bangbang93.com', port=443): Max retries exceeded with url: /assets/58/58d49f1ee9aee1fb8c455bff3372a5685c0de8fa (Caused by SSLError(OSError(24, 'Too many open files')))
2025-09-30 21:19:38,362 [INFO] 尝试使用HTTP协议: http://bmclapi2.bangbang93.com/assets/dc/dc0d35cfa96ebf706de43d062418305b7e287a83
2025-09-30 21:19:38,364 [WARNING] HTTP协议也失败: HTTPSConnectionPool(host='bmclapi2.bangbang93.com', port=443): Max retries exceeded with url: /assets/2c/2c2db8e64a159d526c4f0e6928ddc852c923252b (Caused by SSLError(OSError(24, 'Too many open files')))
2025-09-30 21:19:38,369 [INFO] 尝试使用HTTP协议: http://bmclapi2.bangbang93.com/assets/70/7009ad9e386de37fdf4c7fa56f0a0a1ba138e736
2025-09-30 21:19:38,377 [WARNING] 网络连接错误: HTTPSConnectionPool(host='bmclapi2.bangbang93.com', port=443): Max retries exceeded with url: /assets/56/56944ee7c95b870515401e6d7d9505fe0653fd9e (Caused by SSLError(OSError(24, 'Too many open files')))
2025-09-30 21:19:38,380 [INFO] 尝试使用HTTP协议: http://bmclapi2.bangbang93.com/assets/70/707692f15758fa8c84235d2007e0c00259df2ff2
2025-09-30 21:19:38,381 [INFO] 尝试使用HTTP协议: http://bmclapi2.bangbang93.com/assets/8e/8ea7441d6e84805615159a7d87f2aa01d9f4c1f1
2025-09-30 21:19:38,438 [WARNING] 网络连接错误: HTTPSConnectionPool(host='bmclapi2.bangbang93.com', port=443): Max retries exceeded with url: /assets/a9/a9db0b7188ecc48d833866cb9612e3214b1854e3 (Caused by SSLError(OSError(24, 'Too many open files')))
2025-09-30 21:19:32,965 [WARNING] HTTP协议也失败: HTTPSConnectionPool(host='bmclapi2.bangbang93.com', port=443): Max retries exceeded with url: /assets/e8/e8a9a8c6c37f23e844a88ebcb7d8a39deb9d99e0 (Caused by SSLError(OSError(24, 'Too many open files')))
2025-09-30 21:19:35,574 [INFO] 尝试使用HTTP协议: http://bmclapi2.bangbang93.com/assets/40/40e3afa69dacc9eeec0f4e39a02e8c67b70f1e0b
2025-09-30 21:19:38,634 [WARNING] 网络连接错误: HTTPSConnectionPool(host='bmclapi2.bangbang93.com', port=443): Max retries exceeded with url: /assets/22/2280c8deb0c509f638d02bad1d0b1b3cb8d1e112 (Caused by SSLError(OSError(24, 'Too many open files')))
2025-09-30 21:19:35,644 [WARNING] 网络连接错误: HTTPSConnectionPool(host='bmclapi2.bangbang93.com', port=443): Max retries exceeded with url: /assets/a0/a0f85922a40f928d450f846340e63071d3c65293 (Caused by SSLError(OSError(24, 'Too many open files')))
2025-09-30 21:19:38,641 [WARNING] 网络连接错误: HTTPSConnectionPool(host='bmclapi2.bangbang93.com', port=443): Max retries exceeded with url: /assets/fd/fd9f79c0bf153332df5edf59b3fadb5f93539a30 (Caused by SSLError(OSError(24, 'Too many open files')))
2025-09-30 21:19:35,683 [WARNING] 网络连接错误: HTTPSConnectionPool(host='bmclapi2.bangbang93.com', port=443): Max retries exceeded with url: /assets/ae/ae3e9a8a423c4928f74b0e45cf57e95fec81dcbe (Caused by SSLError(OSError(24, 'Too many open files')))
2025-09-30 21:19:38,676 [INFO] 尝试使用HTTP协议: http://bmclapi2.bangbang93.com/assets/d9/d98b20e6d3dc4b39be27376af785f5098a7eeb8d
2025-09-30 21:19:38,680 [INFO] 尝试使用HTTP协议: http://bmclapi2.bangbang93.com/assets/26/26e04754e24ef912e08387423bd096b0d7d08815
2025-09-30 21:19:38,779 [WARNING] HTTP协议也失败: HTTPSConnectionPool(host='bmclapi2.bangbang93.com', port=443): Max retries exceeded with url: /assets/b0/b0dbd07cf2dba8792a57e8c1930fdfbc13498496 (Caused by SSLError(OSError(24, 'Too many open files')))
2025-09-30 21:19:38,782 [WARNING] 网络连接错误: HTTPSConnectionPool(host='bmclapi2.bangbang93.com', port=443): Max retries exceeded with url: /assets/d2/d2be579e57ef1e500b5435abd83ee7fdf8c261c8 (Caused by SSLError(OSError(24, 'Too many open files')))
2025-09-30 21:19:38,786 [WARNING] 网络连接错误: HTTPSConnectionPool(host='bmclapi2.bangbang93.com', port=443): Max retries exceeded with url: /assets/7b/7b9be3ea905d57289b91510612b11f50264e1367 (Caused by SSLError(OSError(24, 'Too many open files')))
2025-09-30 21:19:38,793 [INFO] 尝试使用HTTP协议: http://bmclapi2.bangbang93.com/assets/53/5340d653099dcccd01062c6ee453f28a7b5684bc
2025-09-30 21:19:38,885 [WARNING] 网络连接错误: HTTPSConnectionPool(host='bmclapi2.bangbang93.com', port=443): Max retries exceeded with url: /assets/20/2059d7595f1873146adf2235a9a754880aa7655e (Caused by SSLError(OSError(24, 'Too many open files')))
2025-09-30 21:19:38,958 [WARNING] 网络连接错误: HTTPSConnectionPool(host='bmclapi2.bangbang93.com', port=443): Max retries exceeded with url: /assets/5e/5efd47f4bde0841741418d8ec3a1268b78a6d94c (Caused by SSLError(OSError(24, 'Too many open files')))
2025-09-30 21:19:38,958 [WARNING] 网络连接错误: HTTPSConnectionPool(host='bmclapi2.bangbang93.com', port=443): Max retries exceeded with url: /assets/64/64725912f2fa1fdd70cbf774fb0d2763483074e3 (Caused by SSLError(OSError(24, 'Too many open files')))
2025-09-30 21:19:39,013 [INFO] 尝试使用HTTP协议: http://bmclapi2.bangbang93.com/assets/9a/9a079fc614f1b5ea6ce4dd57a408d591a05447ef
2025-09-30 21:19:39,067 [INFO] 尝试使用HTTP协议: http://bmclapi2.bangbang93.com/assets/4c/4c84011d7576f1a0dbdf0691ab8a4d102f8ba98e
2025-09-30 21:19:39,097 [WARNING] HTTP协议也失败: HTTPSConnectionPool(host='bmclapi2.bangbang93.com', port=443): Max retries exceeded with url: /assets/84/84c1cb04d76e69d4585e5653524af3111b2b74d4 (Caused by SSLError(OSError(24, 'Too many open files')))
2025-09-30 21:19:39,148 [WARNING] 网络连接错误: HTTPSConnectionPool(host='bmclapi2.bangbang93.com', port=443): Max retries exceeded with url: /assets/7b/7be87ed58c69281103a4bed34737f6058a2d31d7 (Caused by SSLError(OSError(24, 'Too many open files')))
2025-09-30 21:19:39,149 [WARNING] HTTP协议也失败: HTTPSConnectionPool(host='bmclapi2.bangbang93.com', port=443): Max retries exceeded with url: /assets/b2/b221e56eb46371dc460f75e07f550042aa27776c (Caused by SSLError(OSError(24, 'Too many open files')))
2025-09-30 21:19:39,155 [WARNING] HTTP协议也失败: HTTPSConnectionPool(host='bmclapi2.bangbang93.com', port=443): Max retries exceeded with url: /assets/36/36e2b40419e68e1afd1ad19acd4828064d7c70ce (Caused by SSLError(OSError(24, 'Too many open files')))
2025-09-30 21:19:39,170 [INFO] 尝试使用HTTP协议: http://bmclapi2.bangbang93.com/assets/49/498fa8e1d3dbf88fb4db534232f3cef53ccd198f
2025-09-30 21:19:39,327 [WARNING] 网络连接错误: HTTPSConnectionPool(host='bmclapi2.bangbang93.com', port=443): Max retries exceeded with url: /assets/c3/c326c225c104b675adf31bb5536a23ac7f2cd862 (Caused by SSLError(OSError(24, 'Too many open files')))
2025-09-30 21:19:39,332 [WARNING] 网络连接错误: HTTPSConnectionPool(host='bmclapi2.bangbang93.com', port=443): Max retries exceeded with url: /assets/67/672de5ad67eabcc62f2a71cb19d3bceb60e5fc4a (Caused by SSLError(OSError(24, 'Too many open files')))
2025-09-30 21:19:39,336 [WARNING] HTTP协议也失败: HTTPSConnectionPool(host='bmclapi2.bangbang93.com', port=443): Max retries exceeded with url: /assets/2c/2c93c34d755ef0c4831bd8aab06fb2c9cf0e18f0 (Caused by SSLError(OSError(24, 'Too many open files')))
2025-09-30 21:19:39,336 [WARNING] 网络连接错误: HTTPSConnectionPool(host='bmclapi2.bangbang93.com', port=443): Max retries exceeded with url: /assets/26/26c4d57246aef249c4b5548e8c938b393a45a97a (Caused by SSLError(OSError(24, 'Too many open files')))
2025-09-30 21:19:39,337 [WARNING] 网络连接错误: HTTPSConnectionPool(host='bmclapi2.bangbang93.com', port=443): Max retries exceeded with url: /assets/47/47ed66641523134ad5f07e41e8fef27000c88454 (Caused by SSLError(OSError(24, 'Too many open files')))
2025-09-30 21:19:39,337 [WARNING] 网络连接错误: HTTPSConnectionPool(host='bmclapi2.bangbang93.com', port=443): Max retries exceeded with url: /assets/45/455eb202c42b52ea55893d9e5b74ec100a2efb67 (Caused by SSLError(OSError(24, 'Too many open files')))
2025-09-30 21:19:39,386 [WARNING] 网络连接错误: HTTPSConnectionPool(host='bmclapi2.bangbang93.com', port=443): Max retries exceeded with url: /assets/83/83cf0ff6d3ff09f0c4209a91325c5525e10848e8 (Caused by SSLError(OSError(24, 'Too many open files')))
2025-09-30 21:19:31,268 [INFO] 尝试使用HTTP协议: http://bmclapi2.bangbang93.com/assets/c5/c58202838caf73242f039ecbcdafbc10f7bb9111
2025-09-30 21:19:39,474 [INFO] 尝试使用HTTP协议: http://bmclapi2.bangbang93.com/assets/a2/a2c420c177d06113c82183298507a01bd5f30192
2025-09-30 21:19:39,474 [INFO] 尝试使用HTTP协议: http://bmclapi2.bangbang93.com/assets/ab/abf654cf295153c579021d4936ea496453cd46fa
2025-09-30 21:19:39,543 [WARNING] HTTP协议也失败: HTTPSConnectionPool(host='bmclapi2.bangbang93.com', port=443): Max retries exceeded with url: /assets/da/da8f6ebbc16826ff4ccf4091667f23ac62a7c710 (Caused by SSLError(OSError(24, 'Too many open files')))
2025-09-30 21:19:39,543 [WARNING] 网络连接错误: HTTPSConnectionPool(host='bmclapi2.bangbang93.com', port=443): Max retries exceeded with url: /assets/2b/2b3d0e7b0b2c47cd500b15697dbb20d6da4c6576 (Caused by SSLError(OSError(24, 'Too many open files')))
2025-09-30 21:19:39,544 [INFO] 尝试使用HTTP协议: http://bmclapi2.bangbang93.com/assets/5d/5dfd5cb900745dd72c32aa4789e202dbaf33f301
2025-09-30 21:19:39,612 [INFO] 尝试使用HTTP协议: http://bmclapi2.bangbang93.com/assets/aa/aa8dea7b0f0654cecfa03d9aa50de638fb7a70a9
2025-09-30 21:19:39,717 [WARNING] 网络连接错误: HTTPSConnectionPool(host='bmclapi2.bangbang93.com', port=443): Max retries exceeded with url: /assets/2b/2bc9a4fb9201db00c68cb85e28b22c788b8b478d (Caused by SSLError(OSError(24, 'Too many open files')))
2025-09-30 21:19:39,734 [INFO] 尝试使用HTTP协议: http://bmclapi2.bangbang93.com/assets/fc/fcc5c11ceb862e1fc2d50244dba66c7fe9d929bf
2025-09-30 21:19:39,883 [WARNING] 网络连接错误: HTTPSConnectionPool(host='bmclapi2.bangbang93.com', port=443): Max retries exceeded with url: /assets/36/362da2df9f0b4d43d7c09767314e3b9df9f280da (Caused by SSLError(OSError(24, 'Too many open files')))
2025-09-30 21:19:39,892 [INFO] 尝试使用HTTP协议: http://bmclapi2.bangbang93.com/assets/0d/0d40d1ae1c24f1e4f8c93aeeaf56204d8274e4b0
2025-09-30 21:19:39,911 [WARNING] HTTP协议也失败: HTTPSConnectionPool(host='bmclapi2.bangbang93.com', port=443): Max retries exceeded with url: /assets/cf/cf661b19b996e717140012df6c03d82e59c5dfc2 (Caused by SSLError(OSError(24, 'Too many open files')))
2025-09-30 21:19:39,911 [WARNING] HTTP协议也失败: HTTPSConnectionPool(host='bmclapi2.bangbang93.com', port=443): Max retries exceeded with url: /assets/aa/aa15d9a312e90e9239602341845376ffc9cccab8 (Caused by SSLError(OSError(24, 'Too many open files')))
2025-09-30 21:19:39,911 [INFO] 尝试使用HTTP协议: http://bmclapi2.bangbang93.com/assets/9c/9c0455315f3c1f3c9faf9e6ea2b3eed852cb7e04
2025-09-30 21:19:39,959 [INFO] 尝试使用HTTP协议: http://bmclapi2.bangbang93.com/assets/19/19aa39f803bfb0092ed47a7e096fe726662bbb3a
2025-09-30 21:19:39,961 [INFO] 尝试使用HTTP协议: http://bmclapi2.bangbang93.com/assets/9d/9d4c8962c167d0c694b94b401a4e89ee2429177f
2025-09-30 21:19:39,961 [INFO] 尝试使用HTTP协议: http://bmclapi2.bangbang93.com/assets/0f/0fdd2efdbf69b5d373294f16246408bd187442bf
2025-09-30 21:19:40,014 [INFO] 尝试使用HTTP协议: http://bmclapi2.bangbang93.com/assets/bb/bb3cdd562b205b4dd1f9a8e961fb5786006493fd
2025-09-30 21:19:40,014 [WARNING] 网络连接错误: HTTPSConnectionPool(host='bmclapi2.bangbang93.com', port=443): Max retries exceeded with url: /assets/ba/ba7e3fd432297b977d426bd4a36d7d66b6cbaffc (Caused by SSLError(OSError(24, 'Too many open files')))
2025-09-30 21:19:40,133 [INFO] 尝试使用HTTP协议: http://bmclapi2.bangbang93.com/assets/60/60aa21f8848710db1609a5aa433efae63d8f0857
2025-09-30 21:19:40,191 [WARNING] 网络连接错误: HTTPSConnectionPool(host='bmclapi2.bangbang93.com', port=443): Max retries exceeded with url: /assets/e8/e8f38c7550086025456c11fd99d57fece0f4f79b (Caused by SSLError(OSError(24, 'Too many open files')))
2025-09-30 21:19:40,226 [WARNING] HTTP协议也失败: HTTPSConnectionPool(host='bmclapi2.bangbang93.com', port=443): Max retries exceeded with url: /assets/77/77535e99c08e5d4b7e20bb0f5fe1022a18dfc5e6 (Caused by SSLError(OSError(24, 'Too many open files')))
2025-09-30 21:19:36,909 [WARNING] 网络连接错误: HTTPSConnectionPool(host='bmclapi2.bangbang93.com', port=443): Max retries exceeded with url: /assets/1f/1f5c45e15d90873197142e61cc7bffd2c0be82f7 (Caused by SSLError(OSError(24, 'Too many open files')))
2025-09-30 21:19:40,377 [WARNING] HTTP协议也失败: HTTPSConnectionPool(host='bmclapi2.bangbang93.com', port=443): Max retries exceeded with url: /assets/c4/c45746a7f413659883173ca80d588c42992cf7f2 (Caused by SSLError(OSError(24, 'Too many open files')))
2025-09-30 21:19:37,018 [WARNING] 网络连接错误: HTTPSConnectionPool(host='bmclapi2.bangbang93.com', port=443): Max retries exceeded with url: /assets/dd/dddf0943e0b94ecaa09670cb9f1d51f0d68a719f (Caused by SSLError(OSError(24, 'Too many open files')))
2025-09-30 21:19:37,044 [INFO] 尝试使用HTTP协议: http://bmclapi2.bangbang93.com/assets/3b/3b383b2809b37b9eb1f4fea0d1069a55e8e8b949
2025-09-30 21:19:40,477 [INFO] 尝试使用HTTP协议: http://bmclapi2.bangbang93.com/assets/89/892b2053c7272c2a2f14f63c78b908a08b25adff
2025-09-30 21:19:40,498 [INFO] 尝试使用HTTP协议: http://bmclapi2.bangbang93.com/assets/43/435d823c6302e6f50d55a1af43cff06945ed452a
2025-09-30 21:19:40,578 [WARNING] HTTP协议也失败: HTTPSConnectionPool(host='bmclapi2.bangbang93.com', port=443): Max retries exceeded with url: /assets/8b/8b4ac501a75c7a3f64b2a822b1f099a828ea8297 (Caused by SSLError(OSError(24, 'Too many open files')))
2025-09-30 21:19:40,578 [WARNING] 网络连接错误: HTTPSConnectionPool(host='bmclapi2.bangbang93.com', port=443): Max retries exceeded with url: /assets/40/40ab5638b37fea5a71010d619bd8cad3771e4ea9 (Caused by SSLError(OSError(24, 'Too many open files')))
2025-09-30 21:19:40,579 [WARNING] 网络连接错误: HTTPSConnectionPool(host='bmclapi2.bangbang93.com', port=443): Max retries exceeded with url: /assets/32/32665c2824be59c76034e08bf6ec1c02c67de441 (Caused by SSLError(OSError(24, 'Too many open files')))
2025-09-30 21:19:40,795 [INFO] 尝试使用HTTP协议: http://bmclapi2.bangbang93.com/assets/50/5056c670acb0cd350de812cf8cc1f7e7926e5d41
2025-09-30 21:19:37,765 [WARNING] 网络连接错误: HTTPSConnectionPool(host='bmclapi2.bangbang93.com', port=443): Max retries exceeded with url: /assets/b4/b47e7e08ac51bfb3e0a51f9539e3661cf82b417c (Caused by SSLError(OSError(24, 'Too many open files')))
2025-09-30 21:19:40,818 [INFO] 尝试使用HTTP协议: http://bmclapi2.bangbang93.com/assets/93/935d8fc1072c11c04d986f3a24dd59eb69bf28f7
2025-09-30 21:19:40,818 [WARNING] HTTP协议也失败: HTTPSConnectionPool(host='bmclapi2.bangbang93.com', port=443): Max retries exceeded with url: /assets/2d/2d1c7d18f5878cd82a294ea55bb7b611c5ad5854 (Caused by SSLError(OSError(24, 'Too many open files')))
2025-09-30 21:19:37,895 [WARNING] 网络连接错误: HTTPSConnectionPool(host='bmclapi7.iusi.cn', port=443): Max retries exceeded with url: /download/ea5d0dfacc7437bf95455690f8a805a8c4840194?name=ea5d0dfacc7437bf95455690f8a805a8c4840194&s=Q9YbXcFu0gi1XXgKisrkrBC6EKU&e=mg6la7ia (Caused by SSLError(OSError(24, 'Too many open files')))
2025-09-30 21:19:40,961 [INFO] 尝试使用HTTP协议: http://bmclapi2.bangbang93.com/assets/f1/f105728be2be6022abc58f4b341964bcc5315246
2025-09-30 21:19:40,967 [INFO] 尝试使用HTTP协议: http://bmclapi2.bangbang93.com/assets/18/18b3d3903494179868173d1f1dd0dc03f8de637a
2025-09-30 21:19:38,158 [WARNING] 网络连接错误: HTTPSConnectionPool(host='bmclapi2.bangbang93.com', port=443): Max retries exceeded with url: /assets/c6/c67f469ee3d43a440ea5da854f4a3a52fd13f91a (Caused by SSLError(OSError(24, 'Too many open files')))
2025-09-30 21:19:41,104 [WARNING] 网络连接错误: HTTPSConnectionPool(host='bmclapi2.bangbang93.com', port=443): Max retries exceeded with url: /assets/40/404350219666d9ba40343896d071a00697dacbb9 (Caused by SSLError(OSError(24, 'Too many open files')))
2025-09-30 21:19:41,111 [WARNING] 网络连接错误: HTTPSConnectionPool(host='bmclapi2.bangbang93.com', port=443): Max retries exceeded with url: /assets/cc/cca7bcc6a8a9bc0ee9218bfa9a8471cacb8b0148 (Caused by SSLError(OSError(24, 'Too many open files')))
2025-09-30 21:19:41,115 [INFO] 尝试使用HTTP协议: http://bmclapi2.bangbang93.com/assets/d4/d419da1a4dfa239ea298171abc8d367a0a58a56d
2025-09-30 21:19:41,233 [INFO] 尝试使用HTTP协议: http://bmclapi2.bangbang93.com/assets/dc/dcbb4157877fbe0ba458fce5331441e593b68a71
2025-09-30 21:19:41,244 [WARNING] 网络连接错误: HTTPSConnectionPool(host='bmclapi2.bangbang93.com', port=443): Max retries exceeded with url: /assets/59/595574dfa22c18712dbddd9f609d2bee2a1b9032 (Caused by SSLError(OSError(24, 'Too many open files')))
2025-09-30 21:19:41,245 [WARNING] 网络连接错误: HTTPSConnectionPool(host='bmclapi2.bangbang93.com', port=443): Max retries exceeded with url: /assets/80/806fabe0425d34d9953f148ffe47cbd6dbedc500 (Caused by SSLError(OSError(24, 'Too many open files')))
2025-09-30 21:19:41,287 [WARNING] 网络连接错误: HTTPSConnectionPool(host='bmclapi2.bangbang93.com', port=443): Max retries exceeded with url: /assets/2f/2facb0995b98997033ad5fea8fdd501b388ad8cd (Caused by SSLError(OSError(24, 'Too many open files')))
2025-09-30 21:19:41,395 [WARNING] 网络连接错误: HTTPSConnectionPool(host='bmclapi2.bangbang93.com', port=443): Max retries exceeded with url: /assets/50/507a087f3c73af46f5cdcd229f75f36c53ee043f (Caused by SSLError(OSError(24, 'Too many open files')))
2025-09-30 21:19:41,683 [WARNING] 网络连接错误: HTTPSConnectionPool(host='bmclapi2.bangbang93.com', port=443): Max retries exceeded with url: /assets/f0/f02183adf26fec7f79ae5b18ff6715cde7dd7f04 (Caused by SSLError(OSError(24, 'Too many open files')))
2025-09-30 21:19:41,731 [WARNING] 网络连接错误: HTTPSConnectionPool(host='bmclapi2.bangbang93.com', port=443): Max retries exceeded with url: /assets/ed/edaa44ef0bc25bcf62d529329fc8feac4c27e52d (Caused by SSLError(OSError(24, 'Too many open files')))
2025-09-30 21:19:41,731 [WARNING] HTTP协议也失败: HTTPSConnectionPool(host='bmclapi2.bangbang93.com', port=443): Max retries exceeded with url: /assets/8a/8a8768677077f0b03d39c849df64ce160f0b5aa7 (Caused by SSLError(OSError(24, 'Too many open files')))
2025-09-30 21:19:41,731 [WARNING] 网络连接错误: HTTPSConnectionPool(host='bmclapi2.bangbang93.com', port=443): Max retries exceeded with url: /assets/4c/4c7e2706d6840e1466cf056ae047ce947852cb09 (Caused by SSLError(OSError(24, 'Too many open files')))
2025-09-30 21:19:41,733 [WARNING] 网络连接错误: HTTPSConnectionPool(host='bmclapi2.bangbang93.com', port=443): Max retries exceeded with url: /assets/30/309f360ea3ad1fb4b6ef78e5bb209d6cb415dd5c (Caused by SSLError(OSError(24, 'Too many open files')))
2025-09-30 21:19:41,736 [INFO] 尝试使用HTTP协议: http://bmclapi2.bangbang93.com/assets/1b/1b0a2d0b7c8bc639fef77964b83ad646ea63a08a
2025-09-30 21:19:41,751 [INFO] 尝试使用HTTP协议: http://bmclapi2.bangbang93.com/assets/6a/6af06471f5896500f067b0e7a27e54d7a8cbc8e9
2025-09-30 21:19:41,804 [WARNING] HTTP协议也失败: HTTPSConnectionPool(host='bmclapi2.bangbang93.com', port=443): Max retries exceeded with url: /assets/31/3169821e109e3d5cf94a33d835e19534aded7db1 (Caused by SSLError(OSError(24, 'Too many open files')))
2025-09-30 21:19:41,839 [WARNING] HTTP协议也失败: HTTPSConnectionPool(host='bmclapi2.bangbang93.com', port=443): Max retries exceeded with url: /assets/b5/b5dcfa7035a3d509b1dbbe85b1f2deae0d9a087b (Caused by SSLError(OSError(24, 'Too many open files')))
2025-09-30 21:19:41,839 [WARNING] HTTP协议也失败: HTTPSConnectionPool(host='bmclapi2.bangbang93.com', port=443): Max retries exceeded with url: /assets/c9/c9a353bcc80f4d8ec924a7c519ccfdc62c538231 (Caused by SSLError(OSError(24, 'Too many open files')))
2025-09-30 21:19:35,404 [WARNING] 网络连接错误: HTTPSConnectionPool(host='bmclapi2.bangbang93.com', port=443): Max retries exceeded with url: /assets/1e/1e92199e014633778dd7090c06fc2e04ed810f9c (Caused by SSLError(OSError(24, 'Too many open files')))
2025-09-30 21:19:41,861 [WARNING] HTTP协议也失败: HTTPSConnectionPool(host='bmclapi2.bangbang93.com', port=443): Max retries exceeded with url: /assets/b1/b1db1090e77c094084f47776189e5bc849c77e12 (Caused by SSLError(OSError(24, 'Too many open files')))
2025-09-30 21:19:38,370 [WARNING] HTTP协议也失败: HTTPSConnectionPool(host='bmclapi2.bangbang93.com', port=443): Max retries exceeded with url: /assets/6b/6b518182d367db6dd70fb81a204febd48821d4ef (Caused by SSLError(OSError(24, 'Too many open files')))
2025-09-30 21:19:41,954 [WARNING] 网络连接错误: HTTPSConnectionPool(host='bmclapi2.bangbang93.com', port=443): Max retries exceeded with url: /assets/af/afcad12625ae39469e9e2053d12030e90d3da360 (Caused by SSLError(OSError(24, 'Too many open files')))
2025-09-30 21:19:41,957 [WARNING] 网络连接错误: HTTPSConnectionPool(host='bmclapi-s14.yjwmidc.com', port=443): Max retries exceeded with url: /download/386730fb668bd471bfda86d21579840ca4943e4f?name=386730fb668bd471bfda86d21579840ca4943e4f&s=gHMVAW7LgrotJN2LiddKWGhE3S0&e=mg6laaqn (Caused by SSLError(OSError(24, 'Too many open files')))
2025-09-30 21:19:41,957 [INFO] 尝试使用HTTP协议: http://bmclapi2.bangbang93.com/assets/50/507f8145163897693125ca7886f954823f53a107
2025-09-30 21:19:38,440 [WARNING] HTTP协议也失败: HTTPSConnectionPool(host='bmclapi2.bangbang93.com', port=443): Max retries exceeded with url: /assets/e8/e8a4101bf68a3a8d792919e390782c357aef4b94 (Caused by SSLError(OSError(24, 'Too many open files')))
2025-09-30 21:19:42,207 [WARNING] 网络连接错误: HTTPSConnectionPool(host='bmclapi2.bangbang93.com', port=443): Max retries exceeded with url: /assets/08/08c7eb4906bb0c2464f137092656336da53759d1 (Caused by SSLError(OSError(24, 'Too many open files')))
2025-09-30 21:19:42,222 [INFO] 尝试使用HTTP协议: http://bmclapi2.bangbang93.com/assets/a9/a9db0b7188ecc48d833866cb9612e3214b1854e3
2025-09-30 21:19:38,634 [INFO] 尝试使用HTTP协议: http://bmclapi2.bangbang93.com/assets/68/68f712dbc12f3708a156f9bc56904cce1d02257f
2025-09-30 21:19:42,224 [WARNING] 网络连接错误: HTTPSConnectionPool(host='bmclapi2.bangbang93.com', port=443): Max retries exceeded with url: /assets/56/563f15f03500de05007a1283b906234b9e74b934 (Caused by SSLError(OSError(24, 'Too many open files')))
2025-09-30 21:19:38,668 [WARNING] 网络连接错误: HTTPSConnectionPool(host='bmclapi2.bangbang93.com', port=443): Max retries exceeded with url: /assets/66/663cd15b439f9aeb7a0959866e2aa879bd8d563a (Caused by SSLError(OSError(24, 'Too many open files')))
2025-09-30 21:19:38,677 [WARNING] HTTP协议也失败: HTTPSConnectionPool(host='bmclapi2.bangbang93.com', port=443): Max retries exceeded with url: /assets/69/6918498830e94c2a54abd8a0168c5d81bb98e9a9 (Caused by SSLError(OSError(24, 'Too many open files')))
2025-09-30 21:19:38,737 [INFO] 尝试使用HTTP协议: http://bmclapi2.bangbang93.com/assets/e3/e3c1133e11b01dbf63afed83e5e1d63f7fcb23d2
2025-09-30 21:19:42,399 [INFO] 尝试使用HTTP协议: http://bmclapi2.bangbang93.com/assets/22/2280c8deb0c509f638d02bad1d0b1b3cb8d1e112
2025-09-30 21:19:42,506 [INFO] 尝试使用HTTP协议: http://bmclapi2.bangbang93.com/assets/ae/ae3e9a8a423c4928f74b0e45cf57e95fec81dcbe
2025-09-30 21:19:42,507 [INFO] 尝试使用HTTP协议: http://bmclapi2.bangbang93.com/assets/fd/fd9f79c0bf153332df5edf59b3fadb5f93539a30
2025-09-30 21:19:43,153 [INFO] 尝试使用HTTP协议: http://bmclapi2.bangbang93.com/assets/e3/e36dc802e3e9b499fe37b0663e3ea6e3b55850a2
2025-09-30 21:19:43,154 [INFO] 尝试使用HTTP协议: http://bmclapi2.bangbang93.com/assets/7b/7b9be3ea905d57289b91510612b11f50264e1367
2025-09-30 21:19:43,154 [WARNING] HTTP协议也失败: HTTPSConnectionPool(host='bmclapi2.bangbang93.com', port=443): Max retries exceeded with url: /assets/08/0867899d7b001c677a06b7cf839abe12cdb47ca5 (Caused by SSLError(OSError(24, 'Too many open files')))
2025-09-30 21:19:43,154 [INFO] 尝试使用HTTP协议: http://bmclapi2.bangbang93.com/assets/b2/b2faf0571510850c8ca3471181b6ec7a1abc83f0
2025-09-30 21:19:43,159 [WARNING] 网络连接错误: HTTPSConnectionPool(host='bmclapi2.bangbang93.com', port=443): Max retries exceeded with url: /assets/97/9792ced2042dc6765b08e47df9ec14ed7422461a (Caused by SSLError(OSError(24, 'Too many open files')))
2025-09-30 21:19:43,160 [INFO] 尝试使用HTTP协议: http://bmclapi2.bangbang93.com/assets/2d/2d84a21b5d925497558acce92b7448e37a7bea11
2025-09-30 21:19:43,177 [INFO] 尝试使用HTTP协议: http://bmclapi2.bangbang93.com/assets/20/2059d7595f1873146adf2235a9a754880aa7655e
2025-09-30 21:19:43,181 [WARNING] 网络连接错误: HTTPSConnectionPool(host='bmclapi2.bangbang93.com', port=443): Max retries exceeded with url: /assets/1e/1e68a44f65699cedc9b0b60f67a67ca1e71e5507 (Caused by SSLError(OSError(24, 'Too many open files')))
2025-09-30 21:19:43,181 [WARNING] 网络连接错误: HTTPSConnectionPool(host='bmclapi2.bangbang93.com', port=443): Max retries exceeded with url: /assets/23/23996bf437578860d46c2b1e12c46ce6554456a5 (Caused by SSLError(OSError(24, 'Too many open files')))
2025-09-30 21:19:42,840 [WARNING] HTTP协议也失败: HTTPSConnectionPool(host='bmclapi2.bangbang93.com', port=443): Max retries exceeded with url: /assets/01/01e0a7d49b42e9544735260401c6fc23247f72f7 (Caused by SSLError(OSError(24, 'Too many open files')))
2025-09-30 21:19:43,183 [INFO] 尝试使用HTTP协议: http://bmclapi2.bangbang93.com/assets/11/1113dae1e5f7e715941d089d77f97e789531918b
2025-09-30 21:19:43,245 [WARNING] 网络连接错误: HTTPSConnectionPool(host='bmclapi2.bangbang93.com', port=443): Max retries exceeded with url: /assets/2b/2b4f4deceec8620529a32804c002807e1ec4341e (Caused by SSLError(OSError(24, 'Too many open files')))
2025-09-30 21:19:43,246 [INFO] 尝试使用HTTP协议: http://bmclapi2.bangbang93.com/assets/77/771cae5478daa79c850470d8bd06cf880fab04a9
2025-09-30 21:19:43,347 [INFO] 尝试使用HTTP协议: http://bmclapi2.bangbang93.com/assets/4b/4b63d4da2bea032e4573b985ab3908a8b99a98de
2025-09-30 21:19:43,349 [INFO] 尝试使用HTTP协议: http://bmclapi2.bangbang93.com/assets/2f/2fe735984961470b6f3edff20ccc34bc90a35ffa
2025-09-30 21:19:39,337 [WARNING] 网络连接错误: HTTPSConnectionPool(host='bmclapi2.bangbang93.com', port=443): Max retries exceeded with url: /assets/b9/b99e052c58dd8a95606292a1dc252c2a824dbf40 (Caused by SSLError(OSError(24, 'Too many open files')))
2025-09-30 21:19:43,431 [INFO] 尝试使用HTTP协议: http://bmclapi2.bangbang93.com/assets/c3/c326c225c104b675adf31bb5536a23ac7f2cd862
2025-09-30 21:19:39,337 [WARNING] HTTP协议也失败: HTTPSConnectionPool(host='bmclapi2.bangbang93.com', port=443): Max retries exceeded with url: /assets/61/6189d20ac2b2f05ef3e7e5485942be88d69307e4 (Caused by SSLError(OSError(24, 'Too many open files')))
2025-09-30 21:19:43,462 [WARNING] 网络连接错误: HTTPSConnectionPool(host='bmclapi2.bangbang93.com', port=443): Max retries exceeded with url: /assets/01/01365c7ce1d328129648a910a9413d8d59d7b831 (Caused by SSLError(OSError(24, 'Too many open files')))
2025-09-30 21:19:43,473 [INFO] 尝试使用HTTP协议: http://bmclapi2.bangbang93.com/assets/47/47ed66641523134ad5f07e41e8fef27000c88454
2025-09-30 21:19:43,527 [INFO] 尝试使用HTTP协议: http://bmclapi2.bangbang93.com/assets/45/455eb202c42b52ea55893d9e5b74ec100a2efb67
2025-09-30 21:19:43,583 [WARNING] HTTP协议也失败: HTTPSConnectionPool(host='bmclapi2.bangbang93.com', port=443): Max retries exceeded with url: /assets/40/40e3afa69dacc9eeec0f4e39a02e8c67b70f1e0b (Caused by SSLError(OSError(24, 'Too many open files')))
2025-09-30 21:19:43,612 [INFO] 尝试使用HTTP协议: http://bmclapi2.bangbang93.com/assets/c8/c8ab43d9d879323c65366ff56387d9c29cf3d64e
2025-09-30 21:19:43,626 [WARNING] HTTP协议也失败: HTTPSConnectionPool(host='bmclapi2.bangbang93.com', port=443): Max retries exceeded with url: /assets/c1/c15f4576c221d1b81601594fc2d21cdda5b14d0a (Caused by SSLError(OSError(24, 'Too many open files')))
2025-09-30 21:19:43,636 [WARNING] 网络连接错误: HTTPSConnectionPool(host='bmclapi2.bangbang93.com', port=443): Max retries exceeded with url: /assets/9d/9d3e89d6d1e14810523b335ee3eb06685284808b (Caused by SSLError(OSError(24, 'Too many open files')))
2025-09-30 21:19:43,638 [WARNING] 网络连接错误: HTTPSConnectionPool(host='bmclapi2.bangbang93.com', port=443): Max retries exceeded with url: /assets/fd/fdf2347d0f787cba3b39312138f26acbb26a0ba2 (Caused by SSLError(OSError(24, 'Too many open files')))
2025-09-30 21:19:43,669 [WARNING] 网络连接错误: HTTPSConnectionPool(host='bmclapi2.bangbang93.com', port=443): Max retries exceeded with url: /assets/70/705e04dba52523e7d58f5a90a837ddcd4b8c116a (Caused by SSLError(OSError(24, 'Too many open files')))
2025-09-30 21:19:43,669 [WARNING] HTTP协议也失败: HTTPSConnectionPool(host='bmclapi2.bangbang93.com', port=443): Max retries exceeded with url: /assets/d9/d98b20e6d3dc4b39be27376af785f5098a7eeb8d (Caused by SSLError(OSError(24, 'Too many open files')))
2025-09-30 21:19:43,680 [WARNING] 网络连接错误: HTTPSConnectionPool(host='bmclapi2.bangbang93.com', port=443): Max retries exceeded with url: /assets/9b/9bfcb651cd20e9d33ca05bca5d9ca8ffdea4b9e0 (Caused by SSLError(OSError(24, 'Too many open files')))
2025-09-30 21:19:39,957 [WARNING] 网络连接错误: HTTPSConnectionPool(host='bmclapi2.bangbang93.com', port=443): Max retries exceeded with url: /assets/de/de538718f248c4ef4e94a7d84e3ef691c1d4c80f (Caused by SSLError(OSError(24, 'Too many open files')))
2025-09-30 21:19:43,685 [WARNING] 网络连接错误: HTTPSConnectionPool(host='bmclapi2.bangbang93.com', port=443): Max retries exceeded with url: /assets/fc/fcec8e0f15e782e2c3a01a21eadaa09a7a1172b4 (Caused by SSLError(OSError(24, 'Too many open files')))
2025-09-30 21:19:43,686 [WARNING] HTTP协议也失败: HTTPSConnectionPool(host='bmclapi2.bangbang93.com', port=443): Max retries exceeded with url: /assets/79/79bbfd39280e2802b2b5718b301c203aad1910c7 (Caused by SSLError(OSError(24, 'Too many open files')))
2025-09-30 21:19:43,686 [INFO] 尝试使用HTTP协议: http://bmclapi2.bangbang93.com/assets/bf/bfe4b85a831fccf945b8e4b4349b0299e42ce3a4
2025-09-30 21:19:43,686 [WARNING] HTTP协议也失败: HTTPSConnectionPool(host='bmclapi2.bangbang93.com', port=443): Max retries exceeded with url: /assets/c0/c05d9ec6189da10f1a353eba44b2dd848e76ae15 (Caused by SSLError(OSError(24, 'Too many open files')))
2025-09-30 21:19:43,692 [INFO] 尝试使用HTTP协议: http://bmclapi2.bangbang93.com/assets/50/50705bafa6ea7a7762df77040f52425db3280574
2025-09-30 21:19:43,695 [WARNING] HTTP协议也失败: HTTPSConnectionPool(host='bmclapi2.bangbang93.com', port=443): Max retries exceeded with url: /assets/85/853943f6b6a3eeefeb973ceab6f74129e68de8e5 (Caused by SSLError(OSError(24, 'Too many open files')))
2025-09-30 21:19:43,695 [INFO] 尝试使用HTTP协议: http://bmclapi2.bangbang93.com/assets/94/940857260315b22485252b6c29f9bd2328559d84
2025-09-30 21:19:43,696 [WARNING] 网络连接错误: HTTPSConnectionPool(host='bmclapi2.bangbang93.com', port=443): Max retries exceeded with url: /assets/b6/b6728209a0fab9be659084ac19d0204fc2407711 (Caused by SSLError(OSError(24, 'Too many open files')))
2025-09-30 21:19:43,804 [WARNING] 网络连接错误: HTTPSConnectionPool(host='bmclapi2.bangbang93.com', port=443): Max retries exceeded with url: /assets/41/4192122bdaa7d007518f938df4042dab1ae81149 (Caused by SSLError(OSError(24, 'Too many open files')))
2025-09-30 21:19:43,893 [INFO] 尝试使用HTTP协议: http://bmclapi2.bangbang93.com/assets/45/4553885dcba9ad468a6cbda4f809d27eed83aeee
2025-09-30 21:19:40,204 [WARNING] 网络连接错误: HTTPSConnectionPool(host='bmclapi2.bangbang93.com', port=443): Max retries exceeded with url: /assets/14/14109863585f1de53d9bb7957089bfde8ea69f7b (Caused by SSLError(OSError(24, 'Too many open files')))
2025-09-30 21:19:43,961 [WARNING] 网络连接错误: HTTPSConnectionPool(host='bmclapi2.bangbang93.com', port=443): Max retries exceeded with url: /assets/03/038cff4932ee56b62e5c77f334dd5298c7cff1ae (Caused by SSLError(OSError(24, 'Too many open files')))
2025-09-30 21:19:44,014 [INFO] 尝试使用HTTP协议: http://bmclapi2.bangbang93.com/assets/e8/e8f38c7550086025456c11fd99d57fece0f4f79b
2025-09-30 21:19:44,016 [WARNING] 网络连接错误: HTTPSConnectionPool(host='bmclapi2.bangbang93.com', port=443): Max retries exceeded with url: /assets/f3/f32d15105885aa1a9956caa8032cc0b1e42cdd39 (Caused by SSLError(OSError(24, 'Too many open files')))
2025-09-30 21:19:40,477 [INFO] 尝试使用HTTP协议: http://bmclapi2.bangbang93.com/assets/85/85539a26d936aa5cbbd328f98a16d9cdebab2d01
2025-09-30 21:19:40,477 [INFO] 尝试使用HTTP协议: http://bmclapi2.bangbang93.com/assets/e1/e1e49df3d3f8c96746d5424104648e3ab4eb24fc
2025-09-30 21:19:44,138 [WARNING] HTTP协议也失败: HTTPSConnectionPool(host='bmclapi2.bangbang93.com', port=443): Max retries exceeded with url: /assets/93/93bf9534ab5112b8bf4c0a923f59fd544cda72db (Caused by SSLError(OSError(24, 'Too many open files')))
2025-09-30 21:19:44,282 [INFO] 尝试使用HTTP协议: http://bmclapi2.bangbang93.com/assets/dd/dddf0943e0b94ecaa09670cb9f1d51f0d68a719f
2025-09-30 21:19:44,282 [WARNING] HTTP协议也失败: HTTPSConnectionPool(host='bmclapi2.bangbang93.com', port=443): Max retries exceeded with url: /assets/c5/c58202838caf73242f039ecbcdafbc10f7bb9111 (Caused by SSLError(OSError(24, 'Too many open files')))
2025-09-30 21:19:44,283 [WARNING] 网络连接错误: HTTPSConnectionPool(host='bmclapi2.bangbang93.com', port=443): Max retries exceeded with url: /assets/f7/f7115c7f46d066c30fb62e85a9957e7d3c16b82f (Caused by SSLError(OSError(24, 'Too many open files')))
2025-09-30 21:19:44,291 [WARNING] 网络连接错误: HTTPSConnectionPool(host='bmclapi2.bangbang93.com', port=443): Max retries exceeded with url: /assets/80/808f9db277e7e6a7a0061bd283d85a229dabb1bc (Caused by SSLError(OSError(24, 'Too many open files')))
2025-09-30 21:19:44,361 [INFO] 尝试使用HTTP协议: http://bmclapi2.bangbang93.com/assets/9f/9f8d9380de46bf37ecb6c000663c40b176e62948
2025-09-30 21:19:40,578 [WARNING] 网络连接错误: HTTPSConnectionPool(host='bmclapi2.bangbang93.com', port=443): Max retries exceeded with url: /assets/ae/ae6106cfedda9b9d250fd193f0487e1b3531d6ae (Caused by SSLError(OSError(24, 'Too many open files')))
2025-09-30 21:19:40,252 [WARNING] 网络连接错误: HTTPSConnectionPool(host='bmclapi2.bangbang93.com', port=443): Max retries exceeded with url: /assets/51/517a67bab994f6605fe10596da833b6185695dfe (Caused by SSLError(OSError(24, 'Too many open files')))
2025-09-30 21:19:40,252 [WARNING] HTTP协议也失败: HTTPSConnectionPool(host='bmclapi2.bangbang93.com', port=443): Max retries exceeded with url: /assets/7c/7c26ac099f78d5f8d147ee6204036c1dc4cde134 (Caused by SSLError(OSError(24, 'Too many open files')))
2025-09-30 21:19:40,254 [WARNING] HTTP协议也失败: HTTPSConnectionPool(host='bmclapi2.bangbang93.com', port=443): Max retries exceeded with url: /assets/a2/a2c420c177d06113c82183298507a01bd5f30192 (Caused by SSLError(OSError(24, 'Too many open files')))
2025-09-30 21:19:40,260 [INFO] 尝试使用HTTP协议: http://bmclapi2.bangbang93.com/assets/e2/e28ea96f8a617dd17576718af898ba2c2a7d0c69
2025-09-30 21:19:40,343 [INFO] 尝试使用HTTP协议: http://bmclapi2.bangbang93.com/assets/96/9616fac7e99fda83764ab9cf39d522ee7930b33d
2025-09-30 21:19:40,490 [WARNING] HTTP协议也失败: HTTPSConnectionPool(host='bmclapi2.bangbang93.com', port=443): Max retries exceeded with url: /assets/9d/9d4c8962c167d0c694b94b401a4e89ee2429177f (Caused by SSLError(OSError(24, 'Too many open files')))
2025-09-30 21:19:40,660 [WARNING] 网络连接错误: HTTPSConnectionPool(host='bmclapi2.bangbang93.com', port=443): Max retries exceeded with url: /assets/c0/c08f6bfa8c0008932a3ebbd73f7fa32964802b50 (Caused by SSLError(OSError(24, 'Too many open files')))
2025-09-30 21:19:40,661 [WARNING] HTTP协议也失败: HTTPSConnectionPool(host='bmclapi2.bangbang93.com', port=443): Max retries exceeded with url: /assets/9c/9c0455315f3c1f3c9faf9e6ea2b3eed852cb7e04 (Caused by SSLError(OSError(24, 'Too many open files')))
2025-09-30 21:19:40,661 [WARNING] 网络连接错误: HTTPSConnectionPool(host='bmclapi2.bangbang93.com', port=443): Max retries exceeded with url: /assets/ec/ec1ba06efabc9960bb37c14791d494bfc6f8f5e8 (Caused by SSLError(OSError(24, 'Too many open files')))
2025-09-30 21:19:40,872 [WARNING] 网络连接错误: HTTPSConnectionPool(host='bmclapi2.bangbang93.com', port=443): Max retries exceeded with url: /assets/37/377dd408d95fda9e9379776349c69e813d4e1389 (Caused by SSLError(OSError(24, 'Too many open files')))
2025-09-30 21:19:40,901 [WARNING] 网络连接错误: HTTPSConnectionPool(host='bmclapi2.bangbang93.com', port=443): Max retries exceeded with url: /assets/0c/0cff2cfc2ed0fe8607eabc98ee971c79c1a8c611 (Caused by SSLError(OSError(24, 'Too many open files')))
2025-09-30 21:19:40,903 [WARNING] HTTP协议也失败: HTTPSConnectionPool(host='bmclapi2.bangbang93.com', port=443): Max retries exceeded with url: /assets/3b/3b383b2809b37b9eb1f4fea0d1069a55e8e8b949 (Caused by SSLError(OSError(24, 'Too many open files')))
2025-09-30 21:19:40,903 [WARNING] HTTP协议也失败: HTTPSConnectionPool(host='bmclapi2.bangbang93.com', port=443): Max retries exceeded with url: /assets/84/841c8ce0aab798fd3a351df5d4dbd7d33d93cc86 (Caused by SSLError(OSError(24, 'Too many open files')))
2025-09-30 21:19:40,903 [WARNING] HTTP协议也失败: HTTPSConnectionPool(host='bmclapi2.bangbang93.com', port=443): Max retries exceeded with url: /assets/5f/5f99cc54eba4f024e28b1bdacd005112d53fa511 (Caused by SSLError(OSError(24, 'Too many open files')))
2025-09-30 21:19:40,929 [INFO] 尝试使用HTTP协议: http://bmclapi2.bangbang93.com/assets/42/42429ae14b45439a7017145063b2cceea99ab2fc
2025-09-30 21:19:40,995 [WARNING] HTTP协议也失败: HTTPSConnectionPool(host='bmclapi2.bangbang93.com', port=443): Max retries exceeded with url: /assets/84/8485b20a62a0d364fe713be63df20c8a93181406 (Caused by SSLError(OSError(24, 'Too many open files')))
2025-09-30 21:19:41,233 [WARNING] HTTP协议也失败: HTTPSConnectionPool(host='bmclapi2.bangbang93.com', port=443): Max retries exceeded with url: /assets/c8/c8bb74a4365de2128cb42c52f261f6e260c5db0d (Caused by SSLError(OSError(24, 'Too many open files')))
2025-09-30 21:19:41,238 [WARNING] HTTP协议也失败: HTTPSConnectionPool(host='bmclapi2.bangbang93.com', port=443): Max retries exceeded with url: /assets/b2/b2c137da3b3c4a462af349c2e12eaf54e2c6f86a (Caused by SSLError(OSError(24, 'Too many open files')))
2025-09-30 21:19:41,240 [INFO] 尝试使用HTTP协议: http://bmclapi2.bangbang93.com/assets/c5/c5f10ae239087e3e036a1db50111b0d44d6ccf76
2025-09-30 21:19:41,093 [WARNING] HTTP协议也失败: HTTPSConnectionPool(host='bmclapi2.bangbang93.com', port=443): Max retries exceeded with url: /assets/24/2409d173c2c19bff5866c74288995db5b38b8c04 (Caused by SSLError(OSError(24, 'Too many open files')))
2025-09-30 21:19:41,295 [INFO] 尝试使用HTTP协议: http://bmclapi2.bangbang93.com/assets/67/67acf728cd0279728fc1704c58ab1a2f6e1cdb67
2025-09-30 21:19:41,354 [WARNING] HTTP协议也失败: HTTPSConnectionPool(host='bmclapi2.bangbang93.com', port=443): Max retries exceeded with url: /assets/4c/4c2d24d500c67e4cb7a2aa82bb1c1964bb23091e (Caused by SSLError(OSError(24, 'Too many open files')))
2025-09-30 21:19:41,379 [WARNING] HTTP协议也失败: HTTPSConnectionPool(host='bmclapi2.bangbang93.com', port=443): Max retries exceeded with url: /assets/79/79d857276b703fdf9f8be7c35fee276f20d2217e (Caused by SSLError(OSError(24, 'Too many open files')))
2025-09-30 21:19:41,404 [WARNING] 网络连接错误: HTTPSConnectionPool(host='bmclapi2.bangbang93.com', port=443): Max retries exceeded with url: /assets/c5/c5899fcf465776f0037779a16fdf1854fc8463ab (Caused by SSLError(OSError(24, 'Too many open files')))
2025-09-30 21:19:41,247 [WARNING] HTTP协议也失败: HTTPSConnectionPool(host='bmclapi2.bangbang93.com', port=443): Max retries exceeded with url: /assets/b3/b3c9e67bcaa5889bfdf0889fd09210c381c63376 (Caused by SSLError(OSError(24, 'Too many open files')))
2025-09-30 21:19:41,432 [WARNING] 网络连接错误: HTTPSConnectionPool(host='bmclapi2.bangbang93.com', port=443): Max retries exceeded with url: /assets/06/06491fc8f45f858876f05cd1ac71742f3a86f1e4 (Caused by SSLError(OSError(24, 'Too many open files')))
2025-09-30 21:19:41,483 [WARNING] 网络连接错误: HTTPSConnectionPool(host='bmclapi2.bangbang93.com', port=443): Max retries exceeded with url: /assets/37/3773c5cbc781cea28dc05da324310db9e872830d (Caused by SSLError(OSError(24, 'Too many open files')))
2025-09-30 21:19:41,485 [INFO] 尝试使用HTTP协议: http://bmclapi2.bangbang93.com/assets/1d/1d78d4afb5fcc5f1029658db91b3fd1779f30155
2025-09-30 21:19:41,493 [INFO] 尝试使用HTTP协议: http://bmclapi2.bangbang93.com/assets/59/595574dfa22c18712dbddd9f609d2bee2a1b9032
2025-09-30 21:19:41,499 [WARNING] HTTP协议也失败: HTTPSConnectionPool(host='bmclapi2.bangbang93.com', port=443): Max retries exceeded with url: /assets/2f/2fdc1630c74c7e10a0cd6d2046ae158d9926c960 (Caused by SSLError(OSError(24, 'Too many open files')))
2025-09-30 21:19:41,737 [WARNING] HTTP协议也失败: HTTPSConnectionPool(host='bmclapi2.bangbang93.com', port=443): Max retries exceeded with url: /assets/28/28c1c3858c3ca4cc6f7a8fc2de3c4864ba54e204 (Caused by SSLError(OSError(24, 'Too many open files')))
2025-09-30 21:19:41,661 [WARNING] 网络连接错误: HTTPSConnectionPool(host='bmclapi2.bangbang93.com', port=443): Max retries exceeded with url: /assets/d8/d80a8adf60b42ba1edc015e394f786e7d8a4f58c (Caused by SSLError(OSError(24, 'Too many open files')))
2025-09-30 21:19:41,733 [WARNING] 网络连接错误: HTTPSConnectionPool(host='bmclapi2.bangbang93.com', port=443): Max retries exceeded with url: /assets/29/295f048e8370d397aa4813172d10b2e1b1bd2409 (Caused by SSLError(OSError(24, 'Too many open files')))
2025-09-30 21:19:41,799 [WARNING] 网络连接错误: HTTPSConnectionPool(host='bmclapi2.bangbang93.com', port=443): Max retries exceeded with url: /assets/eb/ebfaffb897611c1edf4ea6f2add562c41a51eb8b (Caused by SSLError(OSError(24, 'Too many open files')))
2025-09-30 21:19:41,882 [INFO] 尝试使用HTTP协议: http://bmclapi2.bangbang93.com/assets/30/309f360ea3ad1fb4b6ef78e5bb209d6cb415dd5c
2025-09-30 21:19:41,974 [INFO] 尝试使用HTTP协议: http://bmclapi2.bangbang93.com/assets/24/248d09d3f4cb85c4dff2ba0c927b60de9fc44ec2
2025-09-30 21:19:41,999 [WARNING] HTTP协议也失败: HTTPSConnectionPool(host='bmclapi2.bangbang93.com', port=443): Max retries exceeded with url: /assets/f2/f2fcb54f88e85b5cc704358208395451c106ad1a (Caused by SSLError(OSError(24, 'Too many open files')))
2025-09-30 21:19:42,010 [INFO] 尝试使用HTTP协议: http://bmclapi2.bangbang93.com/assets/ce/ce7bcce2a58673654f76816af6c73f24823b5d2e
2025-09-30 21:19:42,094 [WARNING] 网络连接错误: HTTPSConnectionPool(host='bmclapi2.bangbang93.com', port=443): Max retries exceeded with url: /assets/39/3967b91cfd2cdd497654fb1a30cdea3542bcacc7 (Caused by SSLError(OSError(24, 'Too many open files')))
2025-09-30 21:19:42,096 [WARNING] 网络连接错误: HTTPSConnectionPool(host='bmclapi2.bangbang93.com', port=443): Max retries exceeded with url: /assets/99/9955e190530db9fbbf2f527b0d60ac738b6a77ca (Caused by SSLError(OSError(24, 'Too many open files')))
2025-09-30 21:19:42,100 [WARNING] 网络连接错误: HTTPSConnectionPool(host='bmclapi2.bangbang93.com', port=443): Max retries exceeded with url: /assets/a7/a7d1972892b6af701d00185354b4a2b94a370bcd (Caused by SSLError(OSError(24, 'Too many open files')))
2025-09-30 21:19:41,953 [WARNING] 网络连接错误: HTTPSConnectionPool(host='bmclapi2.bangbang93.com', port=443): Max retries exceeded with url: /assets/88/88625ae1dfaf75726e37d23a0111429ad9ea5e56 (Caused by SSLError(OSError(24, 'Too many open files')))
2025-09-30 21:19:42,142 [WARNING] HTTP协议也失败: HTTPSConnectionPool(host='bmclapi2.bangbang93.com', port=443): Max retries exceeded with url: /assets/96/96314f3d851ca570a0f167121963d7c53f61c60f (Caused by SSLError(OSError(24, 'Too many open files')))
2025-09-30 21:19:42,174 [INFO] 尝试使用HTTP协议: http://bmclapi2.bangbang93.com/assets/56/56944ee7c95b870515401e6d7d9505fe0653fd9e
2025-09-30 21:19:42,178 [WARNING] HTTP协议也失败: HTTPSConnectionPool(host='bmclapi2.bangbang93.com', port=443): Max retries exceeded with url: /assets/bb/bb5b054c2e7e01baece3b8c1b3d07e394da270b8 (Caused by SSLError(OSError(24, 'Too many open files')))
2025-09-30 21:19:41,957 [WARNING] 网络连接错误: HTTPSConnectionPool(host='bmclapi2.bangbang93.com', port=443): Max retries exceeded with url: /assets/70/701c9f5d1a05b7f1db7b78ca2149dc5d236cca8b (Caused by SSLError(OSError(24, 'Too many open files')))
2025-09-30 21:19:42,247 [WARNING] 网络连接错误: HTTPSConnectionPool(host='bmclapi2.bangbang93.com', port=443): Max retries exceeded with url: /assets/32/324fdeb4e7ff88141d0bfe9b0d4558d59f0daf5c (Caused by SSLError(OSError(24, 'Too many open files')))
2025-09-30 21:19:42,248 [WARNING] 网络连接错误: HTTPSConnectionPool(host='bmclapi2.bangbang93.com', port=443): Max retries exceeded with url: /assets/cd/cd547d26573ab127a2cd668893dc85abb06fe84f (Caused by SSLError(OSError(24, 'Too many open files')))
2025-09-30 21:19:42,248 [INFO] 尝试使用HTTP协议: http://bmclapi2.bangbang93.com/assets/38/386730fb668bd471bfda86d21579840ca4943e4f
2025-09-30 21:19:42,252 [WARNING] HTTP协议也失败: HTTPSConnectionPool(host='bmclapi2.bangbang93.com', port=443): Max retries exceeded with url: /assets/18/18b3d3903494179868173d1f1dd0dc03f8de637a (Caused by SSLError(OSError(24, 'Too many open files')))
2025-09-30 21:19:38,618 [WARNING] 网络连接错误: HTTPSConnectionPool(host='bmclapi2.bangbang93.com', port=443): Max retries exceeded with url: /assets/44/44abacadab7273a1869e204101dcb2cf467b9d01 (Caused by SSLError(OSError(24, 'Too many open files')))
2025-09-30 21:19:42,390 [WARNING] 网络连接错误: HTTPSConnectionPool(host='7.rua93.online', port=443): Max retries exceeded with url: /download/d9b0467ea5af4ed27e9824177d0139cc16b838f0?name=d9b0467ea5af4ed27e9824177d0139cc16b838f0&s=zczbRLabxd2mxeixXdRNDKqYcc8&e=mg6laee7 (Caused by SSLError(OSError(24, 'Too many open files')))
2025-09-30 21:19:42,412 [WARNING] 网络连接错误: HTTPSConnectionPool(host='bmclapi2.bangbang93.com', port=443): Max retries exceeded with url: /assets/79/79565814c833a9a3161ddbda0ded8a9e015a67b6 (Caused by SSLError(OSError(24, 'Too many open files')))
2025-09-30 21:19:42,279 [WARNING] 网络连接错误: HTTPSConnectionPool(host='bmclapi2.bangbang93.com', port=443): Max retries exceeded with url: /assets/26/26b3a3050da842e651ab271fb2522cf248ede82d (Caused by SSLError(OSError(24, 'Too many open files')))
2025-09-30 21:19:42,480 [WARNING] HTTP协议也失败: HTTPSConnectionPool(host='bmclapi2.bangbang93.com', port=443): Max retries exceeded with url: /assets/c7/c7ee586c92e10e7edca3750eaf12c847722c27b6 (Caused by SSLError(OSError(24, 'Too many open files')))
2025-09-30 21:19:42,491 [INFO] 尝试使用HTTP协议: http://bmclapi2.bangbang93.com/assets/56/563f15f03500de05007a1283b906234b9e74b934
2025-09-30 21:19:42,527 [INFO] 尝试使用HTTP协议: http://bmclapi2.bangbang93.com/assets/a0/a0f85922a40f928d450f846340e63071d3c65293
2025-09-30 21:19:42,527 [WARNING] 网络连接错误: HTTPSConnectionPool(host='bmclapi2.bangbang93.com', port=443): Max retries exceeded with url: /assets/d7/d753c2a6d9690523d51eec325ad97eee58b32706 (Caused by SSLError(OSError(24, 'Too many open files')))
2025-09-30 21:19:42,722 [INFO] 尝试使用HTTP协议: http://bmclapi2.bangbang93.com/assets/d2/d2be579e57ef1e500b5435abd83ee7fdf8c261c8
2025-09-30 21:19:42,771 [INFO] 尝试使用HTTP协议: http://bmclapi2.bangbang93.com/assets/53/539290770406876dd05593efada83ff5db358ed6
2025-09-30 21:19:42,771 [WARNING] HTTP协议也失败: HTTPSConnectionPool(host='bmclapi2.bangbang93.com', port=443): Max retries exceeded with url: /assets/dc/dc0d35cfa96ebf706de43d062418305b7e287a83 (Caused by SSLError(OSError(24, 'Too many open files')))
2025-09-30 21:19:42,772 [WARNING] 网络连接错误: HTTPSConnectionPool(host='bmclapi2.bangbang93.com', port=443): Max retries exceeded with url: /assets/d4/d43c0400858983fd3d6d5cc4243f6a532961ca79 (Caused by SSLError(OSError(24, 'Too many open files')))
2025-09-30 21:19:42,790 [WARNING] 网络连接错误: HTTPSConnectionPool(host='bmclapi2.bangbang93.com', port=443): Max retries exceeded with url: /assets/ac/acaab88f2be1efe9880b5698381432fb57be9c85 (Caused by SSLError(OSError(24, 'Too many open files')))
2025-09-30 21:19:42,790 [WARNING] 网络连接错误: HTTPSConnectionPool(host='bmclapi2.bangbang93.com', port=443): Max retries exceeded with url: /assets/de/dea7b51e9a3c6f6caa547622cbd7c4c62e1540ca (Caused by SSLError(OSError(24, 'Too many open files')))
2025-09-30 21:19:42,511 [WARNING] HTTP协议也失败: HTTPSConnectionPool(host='bmclapi2.bangbang93.com', port=443): Max retries exceeded with url: /assets/35/3558e4e13ba3829cc69f1268581e30b962416816 (Caused by SSLError(OSError(24, 'Too many open files')))
2025-09-30 21:19:42,904 [INFO] 尝试使用HTTP协议: http://bmclapi2.bangbang93.com/assets/c1/c135cc7d343007fd57558f70c787f708d49bd268
2025-09-30 21:19:43,030 [INFO] 尝试使用HTTP协议: http://bmclapi2.bangbang93.com/assets/5e/5efd47f4bde0841741418d8ec3a1268b78a6d94c
2025-09-30 21:19:43,042 [INFO] 尝试使用HTTP协议: http://bmclapi2.bangbang93.com/assets/7b/7be87ed58c69281103a4bed34737f6058a2d31d7
2025-09-30 21:19:43,075 [WARNING] 网络连接错误: HTTPSConnectionPool(host='bmclapi2.bangbang93.com', port=443): Max retries exceeded with url: /assets/49/49d29b0b9c9b39c7c99998f528e7e13923e11260 (Caused by SSLError(OSError(24, 'Too many open files')))
2025-09-30 21:19:43,204 [WARNING] 网络连接错误: HTTPSConnectionPool(host='bmclapi2.bangbang93.com', port=443): Max retries exceeded with url: /assets/d3/d3c9081f7b79e5402a7060419173d889e59d297d (Caused by SSLError(OSError(24, 'Too many open files')))
2025-09-30 21:19:43,182 [INFO] 尝试使用HTTP协议: http://bmclapi2.bangbang93.com/assets/95/95505e333c3b7fd1946fdfea15573864285c99e9
2025-09-30 21:19:43,263 [WARNING] HTTP协议也失败: HTTPSConnectionPool(host='bmclapi2.bangbang93.com', port=443): Max retries exceeded with url: /assets/70/7009ad9e386de37fdf4c7fa56f0a0a1ba138e736 (Caused by SSLError(OSError(24, 'Too many open files')))
2025-09-30 21:19:43,272 [INFO] 尝试使用HTTP协议: http://bmclapi2.bangbang93.com/assets/1e/1e68a44f65699cedc9b0b60f67a67ca1e71e5507
2025-09-30 21:19:43,275 [WARNING] 网络连接错误: HTTPSConnectionPool(host='bmclapi2.bangbang93.com', port=443): Max retries exceeded with url: /assets/53/539444ea45e17cf39db2363068952eee74c0623d (Caused by SSLError(OSError(24, 'Too many open files')))
2025-09-30 21:19:43,275 [WARNING] HTTP协议也失败: HTTPSConnectionPool(host='bmclapi2.bangbang93.com', port=443): Max retries exceeded with url: /assets/8e/8ea7441d6e84805615159a7d87f2aa01d9f4c1f1 (Caused by SSLError(OSError(24, 'Too many open files')))
2025-09-30 21:19:43,303 [WARNING] 网络连接错误: HTTPSConnectionPool(host='bmclapi2.bangbang93.com', port=443): Max retries exceeded with url: /assets/8a/8a65f8b0dbf5509455f2d211c416df9dd4379ada (Caused by SSLError(OSError(24, 'Too many open files')))
2025-09-30 21:19:43,303 [WARNING] 网络连接错误: HTTPSConnectionPool(host='bmclapi2.bangbang93.com', port=443): Max retries exceeded with url: /assets/c4/c43c957559b9b464807d5f16009015ff774480cd (Caused by SSLError(OSError(24, 'Too many open files')))
2025-09-30 21:19:43,278 [WARNING] 网络连接错误: HTTPSConnectionPool(host='bmclapi2.bangbang93.com', port=443): Max retries exceeded with url: /assets/31/3109ae0a1d33b78d564824292222cad6966608a6 (Caused by SSLError(OSError(24, 'Too many open files')))
2025-09-30 21:19:39,332 [INFO] 尝试使用HTTP协议: http://bmclapi2.bangbang93.com/assets/f7/f7afa9f94ab6e8f64d3fb45d0b848a56931c0462
2025-09-30 21:19:43,525 [INFO] 尝试使用HTTP协议: http://bmclapi2.bangbang93.com/assets/2b/2b4f4deceec8620529a32804c002807e1ec4341e
2025-09-30 21:19:43,543 [WARNING] 网络连接错误: HTTPSConnectionPool(host='bmclapi2.bangbang93.com', port=443): Max retries exceeded with url: /assets/01/011aa5653f55c61f33db064b0e356e7d9e498cda (Caused by SSLError(OSError(24, 'Too many open files')))
2025-09-30 21:19:43,546 [WARNING] HTTP协议也失败: HTTPSConnectionPool(host='bmclapi2.bangbang93.com', port=443): Max retries exceeded with url: /assets/9a/9a079fc614f1b5ea6ce4dd57a408d591a05447ef (Caused by SSLError(OSError(24, 'Too many open files')))
2025-09-30 21:19:43,562 [INFO] 尝试使用HTTP协议: http://bmclapi2.bangbang93.com/assets/67/672de5ad67eabcc62f2a71cb19d3bceb60e5fc4a
2025-09-30 21:19:43,573 [INFO] 尝试使用HTTP协议: http://bmclapi2.bangbang93.com/assets/b9/b99e052c58dd8a95606292a1dc252c2a824dbf40
2025-09-30 21:19:43,471 [WARNING] 网络连接错误: HTTPSConnectionPool(host='bmclapi2.bangbang93.com', port=443): Max retries exceeded with url: /assets/02/02ddd8dece2f0e0ebbcccd0b8c1530ac48716494 (Caused by SSLError(OSError(24, 'Too many open files')))
2025-09-30 21:19:43,644 [WARNING] 网络连接错误: HTTPSConnectionPool(host='bmclapi2.bangbang93.com', port=443): Max retries exceeded with url: /assets/5e/5eec2047e7ef4aeda077e448768e9d1cb528050b (Caused by SSLError(OSError(24, 'Too many open files')))
2025-09-30 21:19:43,644 [INFO] 尝试使用HTTP协议: http://bmclapi2.bangbang93.com/assets/83/83cf0ff6d3ff09f0c4209a91325c5525e10848e8
2025-09-30 21:19:43,644 [WARNING] HTTP协议也失败: HTTPSConnectionPool(host='bmclapi2.bangbang93.com', port=443): Max retries exceeded with url: /assets/e3/e3c1133e11b01dbf63afed83e5e1d63f7fcb23d2 (Caused by SSLError(OSError(24, 'Too many open files')))
2025-09-30 21:19:43,822 [WARNING] 网络连接错误: HTTPSConnectionPool(host='bmclapi2.bangbang93.com', port=443): Max retries exceeded with url: /assets/86/86f495c4d08c6e4441759d58fcea059943fece1c (Caused by SSLError(OSError(24, 'Too many open files')))
2025-09-30 21:19:43,827 [INFO] 尝试使用HTTP协议: http://bmclapi2.bangbang93.com/assets/01/01365c7ce1d328129648a910a9413d8d59d7b831
2025-09-30 21:19:43,998 [WARNING] HTTP协议也失败: HTTPSConnectionPool(host='bmclapi2.bangbang93.com', port=443): Max retries exceeded with url: /assets/fd/fd9f79c0bf153332df5edf59b3fadb5f93539a30 (Caused by SSLError(OSError(24, 'Too many open files')))
2025-09-30 21:19:44,000 [WARNING] HTTP协议也失败: HTTPSConnectionPool(host='bmclapi2.bangbang93.com', port=443): Max retries exceeded with url: /assets/53/5340d653099dcccd01062c6ee453f28a7b5684bc (Caused by SSLError(OSError(24, 'Too many open files')))
2025-09-30 21:19:44,094 [WARNING] HTTP协议也失败: HTTPSConnectionPool(host='bmclapi2.bangbang93.com', port=443): Max retries exceeded with url: /assets/4c/4c84011d7576f1a0dbdf0691ab8a4d102f8ba98e (Caused by SSLError(OSError(24, 'Too many open files')))
2025-09-30 21:19:44,230 [WARNING] 网络连接错误: HTTPSConnectionPool(host='bmclapi2.bangbang93.com', port=443): Max retries exceeded with url: /assets/48/48be42bf39686e758bf872b1ff6044dee06a8676 (Caused by SSLError(OSError(24, 'Too many open files')))
2025-09-30 21:19:44,303 [INFO] 尝试使用HTTP协议: http://bmclapi2.bangbang93.com/assets/fd/fdf2347d0f787cba3b39312138f26acbb26a0ba2
2025-09-30 21:19:44,305 [WARNING] 网络连接错误: HTTPSConnectionPool(host='bmclapi2.bangbang93.com', port=443): Max retries exceeded with url: /assets/12/127b46924330c96a1001c550084d2ce873526dc1 (Caused by SSLError(OSError(24, 'Too many open files')))
2025-09-30 21:19:44,306 [INFO] 尝试使用HTTP协议: http://bmclapi2.bangbang93.com/assets/36/362da2df9f0b4d43d7c09767314e3b9df9f280da
2025-09-30 21:19:44,341 [WARNING] HTTP协议也失败: HTTPSConnectionPool(host='bmclapi2.bangbang93.com', port=443): Max retries exceeded with url: /assets/77/771cae5478daa79c850470d8bd06cf880fab04a9 (Caused by SSLError(OSError(24, 'Too many open files')))
2025-09-30 21:19:44,347 [WARNING] 网络连接错误: HTTPSConnectionPool(host='bmclapi2.bangbang93.com', port=443): Max retries exceeded with url: /assets/44/4450225471acf6c3ecbd2ee86f21a8c58bb18a75 (Caused by SSLError(OSError(24, 'Too many open files')))
2025-09-30 21:19:39,911 [INFO] 尝试使用HTTP协议: http://bmclapi2.bangbang93.com/assets/19/19a5baec8f25afdc2c69d2fcbc8ba1539c6654de
2025-09-30 21:19:44,369 [WARNING] 网络连接错误: HTTPSConnectionPool(host='bmclapi6.iusi.cn', port=443): Max retries exceeded with url: /download/b85c213aed6546ec8686f23f6c067886c8877ef3?name=b85c213aed6546ec8686f23f6c067886c8877ef3&s=3tekRGty4aj5s4g1JAGU1rqrk_U&e=mg6lafuc (Caused by SSLError(OSError(24, 'Too many open files')))
2025-09-30 21:19:44,462 [INFO] 尝试使用HTTP协议: http://bmclapi2.bangbang93.com/assets/9b/9bfcb651cd20e9d33ca05bca5d9ca8ffdea4b9e0
2025-09-30 21:19:43,696 [INFO] 尝试使用HTTP协议: http://bmclapi2.bangbang93.com/assets/34/34045a5f85387fa6592e6466435e95825e171c25
2025-09-30 21:19:39,961 [WARNING] HTTP协议也失败: HTTPSConnectionPool(host='bmclapi2.bangbang93.com', port=443): Max retries exceeded with url: /assets/e2/e2269b8b16778ff810fb6202546b233a36d76a92 (Caused by SSLError(OSError(24, 'Too many open files')))
2025-09-30 21:19:44,628 [WARNING] HTTP协议也失败: HTTPSConnectionPool(host='bmclapi2.bangbang93.com', port=443): Max retries exceeded with url: /assets/49/498fa8e1d3dbf88fb4db534232f3cef53ccd198f (Caused by SSLError(OSError(24, 'Too many open files')))
2025-09-30 21:19:44,636 [INFO] 尝试使用HTTP协议: http://bmclapi2.bangbang93.com/assets/b6/b6728209a0fab9be659084ac19d0204fc2407711
2025-09-30 21:19:44,639 [INFO] 尝试使用HTTP协议: http://bmclapi2.bangbang93.com/assets/ba/ba7e3fd432297b977d426bd4a36d7d66b6cbaffc
2025-09-30 21:19:44,749 [WARNING] HTTP协议也失败: HTTPSConnectionPool(host='bmclapi2.bangbang93.com', port=443): Max retries exceeded with url: /assets/26/26531bcbcd4296469f610ff66b6b7261ad073cfd (Caused by SSLError(OSError(24, 'Too many open files')))
2025-09-30 21:19:44,752 [WARNING] 网络连接错误: HTTPSConnectionPool(host='bmclapi2.bangbang93.com', port=443): Max retries exceeded with url: /assets/7d/7dd9b7c4d8ea50a0f1320f316ea69aaa3b4a6ebf (Caused by SSLError(OSError(24, 'Too many open files')))
2025-09-30 21:19:44,754 [WARNING] HTTP协议也失败: HTTPSConnectionPool(host='bmclapi2.bangbang93.com', port=443): Max retries exceeded with url: /assets/75/75b7aaf6286f73ccf05d0fee7010e5a1967d0174 (Caused by SSLError(OSError(24, 'Too many open files')))
2025-09-30 21:19:44,791 [WARNING] 网络连接错误: HTTPSConnectionPool(host='bmclapi2.bangbang93.com', port=443): Max retries exceeded with url: /assets/33/33a598eac9b8af70ccc8fbc8d7256c3fe08d5966 (Caused by SSLError(OSError(24, 'Too many open files')))
2025-09-30 21:19:44,791 [WARNING] 网络连接错误: HTTPSConnectionPool(host='bmclapi2.bangbang93.com', port=443): Max retries exceeded with url: /assets/d0/d060341da2eb62bbbff0f5d12be555b3404a5238 (Caused by SSLError(OSError(24, 'Too many open files')))
2025-09-30 21:19:44,810 [WARNING] 网络连接错误: HTTPSConnectionPool(host='bmclapi2.bangbang93.com', port=443): Max retries exceeded with url: /assets/bf/bf6337ce53c58d489fc2be8bd8681b109338fb7a (Caused by SSLError(OSError(24, 'Too many open files')))
2025-09-30 21:19:44,810 [WARNING] 网络连接错误: HTTPSConnectionPool(host='bmclapi2.bangbang93.com', port=443): Max retries exceeded with url: /assets/62/62681ba4773e4825769bc16169847b7b160822bb (Caused by SSLError(OSError(24, 'Too many open files')))
2025-09-30 21:19:43,999 [WARNING] 网络连接错误: HTTPSConnectionPool(host='bmclapi2.bangbang93.com', port=443): Max retries exceeded with url: /assets/8d/8d7e8f796ab00a29c131326f39dbadd3c88f32e4 (Caused by SSLError(OSError(24, 'Too many open files')))
2025-09-30 21:19:44,960 [INFO] 尝试使用HTTP协议: http://bmclapi2.bangbang93.com/assets/14/14109863585f1de53d9bb7957089bfde8ea69f7b
2025-09-30 21:19:44,961 [INFO] 尝试使用HTTP协议: http://bmclapi2.bangbang93.com/assets/03/038cff4932ee56b62e5c77f334dd5298c7cff1ae
2025-09-30 21:19:44,985 [INFO] 尝试使用HTTP协议: http://bmclapi2.bangbang93.com/assets/f3/f32d15105885aa1a9956caa8032cc0b1e42cdd39
2025-09-30 21:19:45,057 [WARNING] 网络连接错误: HTTPSConnectionPool(host='bmclapi2.bangbang93.com', port=443): Max retries exceeded with url: /assets/c7/c70e4711a8ea34ab1e6f96382974be21fa612fa1 (Caused by SSLError(OSError(24, 'Too many open files')))
2025-09-30 21:19:45,071 [INFO] 尝试使用HTTP协议: http://bmclapi2.bangbang93.com/assets/40/40ab5638b37fea5a71010d619bd8cad3771e4ea9
2025-09-30 21:19:45,145 [WARNING] 网络连接错误: HTTPSConnectionPool(host='bmclapi2.bangbang93.com', port=443): Max retries exceeded with url: /assets/37/378d419f70b50e539947c300041ee22d5f0be9e5 (Caused by SSLError(OSError(24, 'Too many open files')))
2025-09-30 21:19:45,150 [WARNING] 网络连接错误: HTTPSConnectionPool(host='bmclapi2.bangbang93.com', port=443): Max retries exceeded with url: /assets/d3/d393e350b4f3aeac47789f5d310811a878da8382 (Caused by SSLError(OSError(24, 'Too many open files')))
2025-09-30 21:19:45,149 [WARNING] HTTP协议也失败: HTTPSConnectionPool(host='bmclapi2.bangbang93.com', port=443): Max retries exceeded with url: /assets/aa/aa8dea7b0f0654cecfa03d9aa50de638fb7a70a9 (Caused by SSLError(OSError(24, 'Too many open files')))
2025-09-30 21:19:45,192 [WARNING] 网络连接错误: HTTPSConnectionPool(host='bmclapi2.bangbang93.com', port=443): Max retries exceeded with url: /assets/04/0463c52f9e7b425006810c8146736416dd2b9231 (Caused by SSLError(OSError(24, 'Too many open files')))
2025-09-30 21:19:45,229 [WARNING] HTTP协议也失败: HTTPSConnectionPool(host='bmclapi2.bangbang93.com', port=443): Max retries exceeded with url: /assets/fc/fcc5c11ceb862e1fc2d50244dba66c7fe9d929bf (Caused by SSLError(OSError(24, 'Too many open files')))
2025-09-30 21:19:45,231 [WARNING] 网络连接错误: HTTPSConnectionPool(host='bmclapi2.bangbang93.com', port=443): Max retries exceeded with url: /assets/6c/6c89a8af10895729f1e774bee734013722e8299d (Caused by SSLError(OSError(24, 'Too many open files')))
2025-09-30 21:19:45,300 [INFO] 尝试使用HTTP协议: http://bmclapi2.bangbang93.com/assets/32/32665c2824be59c76034e08bf6ec1c02c67de441
2025-09-30 21:19:40,692 [WARNING] HTTP协议也失败: HTTPSConnectionPool(host='bmclapi2.bangbang93.com', port=443): Max retries exceeded with url: /assets/0f/0fdd2efdbf69b5d373294f16246408bd187442bf (Caused by SSLError(OSError(24, 'Too many open files')))
2025-09-30 21:19:45,448 [WARNING] 网络连接错误: HTTPSConnectionPool(host='bmclapi2.bangbang93.com', port=443): Max retries exceeded with url: /assets/48/48b4d2735290187a7302048789a155a2939b5cf0 (Caused by SSLError(OSError(24, 'Too many open files')))
2025-09-30 21:19:45,472 [INFO] 尝试使用HTTP协议: http://bmclapi2.bangbang93.com/assets/ec/ec1ba06efabc9960bb37c14791d494bfc6f8f5e8
2025-09-30 21:19:45,536 [WARNING] HTTP协议也失败: HTTPSConnectionPool(host='bmclapi2.bangbang93.com', port=443): Max retries exceeded with url: /assets/bb/bb3cdd562b205b4dd1f9a8e961fb5786006493fd (Caused by SSLError(OSError(24, 'Too many open files')))
2025-09-30 21:19:45,537 [WARNING] 网络连接错误: HTTPSConnectionPool(host='bmclapi2.bangbang93.com', port=443): Max retries exceeded with url: /assets/be/be1ee4c88215a9d0890ff9d7e1a0474cd0cf334f (Caused by SSLError(OSError(24, 'Too many open files')))
2025-09-30 21:19:45,540 [WARNING] HTTP协议也失败: HTTPSConnectionPool(host='bmclapi2.bangbang93.com', port=443): Max retries exceeded with url: /assets/c2/c26d0bb38d6891211eac92636de7e1cba146f6bd (Caused by SSLError(OSError(24, 'Too many open files')))
2025-09-30 21:19:45,585 [WARNING] HTTP协议也失败: HTTPSConnectionPool(host='bmclapi2.bangbang93.com', port=443): Max retries exceeded with url: /assets/45/4553885dcba9ad468a6cbda4f809d27eed83aeee (Caused by SSLError(OSError(24, 'Too many open files')))
2025-09-30 21:19:45,630 [WARNING] 网络连接错误: HTTPSConnectionPool(host='bmclapi2.bangbang93.com', port=443): Max retries exceeded with url: /assets/22/2252358c51750cfc65ee27f8217384ccbe55171e (Caused by SSLError(OSError(24, 'Too many open files')))
2025-09-30 21:19:45,635 [WARNING] 网络连接错误: HTTPSConnectionPool(host='bmclapi2.bangbang93.com', port=443): Max retries exceeded with url: /assets/ab/abcedf57588b2ea2fe3fcbd1032e3ab35f23a499 (Caused by SSLError(OSError(24, 'Too many open files')))
2025-09-30 21:19:45,640 [WARNING] 网络连接错误: HTTPSConnectionPool(host='bmclapi2.bangbang93.com', port=443): Max retries exceeded with url: /assets/e6/e6b75086107f28c2648c62cd3a0b52150190d1ed (Caused by SSLError(OSError(24, 'Too many open files')))
2025-09-30 21:19:45,681 [INFO] 尝试使用HTTP协议: http://bmclapi2.bangbang93.com/assets/cc/cca7bcc6a8a9bc0ee9218bfa9a8471cacb8b0148
2025-09-30 21:19:45,713 [INFO] 尝试使用HTTP协议: http://bmclapi2.bangbang93.com/assets/40/404350219666d9ba40343896d071a00697dacbb9
2025-09-30 21:19:41,385 [INFO] 尝试使用HTTP协议: http://bmclapi2.bangbang93.com/assets/c6/c67f469ee3d43a440ea5da854f4a3a52fd13f91a
2025-09-30 21:19:45,775 [WARNING] HTTP协议也失败: HTTPSConnectionPool(host='bmclapi2.bangbang93.com', port=443): Max retries exceeded with url: /assets/89/892b2053c7272c2a2f14f63c78b908a08b25adff (Caused by SSLError(OSError(24, 'Too many open files')))
2025-09-30 21:19:45,775 [WARNING] 网络连接错误: HTTPSConnectionPool(host='bmclapi2.bangbang93.com', port=443): Max retries exceeded with url: /assets/72/72280ef8562002f2cbe79cecf91f8391b92d80c3 (Caused by SSLError(OSError(24, 'Too many open files')))
2025-09-30 21:19:45,846 [WARNING] HTTP协议也失败: HTTPSConnectionPool(host='bmclapi2.bangbang93.com', port=443): Max retries exceeded with url: /assets/96/9616fac7e99fda83764ab9cf39d522ee7930b33d (Caused by SSLError(OSError(24, 'Too many open files')))
2025-09-30 21:19:45,863 [WARNING] HTTP协议也失败: HTTPSConnectionPool(host='bmclapi2.bangbang93.com', port=443): Max retries exceeded with url: /assets/43/435d823c6302e6f50d55a1af43cff06945ed452a (Caused by SSLError(OSError(24, 'Too many open files')))
2025-09-30 21:19:41,598 [WARNING] HTTP协议也失败: HTTPSConnectionPool(host='bmclapi2.bangbang93.com', port=443): Max retries exceeded with url: /assets/dc/dc549f1079da543b117180603c6d33980996c34d (Caused by SSLError(OSError(24, 'Too many open files')))
2025-09-30 21:19:41,662 [WARNING] 网络连接错误: HTTPSConnectionPool(host='bmclapi2.bangbang93.com', port=443): Max retries exceeded with url: /assets/f1/f16edd2531f260ab12ce55d6d68433f1dece9390 (Caused by SSLError(OSError(24, 'Too many open files')))
2025-09-30 21:19:41,976 [WARNING] 网络连接错误: HTTPSConnectionPool(host='bmclapi2.bangbang93.com', port=443): Max retries exceeded with url: /assets/25/2531bbaea203726d65d8aed31da576e2cec4fc74 (Caused by SSLError(OSError(24, 'Too many open files')))
2025-09-30 21:19:46,307 [INFO] 尝试使用HTTP协议: http://bmclapi2.bangbang93.com/assets/80/806fabe0425d34d9953f148ffe47cbd6dbedc500
2025-09-30 21:19:46,307 [INFO] 尝试使用HTTP协议: http://bmclapi2.bangbang93.com/assets/50/507a087f3c73af46f5cdcd229f75f36c53ee043f
2025-09-30 21:19:46,328 [WARNING] 网络连接错误: HTTPSConnectionPool(host='bmclapi2.bangbang93.com', port=443): Max retries exceeded with url: /assets/62/621c8e363ed571a9ece044cb05a6970414bc9d7b (Caused by SSLError(OSError(24, 'Too many open files')))
2025-09-30 21:19:46,328 [INFO] 尝试使用HTTP协议: http://bmclapi2.bangbang93.com/assets/37/3773c5cbc781cea28dc05da324310db9e872830d
2025-09-30 21:19:46,328 [INFO] 尝试使用HTTP协议: http://bmclapi2.bangbang93.com/assets/4c/4c7e2706d6840e1466cf056ae047ce947852cb09
2025-09-30 21:19:46,347 [WARNING] HTTP协议也失败: HTTPSConnectionPool(host='bmclapi2.bangbang93.com', port=443): Max retries exceeded with url: /assets/50/5056c670acb0cd350de812cf8cc1f7e7926e5d41 (Caused by SSLError(OSError(24, 'Too many open files')))
2025-09-30 21:19:42,001 [WARNING] HTTP协议也失败: HTTPSConnectionPool(host='bmclapi2.bangbang93.com', port=443): Max retries exceeded with url: /assets/07/07c4db76bf5dff677866d9317e7c8ee41e7f3e3a (Caused by SSLError(OSError(24, 'Too many open files')))
2025-09-30 21:19:46,442 [INFO] 尝试使用HTTP协议: http://bmclapi2.bangbang93.com/assets/2f/2facb0995b98997033ad5fea8fdd501b388ad8cd
2025-09-30 21:19:46,444 [INFO] 尝试使用HTTP协议: http://bmclapi2.bangbang93.com/assets/f0/f02183adf26fec7f79ae5b18ff6715cde7dd7f04
2025-09-30 21:19:46,542 [WARNING] 网络连接错误: HTTPSConnectionPool(host='bmclapi2.bangbang93.com', port=443): Max retries exceeded with url: /assets/05/050b58b93370995f984309c705e11b890e11a2d0 (Caused by SSLError(OSError(24, 'Too many open files')))
2025-09-30 21:19:46,542 [WARNING] HTTP协议也失败: HTTPSConnectionPool(host='bmclapi2.bangbang93.com', port=443): Max retries exceeded with url: /assets/76/760af46c92f93d599f3429e6f3c49795238ab603 (Caused by SSLError(OSError(24, 'Too many open files')))
2025-09-30 21:19:46,602 [INFO] 尝试使用HTTP协议: http://bmclapi2.bangbang93.com/assets/1e/1e92199e014633778dd7090c06fc2e04ed810f9c
2025-09-30 21:19:42,151 [WARNING] 网络连接错误: HTTPSConnectionPool(host='bmclapi2.bangbang93.com', port=443): Max retries exceeded with url: /assets/48/48c42f377d9120924b658330e152bb872b9a8dad (Caused by SSLError(OSError(24, 'Too many open files')))
2025-09-30 21:19:42,182 [WARNING] HTTP协议也失败: HTTPSConnectionPool(host='bmclapi2.bangbang93.com', port=443): Max retries exceeded with url: /assets/f1/f105728be2be6022abc58f4b341964bcc5315246 (Caused by SSLError(OSError(24, 'Too many open files')))
2025-09-30 21:19:46,652 [WARNING] 网络连接错误: HTTPSConnectionPool(host='bmclapi2.bangbang93.com', port=443): Max retries exceeded with url: /assets/45/452af45b1729ff634fb30662366616e0b5924001 (Caused by SSLError(OSError(24, 'Too many open files')))
2025-09-30 21:19:46,675 [WARNING] 网络连接错误: HTTPSConnectionPool(host='bmclapi2.bangbang93.com', port=443): Max retries exceeded with url: /assets/a8/a8008b64edce79bba47f0bee031d61e8cf993517 (Caused by SSLError(OSError(24, 'Too many open files')))
2025-09-30 21:19:46,675 [WARNING] 网络连接错误: HTTPSConnectionPool(host='bmclapi2.bangbang93.com', port=443): Max retries exceeded with url: /assets/87/87325e36738d7e7dadbddf82c06ec307ec4c1f10 (Caused by SSLError(OSError(24, 'Too many open files')))
2025-09-30 21:19:46,680 [WARNING] 网络连接错误: HTTPSConnectionPool(host='bmclapi2.bangbang93.com', port=443): Max retries exceeded with url: /assets/52/5244bc92929a6e50c79e1dbe1b51a602c3454d07 (Caused by SSLError(OSError(24, 'Too many open files')))
2025-09-30 21:19:46,702 [WARNING] 网络连接错误: HTTPSConnectionPool(host='bmclapi2.bangbang93.com', port=443): Max retries exceeded with url: /assets/90/902fba3f16593df6c4df433af4f210d060d2bb8f (Caused by SSLError(OSError(24, 'Too many open files')))
2025-09-30 21:19:46,767 [INFO] 尝试使用HTTP协议: http://bmclapi2.bangbang93.com/assets/af/afcad12625ae39469e9e2053d12030e90d3da360
2025-09-30 21:19:46,785 [WARNING] HTTP协议也失败: HTTPSConnectionPool(host='bmclapi2.bangbang93.com', port=443): Max retries exceeded with url: /assets/dc/dcbb4157877fbe0ba458fce5331441e593b68a71 (Caused by SSLError(OSError(24, 'Too many open files')))
2025-09-30 21:19:42,410 [INFO] 尝试使用HTTP协议: http://bmclapi2.bangbang93.com/assets/08/08c7eb4906bb0c2464f137092656336da53759d1
2025-09-30 21:19:46,855 [WARNING] HTTP协议也失败: HTTPSConnectionPool(host='bmclapi2.bangbang93.com', port=443): Max retries exceeded with url: /assets/d4/d419da1a4dfa239ea298171abc8d367a0a58a56d (Caused by SSLError(OSError(24, 'Too many open files')))
2025-09-30 21:19:46,952 [INFO] 尝试使用HTTP协议: http://bmclapi2.bangbang93.com/assets/d9/d9b0467ea5af4ed27e9824177d0139cc16b838f0
2025-09-30 21:19:47,014 [INFO] 尝试使用HTTP协议: http://bmclapi2.bangbang93.com/assets/26/26b3a3050da842e651ab271fb2522cf248ede82d
2025-09-30 21:19:47,014 [WARNING] 网络连接错误: HTTPSConnectionPool(host='bmclapi2.bangbang93.com', port=443): Max retries exceeded with url: /assets/70/7089d660db3e43a6061cff7f4a77b0b770ef4632 (Caused by SSLError(OSError(24, 'Too many open files')))
2025-09-30 21:19:47,067 [WARNING] 网络连接错误: HTTPSConnectionPool(host='bmclapi2.bangbang93.com', port=443): Max retries exceeded with url: /assets/2e/2e82bfffe303f65ee7c2c23b4b0b637b79ae0360 (Caused by SSLError(OSError(24, 'Too many open files')))
2025-09-30 21:19:47,304 [WARNING] 网络连接错误: HTTPSConnectionPool(host='bmclapi2.bangbang93.com', port=443): Max retries exceeded with url: /assets/5f/5f4becb2557c3da9947587eae18e0ef899769eeb (Caused by SSLError(OSError(24, 'Too many open files')))
2025-09-30 21:19:47,304 [WARNING] HTTP协议也失败: HTTPSConnectionPool(host='bmclapi2.bangbang93.com', port=443): Max retries exceeded with url: /assets/6a/6af06471f5896500f067b0e7a27e54d7a8cbc8e9 (Caused by SSLError(OSError(24, 'Too many open files')))
2025-09-30 21:19:47,332 [WARNING] 网络连接错误: HTTPSConnectionPool(host='bmclapi2.bangbang93.com', port=443): Max retries exceeded with url: /assets/4d/4d317c9632c6dc5cd6ec10546f6752a3ac8fbcae (Caused by SSLError(OSError(24, 'Too many open files')))
2025-09-30 21:19:47,353 [WARNING] 网络连接错误: HTTPSConnectionPool(host='bmclapi-s12.yjwmidc.com', port=443): Max retries exceeded with url: /download/be1aefb33d82a26876f60e3aa33bad384bcd6d96?name=be1aefb33d82a26876f60e3aa33bad384bcd6d96&s=RNbf_5uKz1LR7n7EjT-R_iPxKIA&e=mg6lai7h (Caused by SSLError(OSError(24, 'Too many open files')))
2025-09-30 21:19:47,353 [WARNING] HTTP协议也失败: HTTPSConnectionPool(host='bmclapi2.bangbang93.com', port=443): Max retries exceeded with url: /assets/1b/1b0a2d0b7c8bc639fef77964b83ad646ea63a08a (Caused by SSLError(OSError(24, 'Too many open files')))
2025-09-30 21:19:43,041 [INFO] 尝试使用HTTP协议: http://bmclapi2.bangbang93.com/assets/64/64725912f2fa1fdd70cbf774fb0d2763483074e3
2025-09-30 21:19:47,462 [WARNING] HTTP协议也失败: HTTPSConnectionPool(host='bmclapi2.bangbang93.com', port=443): Max retries exceeded with url: /assets/24/248d09d3f4cb85c4dff2ba0c927b60de9fc44ec2 (Caused by SSLError(OSError(24, 'Too many open files')))
2025-09-30 21:19:47,920 [WARNING] 网络连接错误: HTTPSConnectionPool(host='bmclapi2.bangbang93.com', port=443): Max retries exceeded with url: /assets/74/74856b910cbcb52f815f3c042ae5ac79979bb1ae (Caused by SSLError(OSError(24, 'Too many open files')))
2025-09-30 21:19:47,990 [WARNING] 网络连接错误: HTTPSConnectionPool(host='bmclapi2.bangbang93.com', port=443): Max retries exceeded with url: /assets/0b/0bb8f8a6d39ce1a811517c973eba3108629172a8 (Caused by SSLError(OSError(24, 'Too many open files')))
2025-09-30 21:19:47,993 [WARNING] HTTP协议也失败: HTTPSConnectionPool(host='bmclapi2.bangbang93.com', port=443): Max retries exceeded with url: /assets/38/386730fb668bd471bfda86d21579840ca4943e4f (Caused by SSLError(OSError(24, 'Too many open files')))
2025-09-30 21:19:47,993 [WARNING] 网络连接错误: HTTPSConnectionPool(host='bmclapi2.bangbang93.com', port=443): Max retries exceeded with url: /assets/5f/5f05073888c608db67790239fac0623f1f2671a6 (Caused by SSLError(OSError(24, 'Too many open files')))
2025-09-30 21:19:48,180 [WARNING] 网络连接错误: HTTPSConnectionPool(host='bmclapi2.bangbang93.com', port=443): Max retries exceeded with url: /assets/af/af770815209de8c8e5843d266c1610c04d5d58db (Caused by SSLError(OSError(24, 'Too many open files')))
2025-09-30 21:19:48,225 [WARNING] HTTP协议也失败: HTTPSConnectionPool(host='bmclapi2.bangbang93.com', port=443): Max retries exceeded with url: /assets/56/56944ee7c95b870515401e6d7d9505fe0653fd9e (Caused by SSLError(OSError(24, 'Too many open files')))
2025-09-30 21:19:48,225 [WARNING] HTTP协议也失败: HTTPSConnectionPool(host='bmclapi2.bangbang93.com', port=443): Max retries exceeded with url: /assets/50/507f8145163897693125ca7886f954823f53a107 (Caused by SSLError(OSError(24, 'Too many open files')))
2025-09-30 21:19:48,267 [WARNING] 网络连接错误: HTTPSConnectionPool(host='bmclapi2.bangbang93.com', port=443): Max retries exceeded with url: /assets/67/6736c2afa4cda671722e7d24cd5b66fc4006b054 (Caused by SSLError(OSError(24, 'Too many open files')))
2025-09-30 21:19:48,270 [INFO] 尝试使用HTTP协议: http://bmclapi2.bangbang93.com/assets/23/23996bf437578860d46c2b1e12c46ce6554456a5
2025-09-30 21:19:48,290 [WARNING] 网络连接错误: HTTPSConnectionPool(host='bmclapi2.bangbang93.com', port=443): Max retries exceeded with url: /assets/10/10ddd558c544bb0286af5ed0b4b440353c3f2a87 (Caused by SSLError(OSError(24, 'Too many open files')))
2025-09-30 21:19:48,356 [WARNING] 网络连接错误: HTTPSConnectionPool(host='bmclapi2.bangbang93.com', port=443): Max retries exceeded with url: /assets/24/2464fb278d1e855e9fa1a60056f24f0776b006bd (Caused by SSLError(OSError(24, 'Too many open files')))
2025-09-30 21:19:48,357 [WARNING] HTTP协议也失败: HTTPSConnectionPool(host='bmclapi2.bangbang93.com', port=443): Max retries exceeded with url: /assets/a9/a9db0b7188ecc48d833866cb9612e3214b1854e3 (Caused by SSLError(OSError(24, 'Too many open files')))
2025-09-30 21:19:43,463 [WARNING] 网络连接错误: HTTPSConnectionPool(host='bmclapi2.bangbang93.com', port=443): Max retries exceeded with url: /assets/a0/a09924e4fb66c6c1669d4b8669e55132e38f586b (Caused by SSLError(OSError(24, 'Too many open files')))
2025-09-30 21:19:52,756 [WARNING] 网络连接错误: HTTPSConnectionPool(host='7.rua93.online', port=443): Max retries exceeded with url: /download/7b96a88619a2228cf4c7d3a2b81ecfd1b3b56673?name=7b96a88619a2228cf4c7d3a2b81ecfd1b3b56673&s=o7auZ69uZdvXmwiu4A5E48F3gvs&e=mg6lamj5 (Caused by SSLError(OSError(24, 'Too many open files')))
2025-09-30 21:19:48,499 [WARNING] 网络连接错误: HTTPSConnectionPool(host='bmclapi2.bangbang93.com', port=443): Max retries exceeded with url: /assets/8b/8bc1c4de8c29b43f2934175f08be10aa5d538fcd (Caused by SSLError(OSError(24, 'Too many open files')))
2025-09-30 21:19:48,592 [INFO] 尝试使用HTTP协议: http://bmclapi2.bangbang93.com/assets/26/26c4d57246aef249c4b5548e8c938b393a45a97a
2025-09-30 21:19:48,670 [WARNING] HTTP协议也失败: HTTPSConnectionPool(host='bmclapi2.bangbang93.com', port=443): Max retries exceeded with url: /assets/e3/e36dc802e3e9b499fe37b0663e3ea6e3b55850a2 (Caused by SSLError(OSError(24, 'Too many open files')))
2025-09-30 21:19:48,670 [WARNING] HTTP协议也失败: HTTPSConnectionPool(host='bmclapi2.bangbang93.com', port=443): Max retries exceeded with url: /assets/ae/ae3e9a8a423c4928f74b0e45cf57e95fec81dcbe (Caused by SSLError(OSError(24, 'Too many open files')))
2025-09-30 21:19:48,670 [WARNING] 网络连接错误: HTTPSConnectionPool(host='bmclapi2.bangbang93.com', port=443): Max retries exceeded with url: /assets/ce/ceb0c6b2dbb81643b41ade0a3fcb20e95f661b35 (Caused by SSLError(OSError(24, 'Too many open files')))
2025-09-30 21:19:48,698 [WARNING] 网络连接错误: HTTPSConnectionPool(host='16.rua93.online', port=443): Max retries exceeded with url: /download/cce307819901e2b9523a3b7b4ac76b9a25a6629c?name=cce307819901e2b9523a3b7b4ac76b9a25a6629c&s=_N-RLQUgH43yYLxDJarJYeF7NsI&e=mg6laj31 (Caused by SSLError(OSError(24, 'Too many open files')))
2025-09-30 21:19:48,795 [WARNING] 网络连接错误: HTTPSConnectionPool(host='bmclapi2.bangbang93.com', port=443): Max retries exceeded with url: /assets/a2/a23f29cc77384305500826664aab697de7d5fd13 (Caused by SSLError(OSError(24, 'Too many open files')))
2025-09-30 21:19:48,832 [WARNING] HTTP协议也失败: HTTPSConnectionPool(host='bmclapi2.bangbang93.com', port=443): Max retries exceeded with url: /assets/2d/2d84a21b5d925497558acce92b7448e37a7bea11 (Caused by SSLError(OSError(24, 'Too many open files')))
2025-09-30 21:19:43,827 [INFO] 尝试使用HTTP协议: http://bmclapi2.bangbang93.com/assets/2b/2b3d0e7b0b2c47cd500b15697dbb20d6da4c6576
2025-09-30 21:19:49,099 [WARNING] 网络连接错误: HTTPSConnectionPool(host='bmclapi2.bangbang93.com', port=443): Max retries exceeded with url: /assets/1e/1eefb114d3b9180fcad0ad1742e6b88fcf109974 (Caused by SSLError(OSError(24, 'Too many open files')))
2025-09-30 21:19:43,999 [INFO] 尝试使用HTTP协议: http://bmclapi2.bangbang93.com/assets/01/012237aa6dd50c9fc43bf5f53cb4a49ddefdb2b9
2025-09-30 21:19:44,143 [INFO] 尝试使用HTTP协议: http://bmclapi2.bangbang93.com/assets/2b/2bc9a4fb9201db00c68cb85e28b22c788b8b478d
2025-09-30 21:19:49,169 [WARNING] HTTP协议也失败: HTTPSConnectionPool(host='bmclapi2.bangbang93.com', port=443): Max retries exceeded with url: /assets/f7/f7afa9f94ab6e8f64d3fb45d0b848a56931c0462 (Caused by SSLError(OSError(24, 'Too many open files')))
2025-09-30 21:19:49,184 [WARNING] 网络连接错误: HTTPSConnectionPool(host='bmclapi2.bangbang93.com', port=443): Max retries exceeded with url: /assets/1e/1e6adaad56312e2b6f2f1b8482e510430a4ffd73 (Caused by SSLError(OSError(24, 'Too many open files')))
2025-09-30 21:19:49,176 [WARNING] HTTP协议也失败: HTTPSConnectionPool(host='bmclapi2.bangbang93.com', port=443): Max retries exceeded with url: /assets/b2/b2faf0571510850c8ca3471181b6ec7a1abc83f0 (Caused by SSLError(OSError(24, 'Too many open files')))
2025-09-30 21:19:49,210 [WARNING] HTTP协议也失败: HTTPSConnectionPool(host='bmclapi2.bangbang93.com', port=443): Max retries exceeded with url: /assets/c1/c135cc7d343007fd57558f70c787f708d49bd268 (Caused by SSLError(OSError(24, 'Too many open files')))
2025-09-30 21:19:49,222 [INFO] 尝试使用HTTP协议: http://bmclapi2.bangbang93.com/assets/9d/9d3e89d6d1e14810523b335ee3eb06685284808b
2025-09-30 21:19:49,237 [INFO] 尝试使用HTTP协议: http://bmclapi2.bangbang93.com/assets/70/705e04dba52523e7d58f5a90a837ddcd4b8c116a
2025-09-30 21:19:49,331 [WARNING] 网络连接错误: HTTPSConnectionPool(host='bmclapi2.bangbang93.com', port=443): Max retries exceeded with url: /assets/53/536d231281501e65163f4ec45dac00d59d340469 (Caused by SSLError(OSError(24, 'Too many open files')))
2025-09-30 21:19:49,378 [WARNING] 网络连接错误: HTTPSConnectionPool(host='bmclapi2.bangbang93.com', port=443): Max retries exceeded with url: /assets/0c/0cf0b92265370a4fe7c1bc2c312e80b2f7185abb (Caused by SSLError(OSError(24, 'Too many open files')))
2025-09-30 21:19:49,378 [INFO] 尝试使用HTTP协议: http://bmclapi2.bangbang93.com/assets/de/de538718f248c4ef4e94a7d84e3ef691c1d4c80f
2025-09-30 21:19:49,380 [WARNING] HTTP协议也失败: HTTPSConnectionPool(host='bmclapi2.bangbang93.com', port=443): Max retries exceeded with url: /assets/2f/2fe735984961470b6f3edff20ccc34bc90a35ffa (Caused by SSLError(OSError(24, 'Too many open files')))
2025-09-30 21:19:49,415 [INFO] 尝试使用HTTP协议: http://bmclapi2.bangbang93.com/assets/fc/fcec8e0f15e782e2c3a01a21eadaa09a7a1172b4
2025-09-30 21:19:49,495 [WARNING] HTTP协议也失败: HTTPSConnectionPool(host='bmclapi2.bangbang93.com', port=443): Max retries exceeded with url: /assets/4b/4b63d4da2bea032e4573b985ab3908a8b99a98de (Caused by SSLError(OSError(24, 'Too many open files')))
2025-09-30 21:19:44,792 [WARNING] HTTP协议也失败: HTTPSConnectionPool(host='bmclapi2.bangbang93.com', port=443): Max retries exceeded with url: /assets/ab/abf654cf295153c579021d4936ea496453cd46fa (Caused by SSLError(OSError(24, 'Too many open files')))
2025-09-30 21:19:44,014 [WARNING] 网络连接错误: HTTPSConnectionPool(host='bmclapi2.bangbang93.com', port=443): Max retries exceeded with url: /assets/d8/d83668d3039380fa037aed5095044a06fef7a035 (Caused by SSLError(OSError(24, 'Too many open files')))
2025-09-30 21:19:49,514 [WARNING] 网络连接错误: HTTPSConnectionPool(host='bmclapi2.bangbang93.com', port=443): Max retries exceeded with url: /assets/54/54ff654f2f156090ebbe0452e2f798c89fb825bb (Caused by SSLError(OSError(24, 'Too many open files')))
2025-09-30 21:19:49,521 [INFO] 尝试使用HTTP协议: http://bmclapi2.bangbang93.com/assets/d0/d060341da2eb62bbbff0f5d12be555b3404a5238
2025-09-30 21:19:49,661 [INFO] 尝试使用HTTP协议: http://bmclapi2.bangbang93.com/assets/1f/1f5c45e15d90873197142e61cc7bffd2c0be82f7
2025-09-30 21:19:49,705 [INFO] 尝试使用HTTP协议: http://bmclapi2.bangbang93.com/assets/62/62681ba4773e4825769bc16169847b7b160822bb
2025-09-30 21:19:49,809 [WARNING] HTTP协议也失败: HTTPSConnectionPool(host='bmclapi2.bangbang93.com', port=443): Max retries exceeded with url: /assets/47/47ed66641523134ad5f07e41e8fef27000c88454 (Caused by SSLError(OSError(24, 'Too many open files')))
2025-09-30 21:19:49,889 [WARNING] HTTP协议也失败: HTTPSConnectionPool(host='bmclapi2.bangbang93.com', port=443): Max retries exceeded with url: /assets/c8/c8ab43d9d879323c65366ff56387d9c29cf3d64e (Caused by SSLError(OSError(24, 'Too many open files')))
2025-09-30 21:19:49,927 [WARNING] 网络连接错误: HTTPSConnectionPool(host='bmclapi2.bangbang93.com', port=443): Max retries exceeded with url: /assets/b3/b3b5e5b2d89265d37de563ac906f951ff98586a6 (Caused by SSLError(OSError(24, 'Too many open files')))
2025-09-30 21:19:49,929 [INFO] 尝试使用HTTP协议: http://bmclapi2.bangbang93.com/assets/f7/f7115c7f46d066c30fb62e85a9957e7d3c16b82f
2025-09-30 21:19:50,029 [WARNING] 网络连接错误: HTTPSConnectionPool(host='bmclapi2.bangbang93.com', port=443): Max retries exceeded with url: /assets/de/de659ace6358f7082bdafbe5be4d1e655fd3c7d4 (Caused by SSLError(OSError(24, 'Too many open files')))
2025-09-30 21:19:45,151 [WARNING] HTTP协议也失败: HTTPSConnectionPool(host='bmclapi2.bangbang93.com', port=443): Max retries exceeded with url: /assets/5d/5dfd5cb900745dd72c32aa4789e202dbaf33f301 (Caused by SSLError(OSError(24, 'Too many open files')))
2025-09-30 21:19:45,152 [WARNING] 网络连接错误: HTTPSConnectionPool(host='bmclapi2.bangbang93.com', port=443): Max retries exceeded with url: /assets/e9/e97672693d77c49e36c492be162b5dcba2a35998 (Caused by SSLError(OSError(24, 'Too many open files')))
2025-09-30 21:19:50,128 [WARNING] 网络连接错误: HTTPSConnectionPool(host='9.rua93.online', port=443): Max retries exceeded with url: /download/97b47b7a62f22addf6ff1db0c57b2fce22504098?name=97b47b7a62f22addf6ff1db0c57b2fce22504098&s=Am6GVTVJU-PQoUlMVLDCJxSg_vY&e=mg6lakbf (Caused by SSLError(OSError(24, 'Too many open files')))
2025-09-30 21:19:40,857 [WARNING] 网络连接错误: HTTPSConnectionPool(host='bmclapi2.bangbang93.com', port=443): Max retries exceeded with url: /assets/25/2534f9f86a48b18bfbedaba1796221b0fd12779f (Caused by SSLError(OSError(24, 'Too many open files')))
2025-09-30 21:19:50,148 [INFO] 尝试使用HTTP协议: http://bmclapi2.bangbang93.com/assets/80/808f9db277e7e6a7a0061bd283d85a229dabb1bc
2025-09-30 21:19:50,177 [INFO] 尝试使用HTTP协议: http://bmclapi2.bangbang93.com/assets/37/378d419f70b50e539947c300041ee22d5f0be9e5
2025-09-30 21:19:50,181 [INFO] 尝试使用HTTP协议: http://bmclapi2.bangbang93.com/assets/d3/d393e350b4f3aeac47789f5d310811a878da8382
2025-09-30 21:19:45,469 [WARNING] 网络连接错误: HTTPSConnectionPool(host='bmclapi2.bangbang93.com', port=443): Max retries exceeded with url: /assets/4a/4ab9e7d182a9a2a6a5d800764cf0b174343ecf92 (Caused by SSLError(OSError(24, 'Too many open files')))
2025-09-30 21:19:50,203 [INFO] 尝试使用HTTP协议: http://bmclapi2.bangbang93.com/assets/04/0463c52f9e7b425006810c8146736416dd2b9231
2025-09-30 21:19:50,264 [INFO] 尝试使用HTTP协议: http://bmclapi2.bangbang93.com/assets/b4/b47e7e08ac51bfb3e0a51f9539e3661cf82b417c
2025-09-30 21:19:50,264 [INFO] 尝试使用HTTP协议: http://bmclapi2.bangbang93.com/assets/51/517a67bab994f6605fe10596da833b6185695dfe
2025-09-30 21:19:50,265 [WARNING] 网络连接错误: HTTPSConnectionPool(host='bmclapi2.bangbang93.com', port=443): Max retries exceeded with url: /assets/45/456643032f3498bbc0c1d2f8172f64382627821a (Caused by SSLError(OSError(24, 'Too many open files')))
2025-09-30 21:19:50,272 [WARNING] HTTP协议也失败: HTTPSConnectionPool(host='bmclapi2.bangbang93.com', port=443): Max retries exceeded with url: /assets/19/19aa39f803bfb0092ed47a7e096fe726662bbb3a (Caused by SSLError(OSError(24, 'Too many open files')))
2025-09-30 21:19:50,290 [WARNING] 网络连接错误: HTTPSConnectionPool(host='bmclapi2.bangbang93.com', port=443): Max retries exceeded with url: /assets/9a/9a200c9c063915ec4ce512284ffdc29ab4411c29 (Caused by SSLError(OSError(24, 'Too many open files')))
2025-09-30 21:19:50,299 [WARNING] HTTP协议也失败: HTTPSConnectionPool(host='bmclapi2.bangbang93.com', port=443): Max retries exceeded with url: /assets/bf/bfe4b85a831fccf945b8e4b4349b0299e42ce3a4 (Caused by SSLError(OSError(24, 'Too many open files')))
2025-09-30 21:19:50,364 [WARNING] 网络连接错误: HTTPSConnectionPool(host='bmclapi2.bangbang93.com', port=443): Max retries exceeded with url: /assets/c5/c58b24b5258f00a5df5f7715fffb2d196b25665f (Caused by SSLError(OSError(24, 'Too many open files')))
2025-09-30 21:19:50,410 [WARNING] 网络连接错误: HTTPSConnectionPool(host='bmclapi2.bangbang93.com', port=443): Max retries exceeded with url: /assets/6b/6b07250ee0f1d24557b0e619b87c5df5748a7b28 (Caused by SSLError(OSError(24, 'Too many open files')))
2025-09-30 21:19:50,500 [INFO] 尝试使用HTTP协议: http://bmclapi2.bangbang93.com/assets/37/377dd408d95fda9e9379776349c69e813d4e1389
2025-09-30 21:19:50,578 [WARNING] HTTP协议也失败: HTTPSConnectionPool(host='bmclapi2.bangbang93.com', port=443): Max retries exceeded with url: /assets/9f/9f8d9380de46bf37ecb6c000663c40b176e62948 (Caused by SSLError(OSError(24, 'Too many open files')))
2025-09-30 21:19:50,620 [INFO] 尝试使用HTTP协议: http://bmclapi2.bangbang93.com/assets/ea/ea5d0dfacc7437bf95455690f8a805a8c4840194
2025-09-30 21:19:41,208 [INFO] 尝试使用HTTP协议: http://bmclapi2.bangbang93.com/assets/09/09283c5992e529526c1665ac36a3cd03f32e18ab
2025-09-30 21:19:50,621 [WARNING] HTTP协议也失败: HTTPSConnectionPool(host='bmclapi2.bangbang93.com', port=443): Max retries exceeded with url: /assets/e8/e8f38c7550086025456c11fd99d57fece0f4f79b (Caused by SSLError(OSError(24, 'Too many open files')))
2025-09-30 21:19:50,641 [WARNING] 网络连接错误: HTTPSConnectionPool(host='bmclapi2.bangbang93.com', port=443): Max retries exceeded with url: /assets/94/945f5710936be2ab03a4fbc7aa5758d02f5a6861 (Caused by SSLError(OSError(24, 'Too many open files')))
2025-09-30 21:19:50,641 [WARNING] HTTP协议也失败: HTTPSConnectionPool(host='bmclapi2.bangbang93.com', port=443): Max retries exceeded with url: /assets/94/940857260315b22485252b6c29f9bd2328559d84 (Caused by SSLError(OSError(24, 'Too many open files')))
2025-09-30 21:19:50,659 [WARNING] HTTP协议也失败: HTTPSConnectionPool(host='bmclapi2.bangbang93.com', port=443): Max retries exceeded with url: /assets/50/50705bafa6ea7a7762df77040f52425db3280574 (Caused by SSLError(OSError(24, 'Too many open files')))
2025-09-30 21:19:50,661 [WARNING] HTTP协议也失败: HTTPSConnectionPool(host='bmclapi2.bangbang93.com', port=443): Max retries exceeded with url: /assets/ba/ba7e3fd432297b977d426bd4a36d7d66b6cbaffc (Caused by SSLError(OSError(24, 'Too many open files')))
2025-09-30 21:19:50,662 [WARNING] HTTP协议也失败: HTTPSConnectionPool(host='bmclapi2.bangbang93.com', port=443): Max retries exceeded with url: /assets/60/60aa21f8848710db1609a5aa433efae63d8f0857 (Caused by SSLError(OSError(24, 'Too many open files')))
2025-09-30 21:19:50,781 [WARNING] 网络连接错误: HTTPSConnectionPool(host='bmclapi2.bangbang93.com', port=443): Max retries exceeded with url: /assets/e0/e05438972b5cd4e8f2f3a7afcf762ef5bd954a51 (Caused by SSLError(OSError(24, 'Too many open files')))
2025-09-30 21:19:50,814 [WARNING] 网络连接错误: HTTPSConnectionPool(host='bmclapi2.iusi.cn', port=443): Max retries exceeded with url: /download/89236079c6c9eafb1b3d5aeaefbeb08dbf6003ff?name=89236079c6c9eafb1b3d5aeaefbeb08dbf6003ff&s=y3uBEylWcE8tywjSClbRd7fumpQ&e=mg6laky0 (Caused by SSLError(OSError(24, 'Too many open files')))
2025-09-30 21:19:50,841 [WARNING] 网络连接错误: HTTPSConnectionPool(host='bmclapi2.bangbang93.com', port=443): Max retries exceeded with url: /assets/68/68e1263235a0f4a7ecd12d5e291ce29b5971b420 (Caused by SSLError(OSError(24, 'Too many open files')))
2025-09-30 21:19:50,883 [INFO] 尝试使用HTTP协议: http://bmclapi2.bangbang93.com/assets/ab/abcedf57588b2ea2fe3fcbd1032e3ab35f23a499
2025-09-30 21:19:50,885 [WARNING] HTTP协议也失败: HTTPSConnectionPool(host='bmclapi2.bangbang93.com', port=443): Max retries exceeded with url: /assets/e1/e1e49df3d3f8c96746d5424104648e3ab4eb24fc (Caused by SSLError(OSError(24, 'Too many open files')))
2025-09-30 21:19:50,919 [WARNING] HTTP协议也失败: HTTPSConnectionPool(host='bmclapi2.bangbang93.com', port=443): Max retries exceeded with url: /assets/85/85539a26d936aa5cbbd328f98a16d9cdebab2d01 (Caused by SSLError(OSError(24, 'Too many open files')))
2025-09-30 21:19:50,984 [WARNING] HTTP协议也失败: HTTPSConnectionPool(host='bmclapi2.bangbang93.com', port=443): Max retries exceeded with url: /assets/f3/f32d15105885aa1a9956caa8032cc0b1e42cdd39 (Caused by SSLError(OSError(24, 'Too many open files')))
2025-09-30 21:19:50,985 [WARNING] HTTP协议也失败: HTTPSConnectionPool(host='bmclapi2.bangbang93.com', port=443): Max retries exceeded with url: /assets/dd/dddf0943e0b94ecaa09670cb9f1d51f0d68a719f (Caused by SSLError(OSError(24, 'Too many open files')))
2025-09-30 21:19:50,919 [WARNING] 网络连接错误: HTTPSConnectionPool(host='bmclapi2.bangbang93.com', port=443): Max retries exceeded with url: /assets/46/46d47a68b34810964a01857a7c130792ca2d802c (Caused by SSLError(OSError(24, 'Too many open files')))
2025-09-30 21:19:50,986 [WARNING] HTTP协议也失败: HTTPSConnectionPool(host='bmclapi2.bangbang93.com', port=443): Max retries exceeded with url: /assets/35/35b1c5747ba2572775d6e57f6d26a9ec46e75001 (Caused by SSLError(OSError(24, 'Too many open files')))
2025-09-30 21:19:50,989 [INFO] 尝试使用HTTP协议: http://bmclapi2.bangbang93.com/assets/f1/f16edd2531f260ab12ce55d6d68433f1dece9390
2025-09-30 21:19:51,009 [INFO] 尝试使用HTTP协议: http://bmclapi2.bangbang93.com/assets/ed/edaa44ef0bc25bcf62d529329fc8feac4c27e52d
2025-09-30 21:19:51,084 [INFO] 尝试使用HTTP协议: http://bmclapi2.bangbang93.com/assets/eb/ebfaffb897611c1edf4ea6f2add562c41a51eb8b
2025-09-30 21:19:51,104 [INFO] 尝试使用HTTP协议: http://bmclapi2.bangbang93.com/assets/29/295f048e8370d397aa4813172d10b2e1b1bd2409
2025-09-30 21:19:51,163 [WARNING] 网络连接错误: HTTPSConnectionPool(host='bmclapi2.bangbang93.com', port=443): Max retries exceeded with url: /assets/75/7544da0466b7551f25d70cda5ca4dbf7ff14ff4b (Caused by SSLError(OSError(24, 'Too many open files')))
2025-09-30 21:19:51,201 [WARNING] 网络连接错误: HTTPSConnectionPool(host='bmclapi2.bangbang93.com', port=443): Max retries exceeded with url: /assets/74/741882ca045142bfa076569c87bca37e0ed5a008 (Caused by SSLError(OSError(24, 'Too many open files')))
2025-09-30 21:19:46,542 [WARNING] 网络连接错误: HTTPSConnectionPool(host='bmclapi2.bangbang93.com', port=443): Max retries exceeded with url: /assets/7b/7b1d2ddf09008d1e49adeb1d0251272549ebecd3 (Caused by SSLError(OSError(24, 'Too many open files')))
2025-09-30 21:19:51,250 [WARNING] 网络连接错误: HTTPSConnectionPool(host='bmclapi2.bangbang93.com', port=443): Max retries exceeded with url: /assets/f3/f32d47d254760dd12b673f60514987976de9e227 (Caused by SSLError(OSError(24, 'Too many open files')))
2025-09-30 21:19:51,257 [WARNING] 网络连接错误: HTTPSConnectionPool(host='bmclapi2.bangbang93.com', port=443): Max retries exceeded with url: /assets/19/195653d23eba12d565a7a44b3b4187d9551774a4 (Caused by SSLError(OSError(24, 'Too many open files')))
2025-09-30 21:19:51,270 [WARNING] 网络连接错误: HTTPSConnectionPool(host='bmclapi2.bangbang93.com', port=443): Max retries exceeded with url: /assets/b2/b2c8cba192539a413bcf2cc86724f19fa843199a (Caused by SSLError(OSError(24, 'Too many open files')))
2025-09-30 21:19:46,702 [INFO] 尝试使用HTTP协议: http://bmclapi2.bangbang93.com/assets/88/88625ae1dfaf75726e37d23a0111429ad9ea5e56
2025-09-30 21:19:46,780 [WARNING] 网络连接错误: HTTPSConnectionPool(host='bmclapi2.bangbang93.com', port=443): Max retries exceeded with url: /assets/37/377d376bf459b1f039e42df8510b7aaab037ea60 (Caused by SSLError(OSError(24, 'Too many open files')))
2025-09-30 21:19:51,440 [INFO] 尝试使用HTTP协议: http://bmclapi2.bangbang93.com/assets/99/9955e190530db9fbbf2f527b0d60ac738b6a77ca
2025-09-30 21:19:51,440 [WARNING] 网络连接错误: HTTPSConnectionPool(host='bmclapi2.bangbang93.com', port=443): Max retries exceeded with url: /assets/b4/b4f74b6d59ef6a8c374b5362ff3059d7e130cf34 (Caused by SSLError(OSError(24, 'Too many open files')))
2025-09-30 21:19:51,440 [WARNING] 网络连接错误: HTTPSConnectionPool(host='bmclapi2.bangbang93.com', port=443): Max retries exceeded with url: /assets/f0/f014d90070e4c722238e9a8ef9ffef3a19ace83b (Caused by SSLError(OSError(24, 'Too many open files')))
2025-09-30 21:19:51,449 [INFO] 尝试使用HTTP协议: http://bmclapi2.bangbang93.com/assets/39/3967b91cfd2cdd497654fb1a30cdea3542bcacc7
2025-09-30 21:19:51,455 [INFO] 尝试使用HTTP协议: http://bmclapi2.bangbang93.com/assets/32/324fdeb4e7ff88141d0bfe9b0d4558d59f0daf5c
2025-09-30 21:19:51,470 [WARNING] HTTP协议也失败: HTTPSConnectionPool(host='bmclapi2.bangbang93.com', port=443): Max retries exceeded with url: /assets/c5/c5f10ae239087e3e036a1db50111b0d44d6ccf76 (Caused by SSLError(OSError(24, 'Too many open files')))
2025-09-30 21:19:51,471 [WARNING] 网络连接错误: HTTPSConnectionPool(host='bmclapi2.bangbang93.com', port=443): Max retries exceeded with url: /assets/64/6447cd0ddcf09414a99551c3a53b69df5974455d (Caused by SSLError(OSError(24, 'Too many open files')))
2025-09-30 21:19:51,471 [INFO] 尝试使用HTTP协议: http://bmclapi2.bangbang93.com/assets/cd/cd547d26573ab127a2cd668893dc85abb06fe84f
2025-09-30 21:19:51,471 [INFO] 尝试使用HTTP协议: http://bmclapi2.bangbang93.com/assets/90/902fba3f16593df6c4df433af4f210d060d2bb8f
2025-09-30 21:19:46,863 [INFO] 尝试使用HTTP协议: http://bmclapi2.bangbang93.com/assets/44/44abacadab7273a1869e204101dcb2cf467b9d01
2025-09-30 21:19:51,477 [WARNING] HTTP协议也失败: HTTPSConnectionPool(host='bmclapi2.bangbang93.com', port=443): Max retries exceeded with url: /assets/67/67acf728cd0279728fc1704c58ab1a2f6e1cdb67 (Caused by SSLError(OSError(24, 'Too many open files')))
2025-09-30 21:19:51,512 [WARNING] 网络连接错误: HTTPSConnectionPool(host='bmclapi2.bangbang93.com', port=443): Max retries exceeded with url: /assets/02/02023d32cefdb86096a2ce810fd8f2863dd97cfc (Caused by SSLError(OSError(24, 'Too many open files')))
2025-09-30 21:19:51,512 [WARNING] 网络连接错误: HTTPSConnectionPool(host='bmclapi2.bangbang93.com', port=443): Max retries exceeded with url: /assets/32/3206b61dfb32c47f6e1614de20538bd28ac60c10 (Caused by SSLError(OSError(24, 'Too many open files')))
2025-09-30 21:19:51,558 [WARNING] HTTP协议也失败: HTTPSConnectionPool(host='bmclapi2.bangbang93.com', port=443): Max retries exceeded with url: /assets/59/595574dfa22c18712dbddd9f609d2bee2a1b9032 (Caused by SSLError(OSError(24, 'Too many open files')))
2025-09-30 21:19:51,560 [WARNING] HTTP协议也失败: HTTPSConnectionPool(host='bmclapi2.bangbang93.com', port=443): Max retries exceeded with url: /assets/30/309f360ea3ad1fb4b6ef78e5bb209d6cb415dd5c (Caused by SSLError(OSError(24, 'Too many open files')))
2025-09-30 21:19:51,623 [WARNING] HTTP协议也失败: HTTPSConnectionPool(host='bmclapi2.bangbang93.com', port=443): Max retries exceeded with url: /assets/1d/1d78d4afb5fcc5f1029658db91b3fd1779f30155 (Caused by SSLError(OSError(24, 'Too many open files')))
2025-09-30 21:19:51,710 [INFO] 尝试使用HTTP协议: http://bmclapi2.bangbang93.com/assets/66/663cd15b439f9aeb7a0959866e2aa879bd8d563a
2025-09-30 21:19:51,939 [INFO] 尝试使用HTTP协议: http://bmclapi2.bangbang93.com/assets/d7/d753c2a6d9690523d51eec325ad97eee58b32706
2025-09-30 21:19:52,000 [WARNING] 网络连接错误: HTTPSConnectionPool(host='bmclapi2.bangbang93.com', port=443): Max retries exceeded with url: /assets/11/11c7bf577d5772d813524c69c92447867cdb2cd5 (Caused by SSLError(OSError(24, 'Too many open files')))
2025-09-30 21:19:52,012 [WARNING] HTTP协议也失败: HTTPSConnectionPool(host='bmclapi2.bangbang93.com', port=443): Max retries exceeded with url: /assets/f0/f02183adf26fec7f79ae5b18ff6715cde7dd7f04 (Caused by SSLError(OSError(24, 'Too many open files')))
2025-09-30 21:19:52,161 [WARNING] 网络连接错误: HTTPSConnectionPool(host='bmclapi2.bangbang93.com', port=443): Max retries exceeded with url: /assets/f5/f5e067ba8cd334ca3db7bc4f06d4b924d2f6412e (Caused by SSLError(OSError(24, 'Too many open files')))
2025-09-30 21:19:52,164 [WARNING] 网络连接错误: HTTPSConnectionPool(host='bmclapi2.bangbang93.com', port=443): Max retries exceeded with url: /assets/77/779d1efdad643440d0699f6e39bebccd907f2a64 (Caused by SSLError(OSError(24, 'Too many open files')))
2025-09-30 21:19:52,191 [INFO] 尝试使用HTTP协议: http://bmclapi2.bangbang93.com/assets/d4/d43c0400858983fd3d6d5cc4243f6a532961ca79
2025-09-30 21:19:52,246 [WARNING] 网络连接错误: HTTPSConnectionPool(host='bmclapi2.bangbang93.com', port=443): Max retries exceeded with url: /assets/0c/0cfbbcc2a7658109bcd65ecc0208518803f4ba3e (Caused by SSLError(OSError(24, 'Too many open files')))
2025-09-30 21:19:52,258 [INFO] 尝试使用HTTP协议: http://bmclapi2.bangbang93.com/assets/ac/acaab88f2be1efe9880b5698381432fb57be9c85
2025-09-30 21:19:52,259 [WARNING] HTTP协议也失败: HTTPSConnectionPool(host='bmclapi2.bangbang93.com', port=443): Max retries exceeded with url: /assets/af/afcad12625ae39469e9e2053d12030e90d3da360 (Caused by SSLError(OSError(24, 'Too many open files')))
2025-09-30 21:19:52,259 [WARNING] 网络连接错误: HTTPSConnectionPool(host='bmclapi2.bangbang93.com', port=443): Max retries exceeded with url: /assets/f5/f5f420385ffc93dfb1a07b0d8d1fc9a237be23b3 (Caused by SSLError(OSError(24, 'Too many open files')))
2025-09-30 21:19:52,268 [WARNING] 网络连接错误: HTTPSConnectionPool(host='bmclapi2.bangbang93.com', port=443): Max retries exceeded with url: /assets/67/676381e79bb6c4dbea4c4d9d1f8b20edc85e08c5 (Caused by SSLError(OSError(24, 'Too many open files')))
2025-09-30 21:19:52,300 [WARNING] 网络连接错误: HTTPSConnectionPool(host='bmclapi2.bangbang93.com', port=443): Max retries exceeded with url: /assets/bc/bc3a4e3c4151d4719f5e8de7e2d58a523b70afa7 (Caused by SSLError(OSError(24, 'Too many open files')))
2025-09-30 21:19:52,315 [WARNING] HTTP协议也失败: HTTPSConnectionPool(host='bmclapi2.bangbang93.com', port=443): Max retries exceeded with url: /assets/ce/ce7bcce2a58673654f76816af6c73f24823b5d2e (Caused by SSLError(OSError(24, 'Too many open files')))
2025-09-30 21:19:52,316 [WARNING] HTTP协议也失败: HTTPSConnectionPool(host='bmclapi2.bangbang93.com', port=443): Max retries exceeded with url: /assets/1e/1e92199e014633778dd7090c06fc2e04ed810f9c (Caused by SSLError(OSError(24, 'Too many open files')))
2025-09-30 21:19:52,471 [WARNING] HTTP协议也失败: HTTPSConnectionPool(host='bmclapi2.bangbang93.com', port=443): Max retries exceeded with url: /assets/68/68f712dbc12f3708a156f9bc56904cce1d02257f (Caused by SSLError(OSError(24, 'Too many open files')))
2025-09-30 21:19:47,864 [INFO] 尝试使用HTTP协议: http://bmclapi2.bangbang93.com/assets/97/9792ced2042dc6765b08e47df9ec14ed7422461a
2025-09-30 21:19:52,561 [INFO] 尝试使用HTTP协议: http://bmclapi2.bangbang93.com/assets/d3/d3c9081f7b79e5402a7060419173d889e59d297d
2025-09-30 21:19:48,287 [WARNING] 网络连接错误: HTTPSConnectionPool(host='bmclapi2.bangbang93.com', port=443): Max retries exceeded with url: /assets/b0/b06e087e36c5ad1e3e32179d2d712d2bc24425a0 (Caused by SSLError(OSError(24, 'Too many open files')))
2025-09-30 21:19:52,695 [INFO] 尝试使用HTTP协议: http://bmclapi2.bangbang93.com/assets/af/af770815209de8c8e5843d266c1610c04d5d58db
2025-09-30 21:19:52,712 [INFO] 尝试使用HTTP协议: http://bmclapi2.bangbang93.com/assets/c4/c43c957559b9b464807d5f16009015ff774480cd
2025-09-30 21:19:52,716 [WARNING] 网络连接错误: HTTPSConnectionPool(host='bmclapi2.bangbang93.com', port=443): Max retries exceeded with url: /assets/15/1511afcb61d33d9b69e1c56da933cfcba53d6231 (Caused by SSLError(OSError(24, 'Too many open files')))
2025-09-30 21:19:52,717 [INFO] 尝试使用HTTP协议: http://bmclapi2.bangbang93.com/assets/10/10ddd558c544bb0286af5ed0b4b440353c3f2a87
2025-09-30 21:19:52,722 [WARNING] HTTP协议也失败: HTTPSConnectionPool(host='bmclapi2.bangbang93.com', port=443): Max retries exceeded with url: /assets/56/563f15f03500de05007a1283b906234b9e74b934 (Caused by SSLError(OSError(24, 'Too many open files')))
2025-09-30 21:19:52,724 [INFO] 尝试使用HTTP协议: http://bmclapi2.bangbang93.com/assets/67/6736c2afa4cda671722e7d24cd5b66fc4006b054
2025-09-30 21:19:52,746 [INFO] 尝试使用HTTP协议: http://bmclapi2.bangbang93.com/assets/31/3109ae0a1d33b78d564824292222cad6966608a6
2025-09-30 21:19:48,469 [WARNING] HTTP协议也失败: HTTPSConnectionPool(host='bmclapi2.bangbang93.com', port=443): Max retries exceeded with url: /assets/26/26e04754e24ef912e08387423bd096b0d7d08815 (Caused by SSLError(OSError(24, 'Too many open files')))
2025-09-30 21:19:52,763 [WARNING] 网络连接错误: HTTPSConnectionPool(host='bmclapi2.bangbang93.com', port=443): Max retries exceeded with url: /assets/cb/cbe13b230d4275f4bfa29b9cd1d4fb359b3f0cdc (Caused by SSLError(OSError(24, 'Too many open files')))
2025-09-30 21:19:52,765 [WARNING] 网络连接错误: HTTPSConnectionPool(host='bmclapi2.bangbang93.com', port=443): Max retries exceeded with url: /assets/85/85fd72d44ccbf8fc1e0b8aa714c37e0b5835cdc8 (Caused by SSLError(OSError(24, 'Too many open files')))
2025-09-30 21:19:48,670 [WARNING] HTTP协议也失败: HTTPSConnectionPool(host='bmclapi2.bangbang93.com', port=443): Max retries exceeded with url: /assets/22/2280c8deb0c509f638d02bad1d0b1b3cb8d1e112 (Caused by SSLError(OSError(24, 'Too many open files')))
2025-09-30 21:19:43,572 [WARNING] 网络连接错误: HTTPSConnectionPool(host='bmclapi2.bangbang93.com', port=443): Max retries exceeded with url: /assets/de/deae116c5e906108ccedb6650f167ed4cfb0af78 (Caused by SSLError(OSError(24, 'Too many open files')))
2025-09-30 21:19:52,831 [WARNING] 网络连接错误: HTTPSConnectionPool(host='bmclapi2.bangbang93.com', port=443): Max retries exceeded with url: /assets/e8/e8e7230c42a623b988c64462a2c2c390face9d61 (Caused by SSLError(OSError(24, 'Too many open files')))
2025-09-30 21:19:52,851 [INFO] 尝试使用HTTP协议: http://bmclapi2.bangbang93.com/assets/a0/a09924e4fb66c6c1669d4b8669e55132e38f586b
2025-09-30 21:19:52,853 [INFO] 尝试使用HTTP协议: http://bmclapi2.bangbang93.com/assets/7b/7b96a88619a2228cf4c7d3a2b81ecfd1b3b56673
2025-09-30 21:19:52,856 [INFO] 尝试使用HTTP协议: http://bmclapi2.bangbang93.com/assets/8b/8bc1c4de8c29b43f2934175f08be10aa5d538fcd
2025-09-30 21:19:53,080 [WARNING] HTTP协议也失败: HTTPSConnectionPool(host='bmclapi2.bangbang93.com', port=443): Max retries exceeded with url: /assets/a0/a0f85922a40f928d450f846340e63071d3c65293 (Caused by SSLError(OSError(24, 'Too many open files')))
2025-09-30 21:19:53,081 [WARNING] 网络连接错误: HTTPSConnectionPool(host='bmclapi2.bangbang93.com', port=443): Max retries exceeded with url: /assets/06/06983b3fc40c6770ccad2d85f0083d955a22f848 (Caused by SSLError(OSError(24, 'Too many open files')))
2025-09-30 21:19:53,103 [INFO] 尝试使用HTTP协议: http://bmclapi2.bangbang93.com/assets/5e/5eec2047e7ef4aeda077e448768e9d1cb528050b
2025-09-30 21:19:53,104 [INFO] 尝试使用HTTP协议: http://bmclapi2.bangbang93.com/assets/02/02ddd8dece2f0e0ebbcccd0b8c1530ac48716494
2025-09-30 21:19:53,104 [WARNING] 网络连接错误: HTTPSConnectionPool(host='bmclapi2.bangbang93.com', port=443): Max retries exceeded with url: /assets/7c/7cccdfdd8fb3b0655f04f7884c6c0f408a935407 (Caused by SSLError(OSError(24, 'Too many open files')))
2025-09-30 21:19:53,134 [WARNING] HTTP协议也失败: HTTPSConnectionPool(host='bmclapi2.bangbang93.com', port=443): Max retries exceeded with url: /assets/d2/d2be579e57ef1e500b5435abd83ee7fdf8c261c8 (Caused by SSLError(OSError(24, 'Too many open files')))
2025-09-30 21:19:53,135 [WARNING] 网络连接错误: HTTPSConnectionPool(host='bmclapi2.bangbang93.com', port=443): Max retries exceeded with url: /assets/f4/f4d76fc18ff37d4caf3ee7d56628d11fbdcfb58b (Caused by SSLError(OSError(24, 'Too many open files')))
2025-09-30 21:19:49,186 [WARNING] HTTP协议也失败: HTTPSConnectionPool(host='bmclapi2.bangbang93.com', port=443): Max retries exceeded with url: /assets/20/2059d7595f1873146adf2235a9a754880aa7655e (Caused by SSLError(OSError(24, 'Too many open files')))
2025-09-30 21:19:53,164 [WARNING] HTTP协议也失败: HTTPSConnectionPool(host='bmclapi2.bangbang93.com', port=443): Max retries exceeded with url: /assets/53/539290770406876dd05593efada83ff5db358ed6 (Caused by SSLError(OSError(24, 'Too many open files')))
2025-09-30 21:19:53,211 [INFO] 尝试使用HTTP协议: http://bmclapi2.bangbang93.com/assets/1e/1e6adaad56312e2b6f2f1b8482e510430a4ffd73
2025-09-30 21:19:53,262 [WARNING] 网络连接错误: HTTPSConnectionPool(host='bmclapi2.bangbang93.com', port=443): Max retries exceeded with url: /assets/36/368bcd157f8768ccd56e479e44e3a6ea91e75d8b (Caused by SSLError(OSError(24, 'Too many open files')))
2025-09-30 21:19:53,272 [WARNING] 网络连接错误: HTTPSConnectionPool(host='bmclapi2.bangbang93.com', port=443): Max retries exceeded with url: /assets/24/24f7783a45c3e3306db5ddf41fd1f7f3409cc551 (Caused by SSLError(OSError(24, 'Too many open files')))
2025-09-30 21:19:53,273 [WARNING] HTTP协议也失败: HTTPSConnectionPool(host='bmclapi2.bangbang93.com', port=443): Max retries exceeded with url: /assets/7b/7be87ed58c69281103a4bed34737f6058a2d31d7 (Caused by SSLError(OSError(24, 'Too many open files')))
2025-09-30 21:19:53,342 [WARNING] 网络连接错误: HTTPSConnectionPool(host='bmclapi2.bangbang93.com', port=443): Max retries exceeded with url: /assets/52/5237fcc3ff0a03c7ae59f1d55cf926e501d0d59b (Caused by SSLError(OSError(24, 'Too many open files')))
2025-09-30 21:19:53,342 [INFO] 尝试使用HTTP协议: http://bmclapi2.bangbang93.com/assets/12/127b46924330c96a1001c550084d2ce873526dc1
2025-09-30 21:19:53,519 [WARNING] HTTP协议也失败: HTTPSConnectionPool(host='bmclapi2.bangbang93.com', port=443): Max retries exceeded with url: /assets/1e/1e68a44f65699cedc9b0b60f67a67ca1e71e5507 (Caused by SSLError(OSError(24, 'Too many open files')))
2025-09-30 21:19:53,557 [INFO] 尝试使用HTTP协议: http://bmclapi2.bangbang93.com/assets/44/4450225471acf6c3ecbd2ee86f21a8c58bb18a75
2025-09-30 21:19:53,725 [WARNING] 网络连接错误: HTTPSConnectionPool(host='bmclapi2.bangbang93.com', port=443): Max retries exceeded with url: /assets/3d/3dc37b550892aad4c165c3f23214e3ccabeabb53 (Caused by SSLError(OSError(24, 'Too many open files')))
2025-09-30 21:19:49,425 [WARNING] 网络连接错误: HTTPSConnectionPool(host='bmclapi2.bangbang93.com', port=443): Max retries exceeded with url: /assets/73/7396c2c7c63bb6b1e46ba4a80c61d98a76d17768 (Caused by SSLError(OSError(24, 'Too many open files')))
2025-09-30 21:19:53,812 [INFO] 尝试使用HTTP协议: http://bmclapi2.bangbang93.com/assets/b8/b85c213aed6546ec8686f23f6c067886c8877ef3
2025-09-30 21:19:53,813 [WARNING] HTTP协议也失败: HTTPSConnectionPool(host='bmclapi2.bangbang93.com', port=443): Max retries exceeded with url: /assets/95/95505e333c3b7fd1946fdfea15573864285c99e9 (Caused by SSLError(OSError(24, 'Too many open files')))
2025-09-30 21:19:53,842 [WARNING] 网络连接错误: HTTPSConnectionPool(host='bmclapi2.bangbang93.com', port=443): Max retries exceeded with url: /assets/71/71a03ccde88a5c440ce60afef906f19c4dfbc2ee (Caused by SSLError(OSError(24, 'Too many open files')))
2025-09-30 21:19:53,842 [WARNING] 网络连接错误: HTTPSConnectionPool(host='bmclapi2.bangbang93.com', port=443): Max retries exceeded with url: /assets/61/612a31517eb566ba2e48dd74cbdcd2120620a55c (Caused by SSLError(OSError(24, 'Too many open files')))
2025-09-30 21:19:53,852 [INFO] 尝试使用HTTP协议: http://bmclapi2.bangbang93.com/assets/41/4192122bdaa7d007518f938df4042dab1ae81149
2025-09-30 21:19:53,872 [INFO] 尝试使用HTTP协议: http://bmclapi2.bangbang93.com/assets/7d/7dd9b7c4d8ea50a0f1320f316ea69aaa3b4a6ebf
2025-09-30 21:19:54,022 [WARNING] HTTP协议也失败: HTTPSConnectionPool(host='bmclapi2.bangbang93.com', port=443): Max retries exceeded with url: /assets/b9/b99e052c58dd8a95606292a1dc252c2a824dbf40 (Caused by SSLError(OSError(24, 'Too many open files')))
2025-09-30 21:19:54,023 [WARNING] HTTP协议也失败: HTTPSConnectionPool(host='bmclapi2.bangbang93.com', port=443): Max retries exceeded with url: /assets/45/455eb202c42b52ea55893d9e5b74ec100a2efb67 (Caused by SSLError(OSError(24, 'Too many open files')))
2025-09-30 21:19:54,092 [INFO] 尝试使用HTTP协议: http://bmclapi2.bangbang93.com/assets/33/33a598eac9b8af70ccc8fbc8d7256c3fe08d5966
2025-09-30 21:19:54,095 [WARNING] 网络连接错误: HTTPSConnectionPool(host='bmclapi2.bangbang93.com', port=443): Max retries exceeded with url: /assets/f1/f169c2bd7d40b3075e8e27c379904c3629f49452 (Caused by SSLError(OSError(24, 'Too many open files')))
2025-09-30 21:19:58,204 [INFO] 尝试使用HTTP协议: http://bmclapi2.bangbang93.com/assets/d8/d83668d3039380fa037aed5095044a06fef7a035
2025-09-30 21:19:54,186 [WARNING] 网络连接错误: HTTPSConnectionPool(host='9.rua93.online', port=443): Max retries exceeded with url: /download/c48966208f3b003318f411638e0319609065760f?name=c48966208f3b003318f411638e0319609065760f&s=GvHI7ZnbNOJkWWHVSKUhYwSejqs&e=mg6lancl (Caused by SSLError(OSError(24, 'Too many open files')))
2025-09-30 21:19:54,204 [WARNING] HTTP协议也失败: HTTPSConnectionPool(host='bmclapi2.bangbang93.com', port=443): Max retries exceeded with url: /assets/01/01365c7ce1d328129648a910a9413d8d59d7b831 (Caused by SSLError(OSError(24, 'Too many open files')))
2025-09-30 21:19:49,809 [WARNING] HTTP协议也失败: HTTPSConnectionPool(host='bmclapi2.bangbang93.com', port=443): Max retries exceeded with url: /assets/67/672de5ad67eabcc62f2a71cb19d3bceb60e5fc4a (Caused by SSLError(OSError(24, 'Too many open files')))
2025-09-30 21:19:49,998 [WARNING] HTTP协议也失败: HTTPSConnectionPool(host='bmclapi2.bangbang93.com', port=443): Max retries exceeded with url: /assets/0d/0d40d1ae1c24f1e4f8c93aeeaf56204d8274e4b0 (Caused by SSLError(OSError(24, 'Too many open files')))
2025-09-30 21:19:54,352 [INFO] 尝试使用HTTP协议: http://bmclapi2.bangbang93.com/assets/ae/ae6106cfedda9b9d250fd193f0487e1b3531d6ae
2025-09-30 21:19:54,357 [WARNING] 网络连接错误: HTTPSConnectionPool(host='bmclapi2.bangbang93.com', port=443): Max retries exceeded with url: /assets/1e/1e59394b78c6dccb6f428c5b70dbf67802afc866 (Caused by SSLError(OSError(24, 'Too many open files')))
2025-09-30 21:19:54,426 [WARNING] 网络连接错误: HTTPSConnectionPool(host='bmclapi2.bangbang93.com', port=443): Max retries exceeded with url: /assets/2a/2af3514e4685782da41c6c1bf003e49f7235aab4 (Caused by SSLError(OSError(24, 'Too many open files')))
2025-09-30 21:19:54,428 [WARNING] 网络连接错误: HTTPSConnectionPool(host='bmclapi2.bangbang93.com', port=443): Max retries exceeded with url: /assets/b7/b778f789f90ef9f2b82c9c2a33a3eec2d47fe356 (Caused by SSLError(OSError(24, 'Too many open files')))
2025-09-30 21:19:54,428 [WARNING] HTTP协议也失败: HTTPSConnectionPool(host='bmclapi2.bangbang93.com', port=443): Max retries exceeded with url: /assets/fd/fdf2347d0f787cba3b39312138f26acbb26a0ba2 (Caused by SSLError(OSError(24, 'Too many open files')))
2025-09-30 21:19:54,440 [WARNING] 网络连接错误: HTTPSConnectionPool(host='bmclapi2.bangbang93.com', port=443): Max retries exceeded with url: /assets/a9/a9e7ab86a266a8d4bc24c22f70b952edcf44f2c4 (Caused by SSLError(OSError(24, 'Too many open files')))
2025-09-30 21:19:54,447 [WARNING] 网络连接错误: HTTPSConnectionPool(host='bmclapi2.bangbang93.com', port=443): Max retries exceeded with url: /assets/8b/8bd78604d88160f561feb7d05220fa42beff0ca8 (Caused by SSLError(OSError(24, 'Too many open files')))
2025-09-30 21:19:54,463 [WARNING] 网络连接错误: HTTPSConnectionPool(host='bmclapi2.bangbang93.com', port=443): Max retries exceeded with url: /assets/95/95162dc7621e7cddc16c9b0e60d18555af80032c (Caused by SSLError(OSError(24, 'Too many open files')))
2025-09-30 21:19:54,464 [INFO] 尝试使用HTTP协议: http://bmclapi2.bangbang93.com/assets/c7/c70e4711a8ea34ab1e6f96382974be21fa612fa1
2025-09-30 21:19:54,467 [WARNING] HTTP协议也失败: HTTPSConnectionPool(host='bmclapi2.bangbang93.com', port=443): Max retries exceeded with url: /assets/b6/b6728209a0fab9be659084ac19d0204fc2407711 (Caused by SSLError(OSError(24, 'Too many open files')))
2025-09-30 21:19:54,467 [WARNING] HTTP协议也失败: HTTPSConnectionPool(host='bmclapi2.bangbang93.com', port=443): Max retries exceeded with url: /assets/19/19a5baec8f25afdc2c69d2fcbc8ba1539c6654de (Caused by SSLError(OSError(24, 'Too many open files')))
2025-09-30 21:19:54,512 [INFO] 尝试使用HTTP协议: http://bmclapi2.bangbang93.com/assets/6c/6c89a8af10895729f1e774bee734013722e8299d
2025-09-30 21:19:54,590 [INFO] 尝试使用HTTP协议: http://bmclapi2.bangbang93.com/assets/de/de659ace6358f7082bdafbe5be4d1e655fd3c7d4
2025-09-30 21:19:54,592 [WARNING] HTTP协议也失败: HTTPSConnectionPool(host='bmclapi2.bangbang93.com', port=443): Max retries exceeded with url: /assets/36/362da2df9f0b4d43d7c09767314e3b9df9f280da (Caused by SSLError(OSError(24, 'Too many open files')))
2025-09-30 21:19:50,265 [WARNING] 网络连接错误: HTTPSConnectionPool(host='bmclapi2.bangbang93.com', port=443): Max retries exceeded with url: /assets/d4/d419bf4575a2b611fe0d13e9f1e0e2e5ff007f1f (Caused by SSLError(OSError(24, 'Too many open files')))
2025-09-30 21:19:50,272 [INFO] 尝试使用HTTP协议: http://bmclapi2.bangbang93.com/assets/c0/c08f6bfa8c0008932a3ebbd73f7fa32964802b50
2025-09-30 21:19:54,625 [INFO] 尝试使用HTTP协议: http://bmclapi2.bangbang93.com/assets/48/48b4d2735290187a7302048789a155a2939b5cf0
2025-09-30 21:19:54,652 [WARNING] HTTP协议也失败: HTTPSConnectionPool(host='bmclapi2.bangbang93.com', port=443): Max retries exceeded with url: /assets/fc/fcec8e0f15e782e2c3a01a21eadaa09a7a1172b4 (Caused by SSLError(OSError(24, 'Too many open files')))
2025-09-30 21:19:54,652 [WARNING] HTTP协议也失败: HTTPSConnectionPool(host='bmclapi2.bangbang93.com', port=443): Max retries exceeded with url: /assets/9b/9bfcb651cd20e9d33ca05bca5d9ca8ffdea4b9e0 (Caused by SSLError(OSError(24, 'Too many open files')))
2025-09-30 21:19:54,653 [WARNING] 网络连接错误: HTTPSConnectionPool(host='bmclapi2.bangbang93.com', port=443): Max retries exceeded with url: /assets/c4/c4e97902ea7d103a5821d922a921de27c9007cd2 (Caused by SSLError(OSError(24, 'Too many open files')))
2025-09-30 21:19:54,653 [INFO] 尝试使用HTTP协议: http://bmclapi2.bangbang93.com/assets/45/456643032f3498bbc0c1d2f8172f64382627821a
2025-09-30 21:19:54,654 [WARNING] HTTP协议也失败: HTTPSConnectionPool(host='bmclapi2.bangbang93.com', port=443): Max retries exceeded with url: /assets/d0/d060341da2eb62bbbff0f5d12be555b3404a5238 (Caused by SSLError(OSError(24, 'Too many open files')))
2025-09-30 21:19:54,654 [WARNING] 网络连接错误: HTTPSConnectionPool(host='bmclapi2.bangbang93.com', port=443): Max retries exceeded with url: /assets/96/96a80007c1ae9c9354d812150d37dde3042637f4 (Caused by SSLError(OSError(24, 'Too many open files')))
2025-09-30 21:19:54,670 [WARNING] 网络连接错误: HTTPSConnectionPool(host='bmclapi2.bangbang93.com', port=443): Max retries exceeded with url: /assets/f3/f3cfba3cf1e876f7058b7106d54b431f65718bf8 (Caused by SSLError(OSError(24, 'Too many open files')))
2025-09-30 21:19:54,694 [WARNING] HTTP协议也失败: HTTPSConnectionPool(host='bmclapi2.bangbang93.com', port=443): Max retries exceeded with url: /assets/03/038cff4932ee56b62e5c77f334dd5298c7cff1ae (Caused by SSLError(OSError(24, 'Too many open files')))
2025-09-30 21:19:54,701 [INFO] 尝试使用HTTP协议: http://bmclapi2.bangbang93.com/assets/be/be1ee4c88215a9d0890ff9d7e1a0474cd0cf334f
2025-09-30 21:19:54,701 [WARNING] 网络连接错误: HTTPSConnectionPool(host='bmclapi2.bangbang93.com', port=443): Max retries exceeded with url: /assets/34/343e433ef9dfa926c4ddf69c09922e3052c69406 (Caused by SSLError(OSError(24, 'Too many open files')))
2025-09-30 21:19:50,620 [INFO] 尝试使用HTTP协议: http://bmclapi2.bangbang93.com/assets/0c/0cff2cfc2ed0fe8607eabc98ee971c79c1a8c611
2025-09-30 21:19:50,673 [WARNING] 网络连接错误: HTTPSConnectionPool(host='bmclapi2.bangbang93.com', port=443): Max retries exceeded with url: /assets/03/0382a4f5477b0ded79db02534de00b378081eb54 (Caused by SSLError(OSError(24, 'Too many open files')))
2025-09-30 21:19:54,710 [INFO] 尝试使用HTTP协议: http://bmclapi2.bangbang93.com/assets/22/2252358c51750cfc65ee27f8217384ccbe55171e
2025-09-30 21:19:54,712 [INFO] 尝试使用HTTP协议: http://bmclapi2.bangbang93.com/assets/e6/e6b75086107f28c2648c62cd3a0b52150190d1ed
2025-09-30 21:19:54,744 [INFO] 尝试使用HTTP协议: http://bmclapi2.bangbang93.com/assets/72/72280ef8562002f2cbe79cecf91f8391b92d80c3
2025-09-30 21:19:54,928 [WARNING] 网络连接错误: HTTPSConnectionPool(host='bmclapi2.bangbang93.com', port=443): Max retries exceeded with url: /assets/e8/e875411d29501160a7321d0b27bc85bd1b86d1c0 (Caused by SSLError(OSError(24, 'Too many open files')))
2025-09-30 21:19:54,938 [WARNING] 网络连接错误: HTTPSConnectionPool(host='bmclapi2.bangbang93.com', port=443): Max retries exceeded with url: /assets/41/4151c7520e64521a2f44e58f58f8a8f729ac07b9 (Caused by SSLError(OSError(24, 'Too many open files')))
2025-09-30 21:19:55,015 [WARNING] HTTP协议也失败: HTTPSConnectionPool(host='bmclapi2.bangbang93.com', port=443): Max retries exceeded with url: /assets/40/40ab5638b37fea5a71010d619bd8cad3771e4ea9 (Caused by SSLError(OSError(24, 'Too many open files')))
2025-09-30 21:19:55,059 [INFO] 尝试使用HTTP协议: http://bmclapi2.bangbang93.com/assets/d8/d80a8adf60b42ba1edc015e394f786e7d8a4f58c
2025-09-30 21:19:50,985 [INFO] 尝试使用HTTP协议: http://bmclapi2.bangbang93.com/assets/06/06491fc8f45f858876f05cd1ac71742f3a86f1e4
2025-09-30 21:19:55,089 [INFO] 尝试使用HTTP协议: http://bmclapi2.bangbang93.com/assets/25/2531bbaea203726d65d8aed31da576e2cec4fc74
2025-09-30 21:19:55,200 [WARNING] 网络连接错误: HTTPSConnectionPool(host='bmclapi2.bangbang93.com', port=443): Max retries exceeded with url: /assets/27/27aea996b107206c2e0938f441b722a727248fe4 (Caused by SSLError(OSError(24, 'Too many open files')))
2025-09-30 21:19:55,222 [WARNING] 网络连接错误: HTTPSConnectionPool(host='bmclapi2.bangbang93.com', port=443): Max retries exceeded with url: /assets/b2/b2d4fe875f5a729c8eb07eafd7ab77ea51b890f2 (Caused by SSLError(OSError(24, 'Too many open files')))
2025-09-30 21:19:55,222 [WARNING] 网络连接错误: HTTPSConnectionPool(host='bmclapi2.bangbang93.com', port=443): Max retries exceeded with url: /assets/43/43b98ec31e91d01637f00376ba8a747bd0c316d7 (Caused by SSLError(OSError(24, 'Too many open files')))
2025-09-30 21:19:51,202 [WARNING] 网络连接错误: HTTPSConnectionPool(host='bmclapi2.bangbang93.com', port=443): Max retries exceeded with url: /assets/d2/d223757959ae6f0517108bd4564bed4853fd6ccf (Caused by SSLError(OSError(24, 'Too many open files')))
2025-09-30 21:19:55,223 [WARNING] 网络连接错误: HTTPSConnectionPool(host='bmclapi2.bangbang93.com', port=443): Max retries exceeded with url: /assets/6e/6ea2f56d5ff9c2dd6f6e2b0e6743c59863543f1a (Caused by SSLError(OSError(24, 'Too many open files')))
2025-09-30 21:19:55,255 [WARNING] 网络连接错误: HTTPSConnectionPool(host='bmclapi2.bangbang93.com', port=443): Max retries exceeded with url: /assets/58/5897178066f58be63ccd8b9df42dff2760b73a95 (Caused by SSLError(OSError(24, 'Too many open files')))
2025-09-30 21:19:55,323 [WARNING] HTTP协议也失败: HTTPSConnectionPool(host='bmclapi2.bangbang93.com', port=443): Max retries exceeded with url: /assets/b4/b47e7e08ac51bfb3e0a51f9539e3661cf82b417c (Caused by SSLError(OSError(24, 'Too many open files')))
2025-09-30 21:19:55,327 [INFO] 尝试使用HTTP协议: http://bmclapi2.bangbang93.com/assets/75/7544da0466b7551f25d70cda5ca4dbf7ff14ff4b
2025-09-30 21:19:55,330 [WARNING] HTTP协议也失败: HTTPSConnectionPool(host='bmclapi2.bangbang93.com', port=443): Max retries exceeded with url: /assets/ec/ec1ba06efabc9960bb37c14791d494bfc6f8f5e8 (Caused by SSLError(OSError(24, 'Too many open files')))
2025-09-30 21:19:55,330 [INFO] 尝试使用HTTP协议: http://bmclapi2.bangbang93.com/assets/05/050b58b93370995f984309c705e11b890e11a2d0
2025-09-30 21:19:55,330 [WARNING] HTTP协议也失败: HTTPSConnectionPool(host='bmclapi2.bangbang93.com', port=443): Max retries exceeded with url: /assets/ea/ea5d0dfacc7437bf95455690f8a805a8c4840194 (Caused by SSLError(OSError(24, 'Too many open files')))
2025-09-30 21:19:55,411 [WARNING] 网络连接错误: HTTPSConnectionPool(host='bmclapi2.bangbang93.com', port=443): Max retries exceeded with url: /assets/94/943c4b9ecdc317e2b1607ea180dca174dcb2c75d (Caused by SSLError(OSError(24, 'Too many open files')))
2025-09-30 21:19:55,416 [WARNING] 网络连接错误: HTTPSConnectionPool(host='10.rua93.online', port=443): Max retries exceeded with url: /download/cd4043ed1b5f883545ff0a269ffaaaf2758670fb?name=cd4043ed1b5f883545ff0a269ffaaaf2758670fb&s=mijLLGc30fzSfqqSyJakgCdR-lk&e=mg6laop8 (Caused by SSLError(OSError(24, 'Too many open files')))
2025-09-30 21:19:51,425 [INFO] 尝试使用HTTP协议: http://bmclapi2.bangbang93.com/assets/52/5244bc92929a6e50c79e1dbe1b51a602c3454d07
2025-09-30 21:19:51,470 [WARNING] HTTP协议也失败: HTTPSConnectionPool(host='bmclapi2.bangbang93.com', port=443): Max retries exceeded with url: /assets/42/42429ae14b45439a7017145063b2cceea99ab2fc (Caused by SSLError(OSError(24, 'Too many open files')))
2025-09-30 21:19:55,539 [INFO] 尝试使用HTTP协议: http://bmclapi2.bangbang93.com/assets/70/701c9f5d1a05b7f1db7b78ca2149dc5d236cca8b
2025-09-30 21:19:55,539 [INFO] 尝试使用HTTP协议: http://bmclapi2.bangbang93.com/assets/48/48c42f377d9120924b658330e152bb872b9a8dad
2025-09-30 21:19:55,539 [WARNING] HTTP协议也失败: HTTPSConnectionPool(host='bmclapi2.bangbang93.com', port=443): Max retries exceeded with url: /assets/c6/c67f469ee3d43a440ea5da854f4a3a52fd13f91a (Caused by SSLError(OSError(24, 'Too many open files')))
2025-09-30 21:19:55,563 [INFO] 尝试使用HTTP协议: http://bmclapi2.bangbang93.com/assets/f0/f014d90070e4c722238e9a8ef9ffef3a19ace83b
2025-09-30 21:19:51,471 [INFO] 尝试使用HTTP协议: http://bmclapi2.bangbang93.com/assets/87/87325e36738d7e7dadbddf82c06ec307ec4c1f10
2025-09-30 21:19:55,675 [WARNING] HTTP协议也失败: HTTPSConnectionPool(host='bmclapi2.bangbang93.com', port=443): Max retries exceeded with url: /assets/40/404350219666d9ba40343896d071a00697dacbb9 (Caused by SSLError(OSError(24, 'Too many open files')))
2025-09-30 21:19:51,510 [INFO] 尝试使用HTTP协议: http://bmclapi2.bangbang93.com/assets/45/452af45b1729ff634fb30662366616e0b5924001
2025-09-30 21:19:55,725 [WARNING] 网络连接错误: HTTPSConnectionPool(host='bmclapi2.bangbang93.com', port=443): Max retries exceeded with url: /assets/1f/1f34b0827dc6de72edac0befa329ca6377961558 (Caused by SSLError(OSError(24, 'Too many open files')))
2025-09-30 21:19:55,732 [WARNING] HTTP协议也失败: HTTPSConnectionPool(host='bmclapi2.bangbang93.com', port=443): Max retries exceeded with url: /assets/cc/cca7bcc6a8a9bc0ee9218bfa9a8471cacb8b0148 (Caused by SSLError(OSError(24, 'Too many open files')))
2025-09-30 21:19:55,732 [WARNING] 网络连接错误: HTTPSConnectionPool(host='bmclapi2.bangbang93.com', port=443): Max retries exceeded with url: /assets/ad/ad95b90dd122aaa98a8f2a996cd3fa13ce33540a (Caused by SSLError(OSError(24, 'Too many open files')))
2025-09-30 21:19:55,732 [WARNING] HTTP协议也失败: HTTPSConnectionPool(host='bmclapi2.bangbang93.com', port=443): Max retries exceeded with url: /assets/80/806fabe0425d34d9953f148ffe47cbd6dbedc500 (Caused by SSLError(OSError(24, 'Too many open files')))
2025-09-30 21:19:55,732 [WARNING] 网络连接错误: HTTPSConnectionPool(host='bmclapi2.bangbang93.com', port=443): Max retries exceeded with url: /assets/1f/1f6a703221da3f3a2b2a45c0ee6636e3109ba6ff (Caused by SSLError(OSError(24, 'Too many open files')))
2025-09-30 21:19:51,554 [INFO] 尝试使用HTTP协议: http://bmclapi2.bangbang93.com/assets/79/79565814c833a9a3161ddbda0ded8a9e015a67b6
2025-09-30 21:19:55,843 [WARNING] 网络连接错误: HTTPSConnectionPool(host='bmclapi2.bangbang93.com', port=443): Max retries exceeded with url: /assets/5d/5de7eb14bb1a4da831cc46c743471dcf56f477f9 (Caused by SSLError(OSError(24, 'Too many open files')))
2025-09-30 21:19:55,844 [WARNING] HTTP协议也失败: HTTPSConnectionPool(host='bmclapi2.bangbang93.com', port=443): Max retries exceeded with url: /assets/37/3773c5cbc781cea28dc05da324310db9e872830d (Caused by SSLError(OSError(24, 'Too many open files')))
2025-09-30 21:19:56,008 [WARNING] 网络连接错误: HTTPSConnectionPool(host='bmclapi2.bangbang93.com', port=443): Max retries exceeded with url: /assets/6b/6bd9dca08ccd2281e86e5d3c61f5a2376e7dbe12 (Caused by SSLError(OSError(24, 'Too many open files')))
2025-09-30 21:19:56,010 [INFO] 尝试使用HTTP协议: http://bmclapi2.bangbang93.com/assets/32/3206b61dfb32c47f6e1614de20538bd28ac60c10
2025-09-30 21:19:56,087 [WARNING] HTTP协议也失败: HTTPSConnectionPool(host='bmclapi2.bangbang93.com', port=443): Max retries exceeded with url: /assets/50/507a087f3c73af46f5cdcd229f75f36c53ee043f (Caused by SSLError(OSError(24, 'Too many open files')))
2025-09-30 21:19:56,091 [WARNING] HTTP协议也失败: HTTPSConnectionPool(host='bmclapi2.bangbang93.com', port=443): Max retries exceeded with url: /assets/4c/4c7e2706d6840e1466cf056ae047ce947852cb09 (Caused by SSLError(OSError(24, 'Too many open files')))
2025-09-30 21:19:56,209 [INFO] 尝试使用HTTP协议: http://bmclapi2.bangbang93.com/assets/2e/2e82bfffe303f65ee7c2c23b4b0b637b79ae0360
2025-09-30 21:19:56,227 [INFO] 尝试使用HTTP协议: http://bmclapi2.bangbang93.com/assets/5f/5f4becb2557c3da9947587eae18e0ef899769eeb
2025-09-30 21:19:56,280 [INFO] 尝试使用HTTP协议: http://bmclapi2.bangbang93.com/assets/4d/4d317c9632c6dc5cd6ec10546f6752a3ac8fbcae
2025-09-30 21:19:56,280 [WARNING] 网络连接错误: HTTPSConnectionPool(host='bmclapi2.bangbang93.com', port=443): Max retries exceeded with url: /assets/66/666c560b860bfac36cbac7b015a24ccad0500db6 (Caused by SSLError(OSError(24, 'Too many open files')))
2025-09-30 21:19:56,296 [WARNING] 网络连接错误: HTTPSConnectionPool(host='bmclapi2.bangbang93.com', port=443): Max retries exceeded with url: /assets/af/af129e6773af0e7219b7f3dcbc2ad76449232151 (Caused by SSLError(OSError(24, 'Too many open files')))
2025-09-30 21:19:56,321 [WARNING] HTTP协议也失败: HTTPSConnectionPool(host='bmclapi2.bangbang93.com', port=443): Max retries exceeded with url: /assets/2f/2facb0995b98997033ad5fea8fdd501b388ad8cd (Caused by SSLError(OSError(24, 'Too many open files')))
2025-09-30 21:19:56,416 [WARNING] 网络连接错误: HTTPSConnectionPool(host='bmclapi2.bangbang93.com', port=443): Max retries exceeded with url: /assets/4f/4fbb4e179a4f4d7c5771f2dc9829fa1655953697 (Caused by SSLError(OSError(24, 'Too many open files')))
2025-09-30 21:19:56,467 [WARNING] 网络连接错误: HTTPSConnectionPool(host='bmclapi2.bangbang93.com', port=443): Max retries exceeded with url: /assets/9e/9ef36a3e43ddd991266031eeb29914d619993d2e (Caused by SSLError(OSError(24, 'Too many open files')))
2025-09-30 21:19:56,497 [WARNING] 网络连接错误: HTTPSConnectionPool(host='bmclapi2.bangbang93.com', port=443): Max retries exceeded with url: /assets/0e/0e0d263eeae9e4289916c92f830e282a5d45f720 (Caused by SSLError(OSError(24, 'Too many open files')))
2025-09-30 21:19:56,594 [WARNING] 网络连接错误: HTTPSConnectionPool(host='7.rua93.online', port=443): Max retries exceeded with url: /download/1a7631a3590477fcb454846191891a0edddfe563?name=1a7631a3590477fcb454846191891a0edddfe563&s=mjuk3Am9z3gwSxhIjQkS-BmtGFs&e=mg6lapj0 (Caused by SSLError(OSError(24, 'Too many open files')))
2025-09-30 21:19:56,616 [WARNING] 网络连接错误: HTTPSConnectionPool(host='8.rua93.online', port=443): Max retries exceeded with url: /download/0e12cc9cb756d12674ea01ec28762c05d2ceca35?name=0e12cc9cb756d12674ea01ec28762c05d2ceca35&s=vau4i-no7oinEpcUSUkVFwNo0mg&e=mg6laowd (Caused by SSLError(OSError(24, 'Too many open files')))
2025-09-30 21:19:56,679 [WARNING] HTTP协议也失败: HTTPSConnectionPool(host='bmclapi2.bangbang93.com', port=443): Max retries exceeded with url: /assets/39/3967b91cfd2cdd497654fb1a30cdea3542bcacc7 (Caused by SSLError(OSError(24, 'Too many open files')))
2025-09-30 21:19:56,680 [WARNING] HTTP协议也失败: HTTPSConnectionPool(host='bmclapi2.bangbang93.com', port=443): Max retries exceeded with url: /assets/88/88625ae1dfaf75726e37d23a0111429ad9ea5e56 (Caused by SSLError(OSError(24, 'Too many open files')))
2025-09-30 21:19:56,693 [WARNING] 网络连接错误: HTTPSConnectionPool(host='bmclapi2.bangbang93.com', port=443): Max retries exceeded with url: /assets/76/76ba0d2dec5567374c31d2d788183c440efebe9a (Caused by SSLError(OSError(24, 'Too many open files')))
2025-09-30 21:19:56,695 [WARNING] 网络连接错误: HTTPSConnectionPool(host='bmclapi2.bangbang93.com', port=443): Max retries exceeded with url: /assets/a0/a084cc73ae04f6d4aaec3b33865dc05709c17603 (Caused by SSLError(OSError(24, 'Too many open files')))
2025-09-30 21:19:52,473 [INFO] 尝试使用HTTP协议: http://bmclapi2.bangbang93.com/assets/de/dea7b51e9a3c6f6caa547622cbd7c4c62e1540ca
2025-09-30 21:19:56,699 [WARNING] HTTP协议也失败: HTTPSConnectionPool(host='bmclapi2.bangbang93.com', port=443): Max retries exceeded with url: /assets/32/324fdeb4e7ff88141d0bfe9b0d4558d59f0daf5c (Caused by SSLError(OSError(24, 'Too many open files')))
2025-09-30 21:19:52,544 [WARNING] 网络连接错误: HTTPSConnectionPool(host='bmclapi2.bangbang93.com', port=443): Max retries exceeded with url: /assets/0e/0e8d1366458c1b6bc16c4bc5ce0e9992af5fd9e2 (Caused by SSLError(OSError(24, 'Too many open files')))
2025-09-30 21:19:52,564 [INFO] 尝试使用HTTP协议: http://bmclapi2.bangbang93.com/assets/49/49d29b0b9c9b39c7c99998f528e7e13923e11260
2025-09-30 21:19:56,720 [INFO] 尝试使用HTTP协议: http://bmclapi2.bangbang93.com/assets/0b/0bb8f8a6d39ce1a811517c973eba3108629172a8
2025-09-30 21:19:56,720 [WARNING] 网络连接错误: HTTPSConnectionPool(host='bmclapi2.bangbang93.com', port=443): Max retries exceeded with url: /assets/25/254411a1cba6d0855f397299e0d423ee3f14961c (Caused by SSLError(OSError(24, 'Too many open files')))
2025-09-30 21:19:56,720 [WARNING] 网络连接错误: HTTPSConnectionPool(host='bmclapi2.bangbang93.com', port=443): Max retries exceeded with url: /assets/f3/f39c3b69a7d8f3fac8797a9145c8b93cac94fc67 (Caused by SSLError(OSError(24, 'Too many open files')))
2025-09-30 21:19:56,804 [WARNING] 网络连接错误: HTTPSConnectionPool(host='bmclapi2.bangbang93.com', port=443): Max retries exceeded with url: /assets/e4/e400aafb294db87f5954f41908c79cb88de6b632 (Caused by SSLError(OSError(24, 'Too many open files')))
2025-09-30 21:19:56,895 [WARNING] HTTP协议也失败: HTTPSConnectionPool(host='bmclapi2.bangbang93.com', port=443): Max retries exceeded with url: /assets/cd/cd547d26573ab127a2cd668893dc85abb06fe84f (Caused by SSLError(OSError(24, 'Too many open files')))
2025-09-30 21:19:56,900 [WARNING] 网络连接错误: HTTPSConnectionPool(host='bmclapi-s6.yjwmidc.com', port=443): Max retries exceeded with url: /download/610ec4abc16e8cab1b2133bfbb3d9926d3c629e1?name=610ec4abc16e8cab1b2133bfbb3d9926d3c629e1&s=RDvzfo81mg92FIR8L5v9UXF8BoQ&e=mg6lapmh (Caused by SSLError(OSError(24, 'Too many open files')))
2025-09-30 21:19:56,905 [WARNING] 网络连接错误: HTTPSConnectionPool(host='bmclapi2.bangbang93.com', port=443): Max retries exceeded with url: /assets/5c/5c42d1ae39df50bcdfe714db876148720a069efd (Caused by SSLError(OSError(24, 'Too many open files')))
2025-09-30 21:19:56,944 [WARNING] HTTP协议也失败: HTTPSConnectionPool(host='bmclapi2.bangbang93.com', port=443): Max retries exceeded with url: /assets/44/44abacadab7273a1869e204101dcb2cf467b9d01 (Caused by SSLError(OSError(24, 'Too many open files')))
2025-09-30 21:19:56,945 [WARNING] HTTP协议也失败: HTTPSConnectionPool(host='bmclapi2.bangbang93.com', port=443): Max retries exceeded with url: /assets/26/26b3a3050da842e651ab271fb2522cf248ede82d (Caused by SSLError(OSError(24, 'Too many open files')))
2025-09-30 21:19:56,947 [WARNING] 网络连接错误: HTTPSConnectionPool(host='bmclapi2.bangbang93.com', port=443): Max retries exceeded with url: /assets/75/7540f499c7713711ec0ebb7e3a6240c8b1ed0b8e (Caused by SSLError(OSError(24, 'Too many open files')))
2025-09-30 21:19:56,948 [WARNING] HTTP协议也失败: HTTPSConnectionPool(host='bmclapi2.bangbang93.com', port=443): Max retries exceeded with url: /assets/66/663cd15b439f9aeb7a0959866e2aa879bd8d563a (Caused by SSLError(OSError(24, 'Too many open files')))
2025-09-30 21:19:52,722 [INFO] 尝试使用HTTP协议: http://bmclapi2.bangbang93.com/assets/8a/8a65f8b0dbf5509455f2d211c416df9dd4379ada
2025-09-30 21:19:57,000 [WARNING] 网络连接错误: HTTPSConnectionPool(host='18.rua93.online', port=443): Max retries exceeded with url: /download/1811fdab411fd2501e8aa5a325de18db0282b693?name=1811fdab411fd2501e8aa5a325de18db0282b693&s=bHDBL-GCpARju4sBk3n9y2tVucM&e=mg6lapte (Caused by SSLError(OSError(24, 'Too many open files')))
2025-09-30 21:19:57,018 [INFO] 尝试使用HTTP协议: http://bmclapi2.bangbang93.com/assets/24/2464fb278d1e855e9fa1a60056f24f0776b006bd
2025-09-30 21:19:57,018 [WARNING] 网络连接错误: HTTPSConnectionPool(host='9.rua93.online', port=443): Max retries exceeded with url: /download/8d0f5200fb9949cf55e1de57297349c1188a3115?name=8d0f5200fb9949cf55e1de57297349c1188a3115&s=Pekk-bF3GBLkm6Hb3HbJ370TQUw&e=mg6lapx0 (Caused by SSLError(OSError(24, 'Too many open files')))
2025-09-30 21:19:57,240 [WARNING] 网络连接错误: HTTPSConnectionPool(host='bmclapi2.bangbang93.com', port=443): Max retries exceeded with url: /assets/67/678a8fc38db841b7c5c66cd8486f30031e3a7c8b (Caused by SSLError(OSError(24, 'Too many open files')))
2025-09-30 21:19:57,246 [WARNING] 网络连接错误: HTTPSConnectionPool(host='bmclapi2.bangbang93.com', port=443): Max retries exceeded with url: /assets/7a/7ac608958fbdffa90dd9cd4d9e518ef30260b6ea (Caused by SSLError(OSError(24, 'Too many open files')))
2025-09-30 21:19:57,269 [INFO] 尝试使用HTTP协议: http://bmclapi2.bangbang93.com/assets/01/011aa5653f55c61f33db064b0e356e7d9e498cda
2025-09-30 21:19:48,697 [WARNING] HTTP协议也失败: HTTPSConnectionPool(host='bmclapi2.bangbang93.com', port=443): Max retries exceeded with url: /assets/5e/5efd47f4bde0841741418d8ec3a1268b78a6d94c (Caused by SSLError(OSError(24, 'Too many open files')))
2025-09-30 21:19:57,276 [WARNING] 网络连接错误: HTTPSConnectionPool(host='bmclapi2.bangbang93.com', port=443): Max retries exceeded with url: /assets/8d/8defa6e305571b092e691a90712c9cc8001fb661 (Caused by SSLError(OSError(24, 'Too many open files')))
2025-09-30 21:19:52,850 [INFO] 尝试使用HTTP协议: http://bmclapi2.bangbang93.com/assets/ce/ceb0c6b2dbb81643b41ade0a3fcb20e95f661b35
2025-09-30 21:19:57,348 [INFO] 尝试使用HTTP协议: http://bmclapi2.bangbang93.com/assets/85/85fd72d44ccbf8fc1e0b8aa714c37e0b5835cdc8
2025-09-30 21:19:57,353 [WARNING] 网络连接错误: HTTPSConnectionPool(host='bmclapi2.bangbang93.com', port=443): Max retries exceeded with url: /assets/55/552218e330c62eb7f84420dcae85a816b2163c04 (Caused by SSLError(OSError(24, 'Too many open files')))
2025-09-30 21:19:52,950 [WARNING] 网络连接错误: HTTPSConnectionPool(host='bmclapi2.bangbang93.com', port=443): Max retries exceeded with url: /assets/04/04b2c0edc7128fcd1f414e34541f6fa675871cac (Caused by SSLError(OSError(24, 'Too many open files')))
2025-09-30 21:19:57,413 [INFO] 尝试使用HTTP协议: http://bmclapi2.bangbang93.com/assets/de/deae116c5e906108ccedb6650f167ed4cfb0af78
2025-09-30 21:19:57,416 [INFO] 尝试使用HTTP协议: http://bmclapi2.bangbang93.com/assets/cc/cce307819901e2b9523a3b7b4ac76b9a25a6629c
2025-09-30 21:19:57,416 [WARNING] 网络连接错误: HTTPSConnectionPool(host='bmclapi2.bangbang93.com', port=443): Max retries exceeded with url: /assets/2c/2ccfb856440fe00f1862e1292ca87a2168f924a0 (Caused by SSLError(OSError(24, 'Too many open files')))
2025-09-30 21:19:57,429 [INFO] 尝试使用HTTP协议: http://bmclapi2.bangbang93.com/assets/a2/a23f29cc77384305500826664aab697de7d5fd13
2025-09-30 21:19:57,473 [INFO] 尝试使用HTTP协议: http://bmclapi2.bangbang93.com/assets/e8/e8e7230c42a623b988c64462a2c2c390face9d61
2025-09-30 21:19:57,568 [INFO] 尝试使用HTTP协议: http://bmclapi2.bangbang93.com/assets/1e/1eefb114d3b9180fcad0ad1742e6b88fcf109974
2025-09-30 21:19:49,211 [INFO] 尝试使用HTTP协议: http://bmclapi2.bangbang93.com/assets/86/86f495c4d08c6e4441759d58fcea059943fece1c
2025-09-30 21:19:53,214 [WARNING] 网络连接错误: HTTPSConnectionPool(host='bmclapi2.bangbang93.com', port=443): Max retries exceeded with url: /assets/80/8038df5285a51003d716016a725bfdd9b6643d42 (Caused by SSLError(OSError(24, 'Too many open files')))
2025-09-30 21:19:57,612 [WARNING] 网络连接错误: HTTPSConnectionPool(host='bmclapi2.bangbang93.com', port=443): Max retries exceeded with url: /assets/38/381bd8590b65134d8c2f31a443cb37752145d353 (Caused by SSLError(OSError(24, 'Too many open files')))
2025-09-30 21:19:57,612 [WARNING] HTTP协议也失败: HTTPSConnectionPool(host='bmclapi2.bangbang93.com', port=443): Max retries exceeded with url: /assets/97/9792ced2042dc6765b08e47df9ec14ed7422461a (Caused by SSLError(OSError(24, 'Too many open files')))
2025-09-30 21:19:57,631 [INFO] 尝试使用HTTP协议: http://bmclapi2.bangbang93.com/assets/48/48be42bf39686e758bf872b1ff6044dee06a8676
2025-09-30 21:19:57,659 [WARNING] HTTP协议也失败: HTTPSConnectionPool(host='bmclapi2.bangbang93.com', port=443): Max retries exceeded with url: /assets/64/64725912f2fa1fdd70cbf774fb0d2763483074e3 (Caused by SSLError(OSError(24, 'Too many open files')))
2025-09-30 21:19:57,659 [WARNING] 网络连接错误: HTTPSConnectionPool(host='bmclapi2.bangbang93.com', port=443): Max retries exceeded with url: /assets/9b/9bc2d810f802f87c64287edb6f3257c78e10ecae (Caused by SSLError(OSError(24, 'Too many open files')))
2025-09-30 21:19:57,660 [WARNING] HTTP协议也失败: HTTPSConnectionPool(host='bmclapi2.bangbang93.com', port=443): Max retries exceeded with url: /assets/23/23996bf437578860d46c2b1e12c46ce6554456a5 (Caused by SSLError(OSError(24, 'Too many open files')))
2025-09-30 21:19:57,679 [WARNING] HTTP协议也失败: HTTPSConnectionPool(host='bmclapi2.bangbang93.com', port=443): Max retries exceeded with url: /assets/d3/d3c9081f7b79e5402a7060419173d889e59d297d (Caused by SSLError(OSError(24, 'Too many open files')))
2025-09-30 21:19:57,695 [WARNING] 网络连接错误: HTTPSConnectionPool(host='bmclapi2.bangbang93.com', port=443): Max retries exceeded with url: /assets/ba/bafb15c3d188e1425c0b6428551a14d16b320d9c (Caused by SSLError(OSError(24, 'Too many open files')))
2025-09-30 21:19:57,759 [WARNING] 网络连接错误: HTTPSConnectionPool(host='bmclapi2.bangbang93.com', port=443): Max retries exceeded with url: /assets/0c/0c1bb4bac0a42c0c444238a0a89da29dc459aa27 (Caused by SSLError(OSError(24, 'Too many open files')))
2025-09-30 21:19:57,961 [WARNING] HTTP协议也失败: HTTPSConnectionPool(host='bmclapi2.bangbang93.com', port=443): Max retries exceeded with url: /assets/10/10ddd558c544bb0286af5ed0b4b440353c3f2a87 (Caused by SSLError(OSError(24, 'Too many open files')))
2025-09-30 21:19:57,981 [INFO] 尝试使用HTTP协议: http://bmclapi2.bangbang93.com/assets/53/536d231281501e65163f4ec45dac00d59d340469
2025-09-30 21:19:58,015 [WARNING] 网络连接错误: HTTPSConnectionPool(host='bmclapi2.bangbang93.com', port=443): Max retries exceeded with url: /assets/0a/0a11f0f24ea5c41821023ec829100194cc6c8ae0 (Caused by SSLError(OSError(24, 'Too many open files')))
2025-09-30 21:19:58,038 [INFO] 尝试使用HTTP协议: http://bmclapi2.bangbang93.com/assets/0c/0cf0b92265370a4fe7c1bc2c312e80b2f7185abb
2025-09-30 21:19:53,811 [WARNING] HTTP协议也失败: HTTPSConnectionPool(host='bmclapi2.bangbang93.com', port=443): Max retries exceeded with url: /assets/7b/7b9be3ea905d57289b91510612b11f50264e1367 (Caused by SSLError(OSError(24, 'Too many open files')))
2025-09-30 21:19:58,104 [INFO] 尝试使用HTTP协议: http://bmclapi2.bangbang93.com/assets/3d/3dc37b550892aad4c165c3f23214e3ccabeabb53
2025-09-30 21:19:53,842 [WARNING] 网络连接错误: HTTPSConnectionPool(host='bmclapi2.bangbang93.com', port=443): Max retries exceeded with url: /assets/80/80096de42d58bb6ef658182239afa297b1adcb28 (Caused by SSLError(OSError(24, 'Too many open files')))
2025-09-30 21:19:49,635 [WARNING] 网络连接错误: HTTPSConnectionPool(host='14.rua93.online', port=443): Max retries exceeded with url: /download/7ba5854050897c8ef2efd8b1e4f878807154808a?name=7ba5854050897c8ef2efd8b1e4f878807154808a&s=FaUfwhcDnjC40YX5E4OhBCKbMNM&e=mg6lak8w (Caused by SSLError(OSError(24, 'Too many open files')))
2025-09-30 21:19:54,161 [INFO] 尝试使用HTTP协议: http://bmclapi2.bangbang93.com/assets/bf/bf6337ce53c58d489fc2be8bd8681b109338fb7a
2025-09-30 21:19:54,184 [INFO] 尝试使用HTTP协议: http://bmclapi2.bangbang93.com/assets/8d/8d7e8f796ab00a29c131326f39dbadd3c88f32e4
2025-09-30 21:19:58,268 [WARNING] 网络连接错误: HTTPSConnectionPool(host='bmclapi2.bangbang93.com', port=443): Max retries exceeded with url: /assets/45/4540a415cc3e1413a09b54fbfcf9cb1c3c48a357 (Caused by SSLError(OSError(24, 'Too many open files')))
2025-09-30 21:19:58,279 [INFO] 尝试使用HTTP协议: http://bmclapi2.bangbang93.com/assets/f1/f169c2bd7d40b3075e8e27c379904c3629f49452
2025-09-30 21:19:58,415 [WARNING] HTTP协议也失败: HTTPSConnectionPool(host='bmclapi2.bangbang93.com', port=443): Max retries exceeded with url: /assets/01/012237aa6dd50c9fc43bf5f53cb4a49ddefdb2b9 (Caused by SSLError(OSError(24, 'Too many open files')))
2025-09-30 21:19:58,415 [WARNING] HTTP协议也失败: HTTPSConnectionPool(host='bmclapi2.bangbang93.com', port=443): Max retries exceeded with url: /assets/2b/2b4f4deceec8620529a32804c002807e1ec4341e (Caused by SSLError(OSError(24, 'Too many open files')))
2025-09-30 21:19:58,415 [INFO] 尝试使用HTTP协议: http://bmclapi2.bangbang93.com/assets/54/54ff654f2f156090ebbe0452e2f798c89fb825bb
2025-09-30 21:19:58,427 [WARNING] 网络连接错误: HTTPSConnectionPool(host='bmclapi2.bangbang93.com', port=443): Max retries exceeded with url: /assets/87/8711b18848546a66c88aa8d92400ee9e7ee861c1 (Caused by SSLError(OSError(24, 'Too many open files')))
2025-09-30 21:19:58,427 [WARNING] HTTP协议也失败: HTTPSConnectionPool(host='bmclapi2.bangbang93.com', port=443): Max retries exceeded with url: /assets/2b/2bc9a4fb9201db00c68cb85e28b22c788b8b478d (Caused by SSLError(OSError(24, 'Too many open files')))
2025-09-30 21:19:58,469 [WARNING] 网络连接错误: HTTPSConnectionPool(host='bmclapi2.bangbang93.com', port=443): Max retries exceeded with url: /assets/2a/2a3535b318a9132b00a1ecb2a3216c8bf237f279 (Caused by SSLError(OSError(24, 'Too many open files')))
2025-09-30 21:19:58,494 [WARNING] HTTP协议也失败: HTTPSConnectionPool(host='bmclapi2.bangbang93.com', port=443): Max retries exceeded with url: /assets/8b/8bc1c4de8c29b43f2934175f08be10aa5d538fcd (Caused by SSLError(OSError(24, 'Too many open files')))
2025-09-30 21:19:58,526 [WARNING] HTTP协议也失败: HTTPSConnectionPool(host='bmclapi2.bangbang93.com', port=443): Max retries exceeded with url: /assets/1e/1e6adaad56312e2b6f2f1b8482e510430a4ffd73 (Caused by SSLError(OSError(24, 'Too many open files')))
2025-09-30 21:19:50,115 [WARNING] 网络连接错误: HTTPSConnectionPool(host='bmclapi2.bangbang93.com', port=443): Max retries exceeded with url: /assets/4a/4affb685bfbfd9aeef1998e9d711e6014c5563f5 (Caused by SSLError(OSError(24, 'Too many open files')))
2025-09-30 21:19:58,583 [WARNING] HTTP协议也失败: HTTPSConnectionPool(host='bmclapi2.bangbang93.com', port=443): Max retries exceeded with url: /assets/de/de538718f248c4ef4e94a7d84e3ef691c1d4c80f (Caused by SSLError(OSError(24, 'Too many open files')))
2025-09-30 21:19:58,618 [WARNING] 网络连接错误: HTTPSConnectionPool(host='bmclapi2.bangbang93.com', port=443): Max retries exceeded with url: /assets/eb/eb8d59a4b30875b7ad7f4fd5e399b841b16267b6 (Caused by SSLError(OSError(24, 'Too many open files')))
2025-09-30 21:19:58,651 [WARNING] 网络连接错误: HTTPSConnectionPool(host='bmclapi2.bangbang93.com', port=443): Max retries exceeded with url: /assets/58/58200e27c0f44396f38d944186b7ebb9b06165b4 (Caused by SSLError(OSError(24, 'Too many open files')))
2025-09-30 21:19:54,430 [WARNING] 网络连接错误: HTTPSConnectionPool(host='bmclapi2.bangbang93.com', port=443): Max retries exceeded with url: /assets/69/69796b6a75b37d44654dc128f4bd8cd1e8f57621 (Caused by SSLError(OSError(24, 'Too many open files')))
2025-09-30 21:19:58,677 [INFO] 尝试使用HTTP协议: http://bmclapi2.bangbang93.com/assets/e9/e97672693d77c49e36c492be162b5dcba2a35998
2025-09-30 21:19:54,461 [INFO] 尝试使用HTTP协议: http://bmclapi2.bangbang93.com/assets/b3/b3b5e5b2d89265d37de563ac906f951ff98586a6
2025-09-30 21:19:58,719 [INFO] 尝试使用HTTP协议: http://bmclapi2.bangbang93.com/assets/2a/2af3514e4685782da41c6c1bf003e49f7235aab4
2025-09-30 21:19:58,719 [WARNING] 网络连接错误: HTTPSConnectionPool(host='bmclapi2.bangbang93.com', port=443): Max retries exceeded with url: /assets/bb/bbd633935e9ad4d0dcc2a36c9b3b78cea9afcae9 (Caused by SSLError(OSError(24, 'Too many open files')))
2025-09-30 21:19:58,745 [WARNING] 网络连接错误: HTTPSConnectionPool(host='bmclapi2.bangbang93.com', port=443): Max retries exceeded with url: /assets/6b/6bd5a6c13f09a9aa03d52649ea139b8996fec1a5 (Caused by SSLError(OSError(24, 'Too many open files')))
2025-09-30 21:19:58,781 [WARNING] HTTP协议也失败: HTTPSConnectionPool(host='bmclapi2.bangbang93.com', port=443): Max retries exceeded with url: /assets/9d/9d3e89d6d1e14810523b335ee3eb06685284808b (Caused by SSLError(OSError(24, 'Too many open files')))
2025-09-30 21:19:58,819 [INFO] 尝试使用HTTP协议: http://bmclapi2.bangbang93.com/assets/a9/a9e7ab86a266a8d4bc24c22f70b952edcf44f2c4
2025-09-30 21:19:58,820 [INFO] 尝试使用HTTP协议: http://bmclapi2.bangbang93.com/assets/b7/b778f789f90ef9f2b82c9c2a33a3eec2d47fe356
2025-09-30 21:19:58,979 [INFO] 尝试使用HTTP协议: http://bmclapi2.bangbang93.com/assets/9a/9a200c9c063915ec4ce512284ffdc29ab4411c29
2025-09-30 21:19:59,023 [WARNING] 网络连接错误: HTTPSConnectionPool(host='bmclapi2.bangbang93.com', port=443): Max retries exceeded with url: /assets/99/9920cfbe289ddee5447e97304a01c3d11377983b (Caused by SSLError(SSLEOFError(8, '[SSL: UNEXPECTED_EOF_WHILE_READING] EOF occurred in violation of protocol (_ssl.c:1028)')))
2025-09-30 21:19:54,656 [WARNING] HTTP协议也失败: HTTPSConnectionPool(host='bmclapi2.bangbang93.com', port=443): Max retries exceeded with url: /assets/14/14109863585f1de53d9bb7957089bfde8ea69f7b (Caused by SSLError(OSError(24, 'Too many open files')))
2025-09-30 21:19:59,080 [INFO] 尝试使用HTTP协议: http://bmclapi2.bangbang93.com/assets/96/96a80007c1ae9c9354d812150d37dde3042637f4
2025-09-30 21:19:59,098 [WARNING] 网络连接错误: HTTPSConnectionPool(host='bmclapi2.bangbang93.com', port=443): Max retries exceeded with url: /assets/eb/eb4d54fca28de797c309d13bae3d907bedad633d (Caused by SSLError(SSLEOFError(8, '[SSL: UNEXPECTED_EOF_WHILE_READING] EOF occurred in violation of protocol (_ssl.c:1028)')))
2025-09-30 21:19:59,101 [INFO] 尝试使用HTTP协议: http://bmclapi2.bangbang93.com/assets/c5/c58b24b5258f00a5df5f7715fffb2d196b25665f
2025-09-30 21:19:59,104 [WARNING] 网络连接错误: HTTPSConnectionPool(host='bmclapi2.bangbang93.com', port=443): Max retries exceeded with url: /assets/a9/a94c7675f2449982f5cca00805f7cd15e77c840f (Caused by SSLError(OSError(24, 'Too many open files')))
2025-09-30 21:19:59,163 [WARNING] 网络连接错误: HTTPSConnectionPool(host='bmclapi2.bangbang93.com', port=443): Max retries exceeded with url: /assets/ad/ad60ec330aac4c7f9c666ec626154eb78cd56139 (Caused by SSLError(OSError(24, 'Too many open files')))
2025-09-30 21:19:59,166 [WARNING] HTTP协议也失败: HTTPSConnectionPool(host='bmclapi2.bangbang93.com', port=443): Max retries exceeded with url: /assets/ae/ae6106cfedda9b9d250fd193f0487e1b3531d6ae (Caused by SSLError(OSError(24, 'Too many open files')))
2025-09-30 21:19:59,201 [WARNING] 网络连接错误: HTTPSConnectionPool(host='bmclapi2.bangbang93.com', port=443): Max retries exceeded with url: /assets/eb/eb7c09004071c59dd146a364bed2d85a2e93838f (Caused by SSLError(OSError(24, 'Too many open files')))
2025-09-30 21:19:59,245 [WARNING] HTTP协议也失败: HTTPSConnectionPool(host='bmclapi2.bangbang93.com', port=443): Max retries exceeded with url: /assets/d8/d83668d3039380fa037aed5095044a06fef7a035 (Caused by SSLError(OSError(24, 'Too many open files')))
2025-09-30 21:19:59,252 [WARNING] HTTP协议也失败: HTTPSConnectionPool(host='bmclapi2.bangbang93.com', port=443): Max retries exceeded with url: /assets/f7/f7115c7f46d066c30fb62e85a9957e7d3c16b82f (Caused by SSLError(OSError(24, 'Too many open files')))
2025-09-30 21:19:59,253 [INFO] 尝试使用HTTP协议: http://bmclapi2.bangbang93.com/assets/94/945f5710936be2ab03a4fbc7aa5758d02f5a6861
2025-09-30 21:19:59,258 [WARNING] 网络连接错误: HTTPSConnectionPool(host='bmclapi2.bangbang93.com', port=443): Max retries exceeded with url: /assets/3b/3b3f06e97c457da5e539e2e406ce0edec9d4be88 (Caused by SSLError(OSError(24, 'Too many open files')))
2025-09-30 21:19:59,260 [INFO] 尝试使用HTTP协议: http://bmclapi2.bangbang93.com/assets/e0/e05438972b5cd4e8f2f3a7afcf762ef5bd954a51
2025-09-30 21:19:59,274 [INFO] 尝试使用HTTP协议: http://bmclapi2.bangbang93.com/assets/89/89236079c6c9eafb1b3d5aeaefbeb08dbf6003ff
2025-09-30 21:19:59,288 [WARNING] 网络连接错误: HTTPSConnectionPool(host='bmclapi2.bangbang93.com', port=443): Max retries exceeded with url: /assets/17/174d2c0a0e24d79d21ebdd5d472bec71da6390a5 (Caused by SSLError(OSError(24, 'Too many open files')))
2025-09-30 21:19:59,299 [WARNING] 网络连接错误: HTTPSConnectionPool(host='bmclapi2.bangbang93.com', port=443): Max retries exceeded with url: /assets/34/34334146a857e5e09d349322976c9aba204f182d (Caused by SSLError(OSError(24, 'Too many open files')))
2025-09-30 21:19:50,985 [INFO] 尝试使用HTTP协议: http://bmclapi2.bangbang93.com/assets/c5/c5899fcf465776f0037779a16fdf1854fc8463ab
2025-09-30 21:19:59,511 [WARNING] HTTP协议也失败: HTTPSConnectionPool(host='bmclapi2.bangbang93.com', port=443): Max retries exceeded with url: /assets/37/378d419f70b50e539947c300041ee22d5f0be9e5 (Caused by SSLError(OSError(24, 'Too many open files')))
2025-09-30 21:19:59,524 [WARNING] HTTP协议也失败: HTTPSConnectionPool(host='bmclapi2.bangbang93.com', port=443): Max retries exceeded with url: /assets/51/517a67bab994f6605fe10596da833b6185695dfe (Caused by SSLError(OSError(24, 'Too many open files')))
2025-09-30 21:19:59,543 [INFO] 尝试使用HTTP协议: http://bmclapi2.bangbang93.com/assets/46/46d47a68b34810964a01857a7c130792ca2d802c
2025-09-30 21:19:59,864 [WARNING] HTTP协议也失败: HTTPSConnectionPool(host='bmclapi2.bangbang93.com', port=443): Max retries exceeded with url: /assets/04/0463c52f9e7b425006810c8146736416dd2b9231 (Caused by SSLError(OSError(24, 'Too many open files')))
2025-09-30 21:19:59,865 [WARNING] 网络连接错误: HTTPSConnectionPool(host='bmclapi2.bangbang93.com', port=443): Max retries exceeded with url: /assets/03/0389c34aa75fa73615020a81151a2eb53fea6123 (Caused by SSLError(OSError(24, 'Too many open files')))
2025-09-30 21:19:59,936 [WARNING] 网络连接错误: HTTPSConnectionPool(host='bmclapi2.bangbang93.com', port=443): Max retries exceeded with url: /assets/77/777bcb2b96ca2d604fcaa87af9b4ddda4d868f94 (Caused by SSLError(OSError(24, 'Too many open files')))
2025-09-30 21:19:59,936 [WARNING] 网络连接错误: HTTPSConnectionPool(host='bmclapi2.bangbang93.com', port=443): Max retries exceeded with url: /assets/45/4540ef595654fa7551c2e92504f155ef1cc0177a (Caused by SSLError(OSError(24, 'Too many open files')))
2025-09-30 21:19:59,938 [WARNING] 网络连接错误: HTTPSConnectionPool(host='bmclapi2.bangbang93.com', port=443): Max retries exceeded with url: /assets/5b/5bab8236e0fdd4459cc53bf7ab547510b6cddf33 (Caused by SSLError(OSError(24, 'Too many open files')))
2025-09-30 21:19:59,937 [WARNING] 网络连接错误: HTTPSConnectionPool(host='bmclapi2.bangbang93.com', port=443): Max retries exceeded with url: /assets/7a/7a286cc442a5e57c1affe56d03efca5a28d42d3b (Caused by SSLError(OSError(24, 'Too many open files')))
2025-09-30 21:19:55,225 [WARNING] 网络连接错误: HTTPSConnectionPool(host='14.rua93.online', port=443): Max retries exceeded with url: /download/0134b8025c7ec8105cfaf850e0a4040fcfc93cf1?name=0134b8025c7ec8105cfaf850e0a4040fcfc93cf1&s=4iPNgIHMlq54Q5EW7U8o2xmN3Ic&e=mg6laoeg (Caused by SSLError(OSError(24, 'Too many open files')))
2025-09-30 21:19:59,970 [WARNING] 网络连接错误: HTTPSConnectionPool(host='bmclapi2.bangbang93.com', port=443): Max retries exceeded with url: /assets/09/0976802baf73753eb8feba5beb05f11053c593e2 (Caused by SSLError(SSLEOFError(8, '[SSL: UNEXPECTED_EOF_WHILE_READING] EOF occurred in violation of protocol (_ssl.c:1028)')))
2025-09-30 21:19:59,992 [INFO] 尝试使用HTTP协议: http://bmclapi2.bangbang93.com/assets/d2/d223757959ae6f0517108bd4564bed4853fd6ccf
2025-09-30 21:19:55,417 [INFO] 尝试使用HTTP协议: http://bmclapi2.bangbang93.com/assets/a7/a7d1972892b6af701d00185354b4a2b94a370bcd
2025-09-30 21:20:00,094 [INFO] 尝试使用HTTP协议: http://bmclapi2.bangbang93.com/assets/74/741882ca045142bfa076569c87bca37e0ed5a008
2025-09-30 21:20:00,115 [WARNING] HTTP协议也失败: HTTPSConnectionPool(host='bmclapi2.bangbang93.com', port=443): Max retries exceeded with url: /assets/09/09283c5992e529526c1665ac36a3cd03f32e18ab (Caused by SSLError(OSError(24, 'Too many open files')))
2025-09-30 21:20:00,155 [INFO] 尝试使用HTTP协议: http://bmclapi2.bangbang93.com/assets/19/195653d23eba12d565a7a44b3b4187d9551774a4
2025-09-30 21:20:00,222 [INFO] 尝试使用HTTP协议: http://bmclapi2.bangbang93.com/assets/b2/b2c8cba192539a413bcf2cc86724f19fa843199a
2025-09-30 21:20:00,222 [INFO] 尝试使用HTTP协议: http://bmclapi2.bangbang93.com/assets/7b/7b1d2ddf09008d1e49adeb1d0251272549ebecd3
2025-09-30 21:20:00,225 [INFO] 尝试使用HTTP协议: http://bmclapi2.bangbang93.com/assets/f3/f32d47d254760dd12b673f60514987976de9e227
2025-09-30 21:19:55,538 [INFO] 尝试使用HTTP协议: http://bmclapi2.bangbang93.com/assets/a8/a8008b64edce79bba47f0bee031d61e8cf993517
2025-09-30 21:20:00,285 [INFO] 尝试使用HTTP协议: http://bmclapi2.bangbang93.com/assets/b4/b4f74b6d59ef6a8c374b5362ff3059d7e130cf34
2025-09-30 21:20:00,291 [WARNING] 网络连接错误: HTTPSConnectionPool(host='bmclapi2.bangbang93.com', port=443): Max retries exceeded with url: /assets/8a/8ae3ae1922100aebfe081d5274fd8b05ce9ece1e (Caused by SSLError(OSError(24, 'Too many open files')))
2025-09-30 21:20:00,296 [WARNING] 网络连接错误: HTTPSConnectionPool(host='bmclapi2.bangbang93.com', port=443): Max retries exceeded with url: /assets/e3/e3103a151f27376d8584aeb342c49d1eb71ef12b (Caused by SSLError(OSError(24, 'Too many open files')))
2025-09-30 21:20:00,322 [INFO] 尝试使用HTTP协议: http://bmclapi2.bangbang93.com/assets/cd/cd4043ed1b5f883545ff0a269ffaaaf2758670fb
2025-09-30 21:20:00,322 [INFO] 尝试使用HTTP协议: http://bmclapi2.bangbang93.com/assets/37/377d376bf459b1f039e42df8510b7aaab037ea60
2025-09-30 21:20:00,326 [WARNING] HTTP协议也失败: HTTPSConnectionPool(host='bmclapi2.bangbang93.com', port=443): Max retries exceeded with url: /assets/d8/d80a8adf60b42ba1edc015e394f786e7d8a4f58c (Caused by SSLError(OSError(24, 'Too many open files')))
2025-09-30 21:20:00,410 [INFO] 尝试使用HTTP协议: http://bmclapi2.bangbang93.com/assets/64/6447cd0ddcf09414a99551c3a53b69df5974455d
2025-09-30 21:20:00,451 [WARNING] 网络连接错误: HTTPSConnectionPool(host='bmclapi2.bangbang93.com', port=443): Max retries exceeded with url: /assets/95/9529ec6496b7178e1da810e458cc9093e6ee84ed (Caused by SSLError(OSError(24, 'Too many open files')))
2025-09-30 21:20:00,452 [WARNING] 网络连接错误: HTTPSConnectionPool(host='bmclapi2.bangbang93.com', port=443): Max retries exceeded with url: /assets/72/7206e030a8bb50f75a88306a361e829cf8e065d0 (Caused by SSLError(OSError(24, 'Too many open files')))
2025-09-30 21:20:00,508 [WARNING] 网络连接错误: HTTPSConnectionPool(host='bmclapi2.bangbang93.com', port=443): Max retries exceeded with url: /assets/34/341c5c89f16883188250f5f62e809eae68206234 (Caused by SSLError(OSError(24, 'Too many open files')))
2025-09-30 21:20:00,508 [WARNING] 网络连接错误: HTTPSConnectionPool(host='bmclapi2.bangbang93.com', port=443): Max retries exceeded with url: /assets/c3/c35ae74e4d097c52687f23e6badf2b2e69eb5d2e (Caused by SSLError(OSError(24, 'Too many open files')))
2025-09-30 21:20:00,523 [INFO] 尝试使用HTTP协议: http://bmclapi2.bangbang93.com/assets/02/02023d32cefdb86096a2ce810fd8f2863dd97cfc
2025-09-30 21:20:00,603 [WARNING] HTTP协议也失败: HTTPSConnectionPool(host='bmclapi2.bangbang93.com', port=443): Max retries exceeded with url: /assets/ab/abcedf57588b2ea2fe3fcbd1032e3ab35f23a499 (Caused by SSLError(OSError(24, 'Too many open files')))
2025-09-30 21:20:00,604 [WARNING] 网络连接错误: HTTPSConnectionPool(host='bmclapi2.bangbang93.com', port=443): Max retries exceeded with url: /assets/d9/d9609b4a85d83ca70fb1ec0140437ed1c5539f50 (Caused by SSLError(OSError(24, 'Too many open files')))
2025-09-30 21:20:00,606 [WARNING] 网络连接错误: HTTPSConnectionPool(host='bmclapi2.bangbang93.com', port=443): Max retries exceeded with url: /assets/a1/a1d536a39ee1de7d61e580e6dc27f00ce9c2ec15 (Caused by SSLError(SSLEOFError(8, '[SSL: UNEXPECTED_EOF_WHILE_READING] EOF occurred in violation of protocol (_ssl.c:1028)')))
2025-09-30 21:20:00,675 [WARNING] HTTP协议也失败: HTTPSConnectionPool(host='bmclapi2.bangbang93.com', port=443): Max retries exceeded with url: /assets/eb/ebfaffb897611c1edf4ea6f2add562c41a51eb8b (Caused by SSLError(OSError(24, 'Too many open files')))
2025-09-30 21:20:00,751 [WARNING] HTTP协议也失败: HTTPSConnectionPool(host='bmclapi2.bangbang93.com', port=443): Max retries exceeded with url: /assets/f1/f16edd2531f260ab12ce55d6d68433f1dece9390 (Caused by SSLError(OSError(24, 'Too many open files')))
2025-09-30 21:20:00,773 [WARNING] HTTP协议也失败: HTTPSConnectionPool(host='bmclapi2.bangbang93.com', port=443): Max retries exceeded with url: /assets/29/295f048e8370d397aa4813172d10b2e1b1bd2409 (Caused by SSLError(OSError(24, 'Too many open files')))
2025-09-30 21:20:00,794 [WARNING] 网络连接错误: HTTPSConnectionPool(host='bmclapi2.bangbang93.com', port=443): Max retries exceeded with url: /assets/ea/ea5959c5dfd8e0217aa2b9d9ba5d5d33f65d840a (Caused by SSLError(OSError(24, 'Too many open files')))
2025-09-30 21:20:00,933 [INFO] 尝试使用HTTP协议: http://bmclapi2.bangbang93.com/assets/70/7089d660db3e43a6061cff7f4a77b0b770ef4632
2025-09-30 21:20:00,934 [WARNING] 网络连接错误: HTTPSConnectionPool(host='bmclapi2.bangbang93.com', port=443): Max retries exceeded with url: /assets/5f/5f66affa1bb143794e97aba6b2e7e600e61d0b4c (Caused by SSLError(OSError(24, 'Too many open files')))
2025-09-30 21:20:00,934 [INFO] 尝试使用HTTP协议: http://bmclapi2.bangbang93.com/assets/11/11c7bf577d5772d813524c69c92447867cdb2cd5
2025-09-30 21:20:00,949 [WARNING] 网络连接错误: HTTPSConnectionPool(host='bmclapi2.bangbang93.com', port=443): Max retries exceeded with url: /assets/04/047de78010b7c20397f6df4509bfaa39b188da2e (Caused by SSLError(OSError(24, 'Too many open files')))
2025-09-30 21:19:56,321 [INFO] 尝试使用HTTP协议: http://bmclapi2.bangbang93.com/assets/be/be1aefb33d82a26876f60e3aa33bad384bcd6d96
2025-09-30 21:20:00,985 [INFO] 尝试使用HTTP协议: http://bmclapi2.bangbang93.com/assets/f5/f5e067ba8cd334ca3db7bc4f06d4b924d2f6412e
2025-09-30 21:20:01,001 [WARNING] 网络连接错误: HTTPSConnectionPool(host='bmclapi2.bangbang93.com', port=443): Max retries exceeded with url: /assets/4f/4f841896c898aa4a20db902ed5683be431727d09 (Caused by SSLError(SSLEOFError(8, '[SSL: UNEXPECTED_EOF_WHILE_READING] EOF occurred in violation of protocol (_ssl.c:1028)')))
2025-09-30 21:20:01,003 [INFO] 尝试使用HTTP协议: http://bmclapi2.bangbang93.com/assets/af/af129e6773af0e7219b7f3dcbc2ad76449232151
2025-09-30 21:20:01,051 [INFO] 尝试使用HTTP协议: http://bmclapi2.bangbang93.com/assets/4f/4fbb4e179a4f4d7c5771f2dc9829fa1655953697
2025-09-30 21:20:01,052 [INFO] 尝试使用HTTP协议: http://bmclapi2.bangbang93.com/assets/0c/0cfbbcc2a7658109bcd65ecc0208518803f4ba3e
2025-09-30 21:20:01,056 [INFO] 尝试使用HTTP协议: http://bmclapi2.bangbang93.com/assets/f5/f5f420385ffc93dfb1a07b0d8d1fc9a237be23b3
2025-09-30 21:20:01,073 [INFO] 尝试使用HTTP协议: http://bmclapi2.bangbang93.com/assets/9e/9ef36a3e43ddd991266031eeb29914d619993d2e
2025-09-30 21:20:01,119 [WARNING] HTTP协议也失败: HTTPSConnectionPool(host='bmclapi2.bangbang93.com', port=443): Max retries exceeded with url: /assets/08/08c7eb4906bb0c2464f137092656336da53759d1 (Caused by SSLError(OSError(24, 'Too many open files')))
2025-09-30 21:20:01,131 [WARNING] 网络连接错误: HTTPSConnectionPool(host='bmclapi2.bangbang93.com', port=443): Max retries exceeded with url: /assets/8a/8a456c979ae648793e0bc67ff93df0a9a6834131 (Caused by SSLError(OSError(24, 'Too many open files')))
2025-09-30 21:20:01,131 [WARNING] HTTP协议也失败: HTTPSConnectionPool(host='bmclapi2.bangbang93.com', port=443): Max retries exceeded with url: /assets/99/9955e190530db9fbbf2f527b0d60ac738b6a77ca (Caused by SSLError(OSError(24, 'Too many open files')))
2025-09-30 21:20:01,171 [WARNING] 网络连接错误: HTTPSConnectionPool(host='bmclapi2.bangbang93.com', port=443): Max retries exceeded with url: /assets/09/09fe6bf6b8c0c5912edec2d22874ef49820baab0 (Caused by SSLError(SSLEOFError(8, '[SSL: UNEXPECTED_EOF_WHILE_READING] EOF occurred in violation of protocol (_ssl.c:1028)')))
2025-09-30 21:20:01,194 [WARNING] HTTP协议也失败: HTTPSConnectionPool(host='bmclapi2.bangbang93.com', port=443): Max retries exceeded with url: /assets/90/902fba3f16593df6c4df433af4f210d060d2bb8f (Caused by SSLError(OSError(24, 'Too many open files')))
2025-09-30 21:20:01,214 [WARNING] 网络连接错误: HTTPSConnectionPool(host='bmclapi2.bangbang93.com', port=443): Max retries exceeded with url: /assets/6f/6f9e9c9a5f3e789f4c7b889673c07ae791665c12 (Caused by SSLError(OSError(24, 'Too many open files')))
2025-09-30 21:20:01,276 [WARNING] 网络连接错误: HTTPSConnectionPool(host='bmclapi2.bangbang93.com', port=443): Max retries exceeded with url: /assets/58/589fff28d3590774738d0da812a631d265724318 (Caused by SSLError(OSError(24, 'Too many open files')))
2025-09-30 21:19:56,720 [INFO] 尝试使用HTTP协议: http://bmclapi2.bangbang93.com/assets/74/74856b910cbcb52f815f3c042ae5ac79979bb1ae
2025-09-30 21:20:01,325 [INFO] 尝试使用HTTP协议: http://bmclapi2.bangbang93.com/assets/f3/f39c3b69a7d8f3fac8797a9145c8b93cac94fc67
2025-09-30 21:19:56,874 [INFO] 尝试使用HTTP协议: http://bmclapi2.bangbang93.com/assets/5f/5f05073888c608db67790239fac0623f1f2671a6
2025-09-30 21:20:01,442 [WARNING] 网络连接错误: HTTPSConnectionPool(host='bmclapi2.bangbang93.com', port=443): Max retries exceeded with url: /assets/45/453cbf0d5f094078c2b5572c19d610874b2bf053 (Caused by SSLError(OSError(24, 'Too many open files')))
2025-09-30 21:20:01,443 [INFO] 尝试使用HTTP协议: http://bmclapi2.bangbang93.com/assets/e4/e400aafb294db87f5954f41908c79cb88de6b632
2025-09-30 21:19:56,912 [WARNING] 网络连接错误: HTTPSConnectionPool(host='bmclapi2.bangbang93.com', port=443): Max retries exceeded with url: /assets/00/00d7b6cb90bbe6552d8b23650f6da1cab68993fa (Caused by SSLError(OSError(24, 'Too many open files')))
2025-09-30 21:20:01,445 [WARNING] HTTP协议也失败: HTTPSConnectionPool(host='bmclapi2.bangbang93.com', port=443): Max retries exceeded with url: /assets/d9/d9b0467ea5af4ed27e9824177d0139cc16b838f0 (Caused by SSLError(OSError(24, 'Too many open files')))
2025-09-30 21:19:48,356 [INFO] 尝试使用HTTP协议: http://bmclapi2.bangbang93.com/assets/53/539444ea45e17cf39db2363068952eee74c0623d
2025-09-30 21:20:01,451 [WARNING] 网络连接错误: HTTPSConnectionPool(host='bmclapi2.bangbang93.com', port=443): Max retries exceeded with url: /assets/52/52a753b45e64efb80784e45776403d54f1dc312f (Caused by SSLError(OSError(24, 'Too many open files')))
2025-09-30 21:20:01,451 [INFO] 尝试使用HTTP协议: http://bmclapi2.bangbang93.com/assets/61/610ec4abc16e8cab1b2133bfbb3d9926d3c629e1
2025-09-30 21:19:56,972 [INFO] 尝试使用HTTP协议: http://bmclapi2.bangbang93.com/assets/b0/b06e087e36c5ad1e3e32179d2d712d2bc24425a0
2025-09-30 21:20:01,478 [INFO] 尝试使用HTTP协议: http://bmclapi2.bangbang93.com/assets/5c/5c42d1ae39df50bcdfe714db876148720a069efd
2025-09-30 21:20:01,500 [INFO] 尝试使用HTTP协议: http://bmclapi2.bangbang93.com/assets/75/7540f499c7713711ec0ebb7e3a6240c8b1ed0b8e
2025-09-30 21:20:01,533 [WARNING] HTTP协议也失败: HTTPSConnectionPool(host='bmclapi2.bangbang93.com', port=443): Max retries exceeded with url: /assets/d4/d43c0400858983fd3d6d5cc4243f6a532961ca79 (Caused by SSLError(OSError(24, 'Too many open files')))
2025-09-30 21:20:01,534 [WARNING] 网络连接错误: HTTPSConnectionPool(host='bmclapi2.bangbang93.com', port=443): Max retries exceeded with url: /assets/2f/2f30dcc0a8d06de7737886fdd2ee7012a924eab7 (Caused by SSLError(SSLEOFError(8, '[SSL: UNEXPECTED_EOF_WHILE_READING] EOF occurred in violation of protocol (_ssl.c:1028)')))
2025-09-30 21:20:01,534 [WARNING] HTTP协议也失败: HTTPSConnectionPool(host='bmclapi2.bangbang93.com', port=443): Max retries exceeded with url: /assets/d7/d753c2a6d9690523d51eec325ad97eee58b32706 (Caused by SSLError(OSError(24, 'Too many open files')))
2025-09-30 21:20:01,535 [INFO] 尝试使用HTTP协议: http://bmclapi2.bangbang93.com/assets/15/1511afcb61d33d9b69e1c56da933cfcba53d6231
2025-09-30 21:20:01,536 [WARNING] 网络连接错误: HTTPSConnectionPool(host='bmclapi2.bangbang93.com', port=443): Max retries exceeded with url: /assets/f9/f9ff2b9241e8f39d99852969896358502023b02b (Caused by SSLError(OSError(24, 'Too many open files')))
2025-09-30 21:19:57,018 [WARNING] 网络连接错误: HTTPSConnectionPool(host='bmclapi2.bangbang93.com', port=443): Max retries exceeded with url: /assets/23/23006984a98b3fd36acb05998fb95fde42ee5e93 (Caused by SSLError(OSError(24, 'Too many open files')))
2025-09-30 21:20:01,630 [INFO] 尝试使用HTTP协议: http://bmclapi2.bangbang93.com/assets/cb/cbe13b230d4275f4bfa29b9cd1d4fb359b3f0cdc
2025-09-30 21:20:01,631 [INFO] 尝试使用HTTP协议: http://bmclapi2.bangbang93.com/assets/8d/8d0f5200fb9949cf55e1de57297349c1188a3115
2025-09-30 21:20:01,670 [WARNING] 网络连接错误: HTTPSConnectionPool(host='bmclapi2.bangbang93.com', port=443): Max retries exceeded with url: /assets/ed/ed62d68890b991e04345aaa0a95b56cd506afac8 (Caused by SSLError(OSError(24, 'Too many open files')))
2025-09-30 21:20:01,706 [WARNING] 网络连接错误: HTTPSConnectionPool(host='bmclapi2.bangbang93.com', port=443): Max retries exceeded with url: /assets/9b/9b50889699fbbe7accfeb5e38fd3a16954fe0d66 (Caused by SSLError(OSError(24, 'Too many open files')))
2025-09-30 21:20:01,710 [WARNING] HTTP协议也失败: HTTPSConnectionPool(host='bmclapi2.bangbang93.com', port=443): Max retries exceeded with url: /assets/ac/acaab88f2be1efe9880b5698381432fb57be9c85 (Caused by SSLError(OSError(24, 'Too many open files')))
2025-09-30 21:20:01,717 [WARNING] 网络连接错误: HTTPSConnectionPool(host='bmclapi2.bangbang93.com', port=443): Max retries exceeded with url: /assets/1e/1ea4892f78e9522c99664631d181ddb48da24217 (Caused by SSLError(OSError(24, 'Too many open files')))
2025-09-30 21:20:01,807 [INFO] 尝试使用HTTP协议: http://bmclapi2.bangbang93.com/assets/06/06983b3fc40c6770ccad2d85f0083d955a22f848
2025-09-30 21:19:57,445 [WARNING] 网络连接错误: HTTPSConnectionPool(host='bmclapi2.bangbang93.com', port=443): Max retries exceeded with url: /assets/07/074bf1f2406289d81e600c80862c0267550e4a8e (Caused by SSLError(OSError(24, 'Too many open files')))
2025-09-30 21:20:02,064 [INFO] 尝试使用HTTP协议: http://bmclapi2.bangbang93.com/assets/7c/7cccdfdd8fb3b0655f04f7884c6c0f408a935407
2025-09-30 21:20:02,113 [INFO] 尝试使用HTTP协议: http://bmclapi2.bangbang93.com/assets/24/24f7783a45c3e3306db5ddf41fd1f7f3409cc551
2025-09-30 21:20:02,113 [WARNING] 网络连接错误: HTTPSConnectionPool(host='bmclapi2.bangbang93.com', port=443): Max retries exceeded with url: /assets/71/71de59f2a2e80284b82b321d2ab715bda93ba2ff (Caused by SSLError(OSError(24, 'Too many open files')))
2025-09-30 21:20:02,149 [WARNING] 网络连接错误: HTTPSConnectionPool(host='bmclapi2.bangbang93.com', port=443): Max retries exceeded with url: /assets/68/68e60273efbd711121dd926c5811b4c20da743b3 (Caused by SSLError(OSError(24, 'Too many open files')))
2025-09-30 21:20:02,238 [INFO] 尝试使用HTTP协议: http://bmclapi2.bangbang93.com/assets/f4/f4d76fc18ff37d4caf3ee7d56628d11fbdcfb58b
2025-09-30 21:20:02,287 [WARNING] 网络连接错误: HTTPSConnectionPool(host='bmclapi2.bangbang93.com', port=443): Max retries exceeded with url: /assets/3a/3ae880252601ad23cb57438b04bd6680522be664 (Caused by SSLError(OSError(24, 'Too many open files')))
2025-09-30 21:20:02,532 [WARNING] 网络连接错误: HTTPSConnectionPool(host='bmclapi2.bangbang93.com', port=443): Max retries exceeded with url: /assets/ee/ee3766ad91311671fe51ab5aad1d1752559cc1e2 (Caused by SSLError(SSLEOFError(8, '[SSL: UNEXPECTED_EOF_WHILE_READING] EOF occurred in violation of protocol (_ssl.c:1028)')))
2025-09-30 21:19:57,680 [WARNING] 网络连接错误: HTTPSConnectionPool(host='bmclapi2.bangbang93.com', port=443): Max retries exceeded with url: /assets/80/80192b06c08980d15a933ee0aa1c7eba5bd9c110 (Caused by SSLError(SSLEOFError(8, '[SSL: UNEXPECTED_EOF_WHILE_READING] EOF occurred in violation of protocol (_ssl.c:1028)')))
2025-09-30 21:19:58,043 [WARNING] 网络连接错误: HTTPSConnectionPool(host='bmclapi2.bangbang93.com', port=443): Max retries exceeded with url: /assets/11/11a807d88209d0f4f2e81763c9369c093923fad7 (Caused by SSLError(OSError(24, 'Too many open files')))
2025-09-30 21:20:02,910 [INFO] 尝试使用HTTP协议: http://bmclapi2.bangbang93.com/assets/ba/bafb15c3d188e1425c0b6428551a14d16b320d9c
2025-09-30 21:20:02,913 [WARNING] 网络连接错误: HTTPSConnectionPool(host='bmclapi2.bangbang93.com', port=443): Max retries exceeded with url: /assets/b1/b1d5d976d5dbc91c986e6a70ef1297c3afdc9813 (Caused by SSLError(OSError(24, 'Too many open files')))
2025-09-30 21:20:02,946 [WARNING] HTTP协议也失败: HTTPSConnectionPool(host='bmclapi2.bangbang93.com', port=443): Max retries exceeded with url: /assets/31/3109ae0a1d33b78d564824292222cad6966608a6 (Caused by SSLError(OSError(24, 'Too many open files')))
2025-09-30 21:20:02,947 [WARNING] 网络连接错误: HTTPSConnectionPool(host='bmclapi2.bangbang93.com', port=443): Max retries exceeded with url: /assets/5b/5be2d2af796b7b06a3c19d9e753210a272f6a194 (Caused by SSLError(SSLEOFError(8, '[SSL: UNEXPECTED_EOF_WHILE_READING] EOF occurred in violation of protocol (_ssl.c:1028)')))
2025-09-30 21:20:02,991 [WARNING] 网络连接错误: HTTPSConnectionPool(host='bmclapi2.bangbang93.com', port=443): Max retries exceeded with url: /assets/c7/c740cd0075574d1a6f07835e890fe1b584f6a81b (Caused by SSLError(SSLEOFError(8, '[SSL: UNEXPECTED_EOF_WHILE_READING] EOF occurred in violation of protocol (_ssl.c:1028)')))
2025-09-30 21:20:03,017 [WARNING] HTTP协议也失败: HTTPSConnectionPool(host='bmclapi2.bangbang93.com', port=443): Max retries exceeded with url: /assets/24/2464fb278d1e855e9fa1a60056f24f0776b006bd (Caused by SSLError(OSError(24, 'Too many open files')))
2025-09-30 21:20:03,042 [WARNING] HTTP协议也失败: HTTPSConnectionPool(host='bmclapi2.bangbang93.com', port=443): Max retries exceeded with url: /assets/86/86f495c4d08c6e4441759d58fcea059943fece1c (Caused by SSLError(OSError(24, 'Too many open files')))
2025-09-30 21:20:10,396 [INFO] 尝试使用HTTP协议: http://bmclapi2.bangbang93.com/assets/c7/c740cd0075574d1a6f07835e890fe1b584f6a81b
2025-09-30 21:20:03,046 [WARNING] HTTP协议也失败: HTTPSConnectionPool(host='bmclapi2.bangbang93.com', port=443): Max retries exceeded with url: /assets/7b/7b96a88619a2228cf4c7d3a2b81ecfd1b3b56673 (Caused by SSLError(OSError(24, 'Too many open files')))
2025-09-30 21:20:03,051 [WARNING] 网络连接错误: HTTPSConnectionPool(host='bmclapi2.bangbang93.com', port=443): Max retries exceeded with url: /assets/e3/e32ac8d5f874a5654be012c88148a87975261d1c (Caused by SSLError(OSError(24, 'Too many open files')))
2025-09-30 21:20:03,060 [WARNING] HTTP协议也失败: HTTPSConnectionPool(host='bmclapi2.bangbang93.com', port=443): Max retries exceeded with url: /assets/a0/a09924e4fb66c6c1669d4b8669e55132e38f586b (Caused by SSLError(OSError(24, 'Too many open files')))
2025-09-30 21:20:03,087 [INFO] 尝试使用HTTP协议: http://bmclapi2.bangbang93.com/assets/73/7396c2c7c63bb6b1e46ba4a80c61d98a76d17768
2025-09-30 21:20:03,091 [WARNING] 网络连接错误: HTTPSConnectionPool(host='bmclapi2.bangbang93.com', port=443): Max retries exceeded with url: /assets/89/89508f92c6917da7dd5e1a5945936f12e53529da (Caused by SSLError(OSError(24, 'Too many open files')))
2025-09-30 21:19:54,227 [WARNING] 网络连接错误: HTTPSConnectionPool(host='bmclapi2.bangbang93.com', port=443): Max retries exceeded with url: /assets/d6/d63208c8315112d2edc3a6b40f7878f0e92782e7 (Caused by SSLError(OSError(24, 'Too many open files')))
2025-09-30 21:19:58,427 [WARNING] HTTP协议也失败: HTTPSConnectionPool(host='bmclapi2.bangbang93.com', port=443): Max retries exceeded with url: /assets/2b/2b3d0e7b0b2c47cd500b15697dbb20d6da4c6576 (Caused by SSLError(OSError(24, 'Too many open files')))
2025-09-30 21:20:03,146 [WARNING] 网络连接错误: HTTPSConnectionPool(host='bmclapi2.bangbang93.com', port=443): Max retries exceeded with url: /assets/3e/3e33597db3a9c2d00ea63ef5f06fd8c300117285 (Caused by SSLError(OSError(24, 'Too many open files')))
2025-09-30 21:20:03,148 [WARNING] HTTP协议也失败: HTTPSConnectionPool(host='bmclapi2.bangbang93.com', port=443): Max retries exceeded with url: /assets/5e/5eec2047e7ef4aeda077e448768e9d1cb528050b (Caused by SSLError(OSError(24, 'Too many open files')))
2025-09-30 21:20:03,148 [INFO] 尝试使用HTTP协议: http://bmclapi2.bangbang93.com/assets/61/612a31517eb566ba2e48dd74cbdcd2120620a55c
2025-09-30 21:20:03,148 [INFO] 尝试使用HTTP协议: http://bmclapi2.bangbang93.com/assets/80/80096de42d58bb6ef658182239afa297b1adcb28
2025-09-30 21:20:03,149 [WARNING] 网络连接错误: HTTPSConnectionPool(host='bmclapi2.bangbang93.com', port=443): Max retries exceeded with url: /assets/b3/b365df38c3a3e81078686eb07d581c128615ad51 (Caused by SSLError(SSLEOFError(8, '[SSL: UNEXPECTED_EOF_WHILE_READING] EOF occurred in violation of protocol (_ssl.c:1028)')))
2025-09-30 21:20:03,284 [WARNING] 网络连接错误: HTTPSConnectionPool(host='bmclapi2.bangbang93.com', port=443): Max retries exceeded with url: /assets/ff/ffb94b364eb694fec2cdc9ee412f52f7ada6070c (Caused by SSLError(SSLEOFError(8, '[SSL: UNEXPECTED_EOF_WHILE_READING] EOF occurred in violation of protocol (_ssl.c:1028)')))
2025-09-30 21:20:03,284 [WARNING] 网络连接错误: HTTPSConnectionPool(host='bmclapi2.bangbang93.com', port=443): Max retries exceeded with url: /assets/c3/c31b0dd62eaec2708e791e4e04c48813b1cdd895 (Caused by SSLError(OSError(24, 'Too many open files')))
2025-09-30 21:20:03,319 [INFO] 尝试使用HTTP协议: http://bmclapi2.bangbang93.com/assets/c4/c48966208f3b003318f411638e0319609065760f
2025-09-30 21:20:03,523 [WARNING] 网络连接错误: HTTPSConnectionPool(host='bmclapi2.bangbang93.com', port=443): Max retries exceeded with url: /assets/ed/ed0ea7a1d2549cb25b6cd6c3f2af23b3abc2a2de (Caused by SSLError(OSError(24, 'Too many open files')))
2025-09-30 21:20:03,523 [WARNING] 网络连接错误: HTTPSConnectionPool(host='bmclapi2.bangbang93.com', port=443): Max retries exceeded with url: /assets/b9/b97c3c571328e5b87c0411fd85ca71f887f8b51c (Caused by SSLError(SSLEOFError(8, '[SSL: UNEXPECTED_EOF_WHILE_READING] EOF occurred in violation of protocol (_ssl.c:1028)')))
2025-09-30 21:20:03,541 [WARNING] 网络连接错误: HTTPSConnectionPool(host='bmclapi2.bangbang93.com', port=443): Max retries exceeded with url: /assets/b6/b66a833fb3975e5febfecd09a25400c1d57e1fe3 (Caused by SSLError(OSError(24, 'Too many open files')))
2025-09-30 21:19:58,580 [WARNING] 网络连接错误: HTTPSConnectionPool(host='bmclapi2.bangbang93.com', port=443): Max retries exceeded with url: /assets/c1/c11ea4960af640d6ef06ce9be0afa8f839fc5b9c (Caused by SSLError(OSError(24, 'Too many open files')))
2025-09-30 21:20:03,711 [WARNING] 网络连接错误: HTTPSConnectionPool(host='bmclapi2.bangbang93.com', port=443): Max retries exceeded with url: /assets/6f/6f797144f816541aa43f119b4f9cb130048df70b (Caused by SSLError(SSLEOFError(8, '[SSL: UNEXPECTED_EOF_WHILE_READING] EOF occurred in violation of protocol (_ssl.c:1028)')))
2025-09-30 21:20:03,782 [WARNING] 网络连接错误: HTTPSConnectionPool(host='bmclapi2.bangbang93.com', port=443): Max retries exceeded with url: /assets/1e/1e7d056e556fd40270e92a187164d27f60fc04b3 (Caused by SSLError(OSError(24, 'Too many open files')))
2025-09-30 21:19:58,678 [WARNING] 网络连接错误: HTTPSConnectionPool(host='bmclapi2.bangbang93.com', port=443): Max retries exceeded with url: /assets/84/84100c9516fb3f8181ce3e50e3078aa8d148ba20 (Caused by SSLError(OSError(24, 'Too many open files')))
2025-09-30 21:20:03,951 [INFO] 尝试使用HTTP协议: http://bmclapi2.bangbang93.com/assets/eb/eb8d59a4b30875b7ad7f4fd5e399b841b16267b6
2025-09-30 21:20:04,012 [INFO] 尝试使用HTTP协议: http://bmclapi2.bangbang93.com/assets/58/58200e27c0f44396f38d944186b7ebb9b06165b4
2025-09-30 21:20:04,077 [WARNING] 网络连接错误: HTTPSConnectionPool(host='bmclapi2.bangbang93.com', port=443): Max retries exceeded with url: /assets/28/2843a6f2d76f9dfb362a0938522181e68db83ac9 (Caused by SSLError(SSLEOFError(8, '[SSL: UNEXPECTED_EOF_WHILE_READING] EOF occurred in violation of protocol (_ssl.c:1028)')))
2025-09-30 21:20:04,080 [WARNING] HTTP协议也失败: HTTPSConnectionPool(host='bmclapi2.bangbang93.com', port=443): Max retries exceeded with url: /assets/44/4450225471acf6c3ecbd2ee86f21a8c58bb18a75 (Caused by SSLError(OSError(24, 'Too many open files')))
2025-09-30 21:20:04,112 [INFO] 尝试使用HTTP协议: http://bmclapi2.bangbang93.com/assets/8b/8bd78604d88160f561feb7d05220fa42beff0ca8
2025-09-30 21:20:04,114 [WARNING] 网络连接错误: HTTPSConnectionPool(host='bmclapi2.bangbang93.com', port=443): Max retries exceeded with url: /assets/df/df24463e66a88d2fc9f85922cdc32045ada9d10c (Caused by SSLError(OSError(24, 'Too many open files')))
2025-09-30 21:19:58,745 [INFO] 尝试使用HTTP协议: http://bmclapi2.bangbang93.com/assets/25/2534f9f86a48b18bfbedaba1796221b0fd12779f
2025-09-30 21:20:04,194 [WARNING] 网络连接错误: HTTPSConnectionPool(host='bmclapi2.bangbang93.com', port=443): Max retries exceeded with url: /assets/8a/8ae8cb06b4ddbf9a2c79c44fee5fabf4bb3d0421 (Caused by SSLError(OSError(24, 'Too many open files')))
2025-09-30 21:20:04,256 [WARNING] HTTP协议也失败: HTTPSConnectionPool(host='bmclapi2.bangbang93.com', port=443): Max retries exceeded with url: /assets/33/33a598eac9b8af70ccc8fbc8d7256c3fe08d5966 (Caused by SSLError(OSError(24, 'Too many open files')))
2025-09-30 21:20:04,256 [WARNING] 网络连接错误: HTTPSConnectionPool(host='bmclapi2.bangbang93.com', port=443): Max retries exceeded with url: /assets/2e/2ee826b38dd00813f26692a7de90e352eb4c812e (Caused by SSLError(SSLEOFError(8, '[SSL: UNEXPECTED_EOF_WHILE_READING] EOF occurred in violation of protocol (_ssl.c:1028)')))
2025-09-30 21:19:58,781 [WARNING] 网络连接错误: HTTPSConnectionPool(host='6.rua93.online', port=443): Max retries exceeded with url: /download/f300b4634a026e51a0b3c760fba6662483208d26?name=f300b4634a026e51a0b3c760fba6662483208d26&s=Mq2SYmJIi1PGHVQ-a5xEQq3p8Z4&e=mg6lar1w (Caused by SSLError(OSError(24, 'Too many open files')))
2025-09-30 21:20:04,417 [WARNING] HTTP协议也失败: HTTPSConnectionPool(host='bmclapi2.bangbang93.com', port=443): Max retries exceeded with url: /assets/7d/7dd9b7c4d8ea50a0f1320f316ea69aaa3b4a6ebf (Caused by SSLError(OSError(24, 'Too many open files')))
2025-09-30 21:20:04,425 [INFO] 尝试使用HTTP协议: http://bmclapi2.bangbang93.com/assets/6b/6bd5a6c13f09a9aa03d52649ea139b8996fec1a5
2025-09-30 21:20:04,504 [INFO] 尝试使用HTTP协议: http://bmclapi2.bangbang93.com/assets/bb/bbd633935e9ad4d0dcc2a36c9b3b78cea9afcae9
2025-09-30 21:20:04,505 [WARNING] 网络连接错误: HTTPSConnectionPool(host='bmclapi2.bangbang93.com', port=443): Max retries exceeded with url: /assets/9b/9bb00c0798bc94210b1f23efb0da1c0d8d861365 (Caused by SSLError(SSLEOFError(8, '[SSL: UNEXPECTED_EOF_WHILE_READING] EOF occurred in violation of protocol (_ssl.c:1028)')))
2025-09-30 21:20:04,819 [WARNING] HTTP协议也失败: HTTPSConnectionPool(host='bmclapi2.bangbang93.com', port=443): Max retries exceeded with url: /assets/bf/bf6337ce53c58d489fc2be8bd8681b109338fb7a (Caused by SSLError(OSError(24, 'Too many open files')))
2025-09-30 21:20:04,926 [INFO] 尝试使用HTTP协议: http://bmclapi2.bangbang93.com/assets/d4/d419bf4575a2b611fe0d13e9f1e0e2e5ff007f1f
2025-09-30 21:20:04,928 [WARNING] 网络连接错误: HTTPSConnectionPool(host='bmclapi2.bangbang93.com', port=443): Max retries exceeded with url: /assets/54/54151fe9a4bc01de2a3647d8e8f8babcb2c725d8 (Caused by SSLError(OSError(24, 'Too many open files')))
2025-09-30 21:20:04,929 [WARNING] 网络连接错误: HTTPSConnectionPool(host='bmclapi2.bangbang93.com', port=443): Max retries exceeded with url: /assets/68/68bae150ce7321de9150b6f0b60711e25251e844 (Caused by SSLError(OSError(24, 'Too many open files')))
2025-09-30 21:20:04,933 [WARNING] HTTP协议也失败: HTTPSConnectionPool(host='bmclapi2.bangbang93.com', port=443): Max retries exceeded with url: /assets/54/54ff654f2f156090ebbe0452e2f798c89fb825bb (Caused by SSLError(OSError(24, 'Too many open files')))
2025-09-30 21:20:04,940 [WARNING] 网络连接错误: HTTPSConnectionPool(host='bmclapi2.bangbang93.com', port=443): Max retries exceeded with url: /assets/e6/e6d3911f803110236587e652b5cbc990e4f22ba9 (Caused by SSLError(OSError(24, 'Too many open files')))
2025-09-30 21:20:04,955 [WARNING] 网络连接错误: HTTPSConnectionPool(host='bmclapi2.bangbang93.com', port=443): Max retries exceeded with url: /assets/17/17e416c1edb242639b5582dee23f1e82f024e8f2 (Caused by SSLError(OSError(24, 'Too many open files')))
2025-09-30 21:20:05,148 [WARNING] 网络连接错误: HTTPSConnectionPool(host='bmclapi2.bangbang93.com', port=443): Max retries exceeded with url: /assets/f1/f19e9d11b4703257187fe78150e08d0dbaf7ce13 (Caused by SSLError(SSLEOFError(8, '[SSL: UNEXPECTED_EOF_WHILE_READING] EOF occurred in violation of protocol (_ssl.c:1028)')))
2025-09-30 21:20:05,149 [WARNING] HTTP协议也失败: HTTPSConnectionPool(host='bmclapi2.bangbang93.com', port=443): Max retries exceeded with url: /assets/b3/b3b5e5b2d89265d37de563ac906f951ff98586a6 (Caused by SSLError(OSError(24, 'Too many open files')))
2025-09-30 21:20:05,179 [INFO] 尝试使用HTTP协议: http://bmclapi2.bangbang93.com/assets/f3/f3cfba3cf1e876f7058b7106d54b431f65718bf8
2025-09-30 21:20:05,200 [WARNING] HTTP协议也失败: HTTPSConnectionPool(host='bmclapi2.bangbang93.com', port=443): Max retries exceeded with url: /assets/2a/2af3514e4685782da41c6c1bf003e49f7235aab4 (Caused by SSLError(OSError(24, 'Too many open files')))
2025-09-30 21:20:05,210 [WARNING] 网络连接错误: HTTPSConnectionPool(host='bmclapi2.bangbang93.com', port=443): Max retries exceeded with url: /assets/33/33b5165a6883700a99cf2061a9801f65ce28620c (Caused by SSLError(OSError(24, 'Too many open files')))
2025-09-30 21:20:05,212 [INFO] 尝试使用HTTP协议: http://bmclapi2.bangbang93.com/assets/6b/6b07250ee0f1d24557b0e619b87c5df5748a7b28
2025-09-30 21:20:05,220 [WARNING] 网络连接错误: HTTPSConnectionPool(host='bmclapi2.bangbang93.com', port=443): Max retries exceeded with url: /assets/46/46e0afc72cebc57aafec235d6e2b28d6335662bb (Caused by SSLError(OSError(24, 'Too many open files')))
2025-09-30 21:20:05,363 [WARNING] HTTP协议也失败: HTTPSConnectionPool(host='bmclapi2.bangbang93.com', port=443): Max retries exceeded with url: /assets/c7/c70e4711a8ea34ab1e6f96382974be21fa612fa1 (Caused by SSLError(OSError(24, 'Too many open files')))
2025-09-30 21:20:05,363 [INFO] 尝试使用HTTP协议: http://bmclapi2.bangbang93.com/assets/34/343e433ef9dfa926c4ddf69c09922e3052c69406
2025-09-30 21:20:05,367 [INFO] 尝试使用HTTP协议: http://bmclapi2.bangbang93.com/assets/03/0382a4f5477b0ded79db02534de00b378081eb54
2025-09-30 21:20:05,427 [WARNING] 网络连接错误: HTTPSConnectionPool(host='bmclapi2.bangbang93.com', port=443): Max retries exceeded with url: /assets/1c/1ce1fd11070653071311ed2abd8a50e25c0543ec (Caused by SSLError(OSError(24, 'Too many open files')))
2025-09-30 21:20:05,432 [WARNING] HTTP协议也失败: HTTPSConnectionPool(host='bmclapi2.bangbang93.com', port=443): Max retries exceeded with url: /assets/c0/c08f6bfa8c0008932a3ebbd73f7fa32964802b50 (Caused by SSLError(OSError(24, 'Too many open files')))
2025-09-30 21:19:59,258 [WARNING] HTTP协议也失败: HTTPSConnectionPool(host='bmclapi2.bangbang93.com', port=443): Max retries exceeded with url: /assets/e2/e28ea96f8a617dd17576718af898ba2c2a7d0c69 (Caused by SSLError(OSError(24, 'Too many open files')))
2025-09-30 21:20:05,554 [INFO] 尝试使用HTTP协议: http://bmclapi2.bangbang93.com/assets/e8/e875411d29501160a7321d0b27bc85bd1b86d1c0
2025-09-30 21:20:05,591 [WARNING] HTTP协议也失败: HTTPSConnectionPool(host='bmclapi2.bangbang93.com', port=443): Max retries exceeded with url: /assets/d3/d393e350b4f3aeac47789f5d310811a878da8382 (Caused by SSLError(OSError(24, 'Too many open files')))
2025-09-30 21:20:05,604 [WARNING] 网络连接错误: HTTPSConnectionPool(host='bmclapi2.bangbang93.com', port=443): Max retries exceeded with url: /assets/56/568d1b99a5a8133c6b0686791b4d5fa55d7d64f6 (Caused by SSLError(OSError(24, 'Too many open files')))
2025-09-30 21:19:59,274 [WARNING] HTTP协议也失败: HTTPSConnectionPool(host='bmclapi2.bangbang93.com', port=443): Max retries exceeded with url: /assets/1f/1f5c45e15d90873197142e61cc7bffd2c0be82f7 (Caused by SSLError(OSError(24, 'Too many open files')))
2025-09-30 21:19:59,470 [INFO] 尝试使用HTTP协议: http://bmclapi2.bangbang93.com/assets/68/68e1263235a0f4a7ecd12d5e291ce29b5971b420
2025-09-30 21:20:05,906 [INFO] 尝试使用HTTP协议: http://bmclapi2.bangbang93.com/assets/34/34334146a857e5e09d349322976c9aba204f182d
2025-09-30 21:20:05,906 [WARNING] 网络连接错误: HTTPSConnectionPool(host='bmclapi2.bangbang93.com', port=443): Max retries exceeded with url: /assets/6e/6eece3d1e68f2cc5c44d1dd0271935a032ad18ed (Caused by SSLError(SSLEOFError(8, '[SSL: UNEXPECTED_EOF_WHILE_READING] EOF occurred in violation of protocol (_ssl.c:1028)')))
2025-09-30 21:20:05,961 [INFO] 尝试使用HTTP协议: http://bmclapi2.bangbang93.com/assets/62/621c8e363ed571a9ece044cb05a6970414bc9d7b
2025-09-30 21:20:06,010 [WARNING] 网络连接错误: HTTPSConnectionPool(host='bmclapi2.bangbang93.com', port=443): Max retries exceeded with url: /assets/c2/c22d2c46238f1a9e3da7b311721f815217139bd4 (Caused by SSLError(SSLEOFError(8, '[SSL: UNEXPECTED_EOF_WHILE_READING] EOF occurred in violation of protocol (_ssl.c:1028)')))
2025-09-30 21:20:06,126 [WARNING] HTTP协议也失败: HTTPSConnectionPool(host='bmclapi2.bangbang93.com', port=443): Max retries exceeded with url: /assets/45/456643032f3498bbc0c1d2f8172f64382627821a (Caused by SSLError(OSError(24, 'Too many open files')))
2025-09-30 21:19:59,941 [WARNING] 网络连接错误: HTTPSConnectionPool(host='bmclapi2.bangbang93.com', port=443): Max retries exceeded with url: /assets/d0/d039d4cf128d224a013c958f05c6b113b411f673 (Caused by SSLError(OSError(24, 'Too many open files')))
2025-09-30 21:20:06,186 [WARNING] 网络连接错误: HTTPSConnectionPool(host='bmclapi2.bangbang93.com', port=443): Max retries exceeded with url: /assets/ff/ffc27e79f6d191154702610ec056e106bc051208 (Caused by SSLError(SSLEOFError(8, '[SSL: UNEXPECTED_EOF_WHILE_READING] EOF occurred in violation of protocol (_ssl.c:1028)')))
2025-09-30 21:20:06,187 [INFO] 尝试使用HTTP协议: http://bmclapi2.bangbang93.com/assets/27/27aea996b107206c2e0938f441b722a727248fe4
2025-09-30 21:20:06,187 [WARNING] HTTP协议也失败: HTTPSConnectionPool(host='bmclapi2.bangbang93.com', port=443): Max retries exceeded with url: /assets/22/2252358c51750cfc65ee27f8217384ccbe55171e (Caused by SSLError(OSError(24, 'Too many open files')))
2025-09-30 21:20:06,187 [WARNING] HTTP协议也失败: HTTPSConnectionPool(host='bmclapi2.bangbang93.com', port=443): Max retries exceeded with url: /assets/e6/e6b75086107f28c2648c62cd3a0b52150190d1ed (Caused by SSLError(OSError(24, 'Too many open files')))
2025-09-30 21:20:06,191 [INFO] 尝试使用HTTP协议: http://bmclapi2.bangbang93.com/assets/45/4540ef595654fa7551c2e92504f155ef1cc0177a
2025-09-30 21:20:06,191 [INFO] 尝试使用HTTP协议: http://bmclapi2.bangbang93.com/assets/01/0134b8025c7ec8105cfaf850e0a4040fcfc93cf1
2025-09-30 21:20:06,192 [WARNING] HTTP协议也失败: HTTPSConnectionPool(host='bmclapi2.bangbang93.com', port=443): Max retries exceeded with url: /assets/0c/0cff2cfc2ed0fe8607eabc98ee971c79c1a8c611 (Caused by SSLError(OSError(24, 'Too many open files')))
2025-09-30 21:20:06,193 [INFO] 尝试使用HTTP协议: http://bmclapi2.bangbang93.com/assets/43/43b98ec31e91d01637f00376ba8a747bd0c316d7
2025-09-30 21:20:06,195 [WARNING] 网络连接错误: HTTPSConnectionPool(host='bmclapi2.bangbang93.com', port=443): Max retries exceeded with url: /assets/c0/c0135de2f265a4303a542d8edd21933642077e01 (Caused by SSLError(OSError(24, 'Too many open files')))
2025-09-30 21:20:06,195 [INFO] 尝试使用HTTP协议: http://bmclapi2.bangbang93.com/assets/5b/5bab8236e0fdd4459cc53bf7ab547510b6cddf33
2025-09-30 21:20:06,195 [INFO] 尝试使用HTTP协议: http://bmclapi2.bangbang93.com/assets/7a/7a286cc442a5e57c1affe56d03efca5a28d42d3b
2025-09-30 21:20:06,198 [INFO] 尝试使用HTTP协议: http://bmclapi2.bangbang93.com/assets/09/0976802baf73753eb8feba5beb05f11053c593e2
2025-09-30 21:20:06,198 [WARNING] HTTP协议也失败: HTTPSConnectionPool(host='bmclapi2.bangbang93.com', port=443): Max retries exceeded with url: /assets/be/be1ee4c88215a9d0890ff9d7e1a0474cd0cf334f (Caused by SSLError(OSError(24, 'Too many open files')))
2025-09-30 21:20:06,227 [WARNING] 网络连接错误: HTTPSConnectionPool(host='bmclapi2.bangbang93.com', port=443): Max retries exceeded with url: /assets/17/17555ee1014945e896df557e7d83bc6073cad363 (Caused by SSLError(OSError(24, 'Too many open files')))
2025-09-30 21:20:06,227 [WARNING] 网络连接错误: HTTPSConnectionPool(host='bmclapi2.bangbang93.com', port=443): Max retries exceeded with url: /assets/8e/8e3c151725219a0c9dd16be100b43a9a7faf5a82 (Caused by SSLError(OSError(24, 'Too many open files')))
2025-09-30 21:20:06,229 [WARNING] 网络连接错误: HTTPSConnectionPool(host='bmclapi2.bangbang93.com', port=443): Max retries exceeded with url: /assets/63/63aaab4b1c60dcb6f97c8b78db7791e3ab5353ee (Caused by SSLError(OSError(24, 'Too many open files')))
2025-09-30 21:20:06,291 [INFO] 尝试使用HTTP协议: http://bmclapi2.bangbang93.com/assets/94/943c4b9ecdc317e2b1607ea180dca174dcb2c75d
2025-09-30 21:20:06,330 [WARNING] HTTP协议也失败: HTTPSConnectionPool(host='bmclapi2.bangbang93.com', port=443): Max retries exceeded with url: /assets/72/72280ef8562002f2cbe79cecf91f8391b92d80c3 (Caused by SSLError(OSError(24, 'Too many open files')))
2025-09-30 21:20:06,516 [WARNING] 网络连接错误: HTTPSConnectionPool(host='bmclapi2.bangbang93.com', port=443): Max retries exceeded with url: /assets/b9/b9099a6d04dddc47ca2c01f6bcb751cb86b38d85 (Caused by SSLError(OSError(24, 'Too many open files')))
2025-09-30 21:20:06,522 [WARNING] 网络连接错误: HTTPSConnectionPool(host='bmclapi2.bangbang93.com', port=443): Max retries exceeded with url: /assets/dc/dc0c30a5e32d773644d445f5a13f7c4fa079eb35 (Caused by SSLError(OSError(24, 'Too many open files')))
2025-09-30 21:20:06,522 [WARNING] 网络连接错误: HTTPSConnectionPool(host='bmclapi2.bangbang93.com', port=443): Max retries exceeded with url: /assets/90/90a1ad51df9224dd1c0f9b45797d08c80ef88c9d (Caused by SSLError(OSError(24, 'Too many open files')))
2025-09-30 21:20:06,612 [WARNING] 网络连接错误: HTTPSConnectionPool(host='bmclapi2.bangbang93.com', port=443): Max retries exceeded with url: /assets/a3/a33ec641bf3173dda6d8c48d08516e4df9776a4e (Caused by SSLError(OSError(24, 'Too many open files')))
2025-09-30 21:20:06,663 [WARNING] 网络连接错误: HTTPSConnectionPool(host='bmclapi2.bangbang93.com', port=443): Max retries exceeded with url: /assets/cf/cf9a16acc0ff7e958ca7857a62104cf84b77696a (Caused by SSLError(OSError(24, 'Too many open files')))
2025-09-30 21:20:06,752 [WARNING] 网络连接错误: HTTPSConnectionPool(host='bmclapi2.bangbang93.com', port=443): Max retries exceeded with url: /assets/a9/a923bb37ed00273cb70623f6ebb750d8aa701e52 (Caused by SSLError(OSError(24, 'Too many open files')))
2025-09-30 21:20:06,767 [INFO] 尝试使用HTTP协议: http://bmclapi2.bangbang93.com/assets/1f/1f34b0827dc6de72edac0befa329ca6377961558
2025-09-30 21:20:06,768 [WARNING] 网络连接错误: HTTPSConnectionPool(host='bmclapi2.bangbang93.com', port=443): Max retries exceeded with url: /assets/5c/5ca580ea624bc79ea0d0dbf1befca09d639956f9 (Caused by SSLError(OSError(24, 'Too many open files')))
2025-09-30 21:20:06,769 [WARNING] HTTP协议也失败: HTTPSConnectionPool(host='bmclapi2.bangbang93.com', port=443): Max retries exceeded with url: /assets/25/2531bbaea203726d65d8aed31da576e2cec4fc74 (Caused by SSLError(OSError(24, 'Too many open files')))
2025-09-30 21:20:06,802 [WARNING] HTTP协议也失败: HTTPSConnectionPool(host='bmclapi2.bangbang93.com', port=443): Max retries exceeded with url: /assets/75/7544da0466b7551f25d70cda5ca4dbf7ff14ff4b (Caused by SSLError(OSError(24, 'Too many open files')))
2025-09-30 21:20:00,509 [WARNING] 网络连接错误: HTTPSConnectionPool(host='bmclapi2.bangbang93.com', port=443): Max retries exceeded with url: /assets/93/935038c6a2ce4547ea8e8deea051e57b9975024b (Caused by SSLError(OSError(24, 'Too many open files')))
2025-09-30 21:20:06,891 [INFO] 尝试使用HTTP协议: http://bmclapi2.bangbang93.com/assets/72/7206e030a8bb50f75a88306a361e829cf8e065d0
2025-09-30 21:20:06,939 [WARNING] 网络连接错误: HTTPSConnectionPool(host='bmclapi2.bangbang93.com', port=443): Max retries exceeded with url: /assets/6e/6ea96110357f29e6e77b3df20b938483cce28cc4 (Caused by SSLError(OSError(24, 'Too many open files')))
2025-09-30 21:20:06,941 [INFO] 尝试使用HTTP协议: http://bmclapi2.bangbang93.com/assets/34/341c5c89f16883188250f5f62e809eae68206234
2025-09-30 21:20:06,998 [WARNING] 网络连接错误: HTTPSConnectionPool(host='bmclapi2.bangbang93.com', port=443): Max retries exceeded with url: /assets/ee/ee4cb58c10d927cd71fb93a91bc26f7e82c4f6b9 (Caused by SSLError(SSLEOFError(8, '[SSL: UNEXPECTED_EOF_WHILE_READING] EOF occurred in violation of protocol (_ssl.c:1028)')))
2025-09-30 21:20:07,011 [INFO] 尝试使用HTTP协议: http://bmclapi2.bangbang93.com/assets/1f/1f6a703221da3f3a2b2a45c0ee6636e3109ba6ff
2025-09-30 21:20:07,067 [WARNING] 网络连接错误: HTTPSConnectionPool(host='bmclapi2.bangbang93.com', port=443): Max retries exceeded with url: /assets/63/639814aadec7da5d05e0af3a9dfb3e56a2751eeb (Caused by SSLError(OSError(24, 'Too many open files')))
2025-09-30 21:20:07,070 [WARNING] HTTP协议也失败: HTTPSConnectionPool(host='bmclapi2.bangbang93.com', port=443): Max retries exceeded with url: /assets/05/050b58b93370995f984309c705e11b890e11a2d0 (Caused by SSLError(OSError(24, 'Too many open files')))
2025-09-30 21:20:00,743 [WARNING] HTTP协议也失败: HTTPSConnectionPool(host='bmclapi2.bangbang93.com', port=443): Max retries exceeded with url: /assets/06/06491fc8f45f858876f05cd1ac71742f3a86f1e4 (Caused by SSLError(OSError(24, 'Too many open files')))
2025-09-30 21:20:07,083 [INFO] 尝试使用HTTP协议: http://bmclapi2.bangbang93.com/assets/5d/5de7eb14bb1a4da831cc46c743471dcf56f477f9
2025-09-30 21:20:07,115 [WARNING] 网络连接错误: HTTPSConnectionPool(host='bmclapi2.bangbang93.com', port=443): Max retries exceeded with url: /assets/1c/1c8c17a8e9f1cc1496a25bfd2fd2711e67ad6b20 (Caused by SSLError(OSError(24, 'Too many open files')))
2025-09-30 21:20:00,774 [WARNING] HTTP协议也失败: HTTPSConnectionPool(host='bmclapi2.bangbang93.com', port=443): Max retries exceeded with url: /assets/ed/edaa44ef0bc25bcf62d529329fc8feac4c27e52d (Caused by SSLError(OSError(24, 'Too many open files')))
2025-09-30 21:20:07,347 [WARNING] HTTP协议也失败: HTTPSConnectionPool(host='bmclapi2.bangbang93.com', port=443): Max retries exceeded with url: /assets/52/5244bc92929a6e50c79e1dbe1b51a602c3454d07 (Caused by SSLError(OSError(24, 'Too many open files')))
2025-09-30 21:20:07,400 [WARNING] 网络连接错误: HTTPSConnectionPool(host='bmclapi2.bangbang93.com', port=443): Max retries exceeded with url: /assets/25/251c56cebe93887713e0a297b48bd0b154932a2d (Caused by SSLError(OSError(24, 'Too many open files')))
2025-09-30 21:20:07,478 [INFO] 尝试使用HTTP协议: http://bmclapi2.bangbang93.com/assets/66/666c560b860bfac36cbac7b015a24ccad0500db6
2025-09-30 21:20:00,934 [WARNING] 网络连接错误: HTTPSConnectionPool(host='bmclapi2.bangbang93.com', port=443): Max retries exceeded with url: /assets/aa/aa8f9b3b48a5e5698e351603e88195a4bbf4e038 (Caused by SSLError(OSError(24, 'Too many open files')))
2025-09-30 21:20:00,934 [INFO] 尝试使用HTTP协议: http://bmclapi2.bangbang93.com/assets/77/779d1efdad643440d0699f6e39bebccd907f2a64
2025-09-30 21:20:07,582 [INFO] 尝试使用HTTP协议: http://bmclapi2.bangbang93.com/assets/5f/5f66affa1bb143794e97aba6b2e7e600e61d0b4c
2025-09-30 21:20:00,997 [WARNING] 网络连接错误: HTTPSConnectionPool(host='bmclapi2.bangbang93.com', port=443): Max retries exceeded with url: /assets/58/58a7fc3f3c3396357f3a1386b8f25c428d6e7655 (Caused by SSLError(OSError(24, 'Too many open files')))
2025-09-30 21:20:01,004 [WARNING] 网络连接错误: HTTPSConnectionPool(host='bmclapi2.bangbang93.com', port=443): Max retries exceeded with url: /assets/23/23cf697afb231117c4a2d6e01e40b6e9a0d497f7 (Caused by SSLError(OSError(24, 'Too many open files')))
2025-09-30 21:20:07,701 [INFO] 尝试使用HTTP协议: http://bmclapi2.bangbang93.com/assets/67/676381e79bb6c4dbea4c4d9d1f8b20edc85e08c5
2025-09-30 21:20:07,738 [INFO] 尝试使用HTTP协议: http://bmclapi2.bangbang93.com/assets/bc/bc3a4e3c4151d4719f5e8de7e2d58a523b70afa7
2025-09-30 21:20:07,738 [INFO] 尝试使用HTTP协议: http://bmclapi2.bangbang93.com/assets/4f/4f841896c898aa4a20db902ed5683be431727d09
2025-09-30 21:20:07,756 [WARNING] 网络连接错误: HTTPSConnectionPool(host='bmclapi2.bangbang93.com', port=443): Max retries exceeded with url: /assets/15/151df7faa5ba5614f7f86416d8ec683c7d9c0809 (Caused by SSLError(SSLEOFError(8, '[SSL: UNEXPECTED_EOF_WHILE_READING] EOF occurred in violation of protocol (_ssl.c:1028)')))
2025-09-30 21:20:07,757 [WARNING] 网络连接错误: HTTPSConnectionPool(host='bmclapi2.bangbang93.com', port=443): Max retries exceeded with url: /assets/25/25349bf71bc382c8168b7a6ec110cc982e1b0e70 (Caused by SSLError(OSError(24, 'Too many open files')))
2025-09-30 21:20:07,826 [WARNING] HTTP协议也失败: HTTPSConnectionPool(host='bmclapi2.bangbang93.com', port=443): Max retries exceeded with url: /assets/87/87325e36738d7e7dadbddf82c06ec307ec4c1f10 (Caused by SSLError(OSError(24, 'Too many open files')))
2025-09-30 21:20:07,827 [WARNING] 网络连接错误: HTTPSConnectionPool(host='bmclapi2.bangbang93.com', port=443): Max retries exceeded with url: /assets/5b/5bbea888cd1f9266630d8668a5e0eac0d3e534d8 (Caused by SSLError(OSError(24, 'Too many open files')))
2025-09-30 21:20:07,831 [WARNING] 网络连接错误: HTTPSConnectionPool(host='bmclapi2.bangbang93.com', port=443): Max retries exceeded with url: /assets/21/213cea011c25db98a5f98978ce93ed4d690d4122 (Caused by SSLError(OSError(24, 'Too many open files')))
2025-09-30 21:20:07,904 [INFO] 尝试使用HTTP协议: http://bmclapi2.bangbang93.com/assets/0e/0e0d263eeae9e4289916c92f830e282a5d45f720
2025-09-30 21:20:07,904 [INFO] 尝试使用HTTP协议: http://bmclapi2.bangbang93.com/assets/1a/1a7631a3590477fcb454846191891a0edddfe563
2025-09-30 21:20:08,045 [WARNING] HTTP协议也失败: HTTPSConnectionPool(host='bmclapi2.bangbang93.com', port=443): Max retries exceeded with url: /assets/79/79565814c833a9a3161ddbda0ded8a9e015a67b6 (Caused by SSLError(OSError(24, 'Too many open files')))
2025-09-30 21:20:08,276 [WARNING] 网络连接错误: HTTPSConnectionPool(host='bmclapi2.bangbang93.com', port=443): Max retries exceeded with url: /assets/ca/ca1eb376b8921d99953a48c1c5aee03e986d9996 (Caused by SSLError(OSError(24, 'Too many open files')))
2025-09-30 21:20:08,278 [WARNING] HTTP协议也失败: HTTPSConnectionPool(host='bmclapi2.bangbang93.com', port=443): Max retries exceeded with url: /assets/2e/2e82bfffe303f65ee7c2c23b4b0b637b79ae0360 (Caused by SSLError(OSError(24, 'Too many open files')))
2025-09-30 21:20:08,279 [INFO] 尝试使用HTTP协议: http://bmclapi2.bangbang93.com/assets/76/76ba0d2dec5567374c31d2d788183c440efebe9a
2025-09-30 21:20:08,279 [INFO] 尝试使用HTTP协议: http://bmclapi2.bangbang93.com/assets/a0/a084cc73ae04f6d4aaec3b33865dc05709c17603
2025-09-30 21:20:08,304 [WARNING] 网络连接错误: HTTPSConnectionPool(host='bmclapi2.bangbang93.com', port=443): Max retries exceeded with url: /assets/c1/c1d4af3dcc869abd8ed39ac1d5eb59e3678971d6 (Caused by SSLError(OSError(24, 'Too many open files')))
2025-09-30 21:20:08,371 [WARNING] HTTP协议也失败: HTTPSConnectionPool(host='bmclapi2.bangbang93.com', port=443): Max retries exceeded with url: /assets/5f/5f4becb2557c3da9947587eae18e0ef899769eeb (Caused by SSLError(OSError(24, 'Too many open files')))
2025-09-30 21:20:08,470 [WARNING] HTTP协议也失败: HTTPSConnectionPool(host='bmclapi2.bangbang93.com', port=443): Max retries exceeded with url: /assets/32/3206b61dfb32c47f6e1614de20538bd28ac60c10 (Caused by SSLError(OSError(24, 'Too many open files')))
2025-09-30 21:20:08,472 [WARNING] 网络连接错误: HTTPSConnectionPool(host='bmclapi2.bangbang93.com', port=443): Max retries exceeded with url: /assets/62/62ce4ae83e9872a3c3febff4a98fc226282fb112 (Caused by SSLError(OSError(24, 'Too many open files')))
2025-09-30 21:20:08,493 [WARNING] 网络连接错误: HTTPSConnectionPool(host='bmclapi2.bangbang93.com', port=443): Max retries exceeded with url: /assets/f8/f88c75c9c2d8cee9a9678e6e92f02371ea3d754b (Caused by SSLError(SSLEOFError(8, '[SSL: UNEXPECTED_EOF_WHILE_READING] EOF occurred in violation of protocol (_ssl.c:1028)')))
2025-09-30 21:20:08,494 [INFO] 尝试使用HTTP协议: http://bmclapi2.bangbang93.com/assets/8a/8a456c979ae648793e0bc67ff93df0a9a6834131
2025-09-30 21:20:08,563 [WARNING] 网络连接错误: HTTPSConnectionPool(host='bmclapi2.bangbang93.com', port=443): Max retries exceeded with url: /assets/66/66bb8badf84d28a31f4d7584bd1cde71addb20b2 (Caused by SSLError(SSLEOFError(8, '[SSL: UNEXPECTED_EOF_WHILE_READING] EOF occurred in violation of protocol (_ssl.c:1028)')))
2025-09-30 21:20:08,584 [WARNING] 网络连接错误: HTTPSConnectionPool(host='bmclapi2.bangbang93.com', port=443): Max retries exceeded with url: /assets/1c/1cfbc7d97388508caa9df121fb41d7c2ff1897ff (Caused by SSLError(SSLEOFError(8, '[SSL: UNEXPECTED_EOF_WHILE_READING] EOF occurred in violation of protocol (_ssl.c:1028)')))
2025-09-30 21:20:08,614 [INFO] 尝试使用HTTP协议: http://bmclapi2.bangbang93.com/assets/25/254411a1cba6d0855f397299e0d423ee3f14961c
2025-09-30 21:20:08,615 [WARNING] 网络连接错误: HTTPSConnectionPool(host='bmclapi2.bangbang93.com', port=443): Max retries exceeded with url: /assets/ee/ee368242f57f021781e63d1f474720ac54257ac3 (Caused by SSLError(SSLEOFError(8, '[SSL: UNEXPECTED_EOF_WHILE_READING] EOF occurred in violation of protocol (_ssl.c:1028)')))
2025-09-30 21:20:08,643 [WARNING] 网络连接错误: HTTPSConnectionPool(host='bmclapi2.bangbang93.com', port=443): Max retries exceeded with url: /assets/e7/e7818b52cd006008a7ee98f512067fde32fff0c6 (Caused by SSLError(SSLEOFError(8, '[SSL: UNEXPECTED_EOF_WHILE_READING] EOF occurred in violation of protocol (_ssl.c:1028)')))
2025-09-30 21:20:08,667 [WARNING] 网络连接错误: HTTPSConnectionPool(host='bmclapi2.bangbang93.com', port=443): Max retries exceeded with url: /assets/74/74a120f19cc005c528a5561801369d528c26c13d (Caused by SSLError(OSError(24, 'Too many open files')))
2025-09-30 21:20:08,671 [INFO] 尝试使用HTTP协议: http://bmclapi2.bangbang93.com/assets/18/1811fdab411fd2501e8aa5a325de18db0282b693
2025-09-30 21:20:08,761 [WARNING] 网络连接错误: HTTPSConnectionPool(host='bmclapi2.bangbang93.com', port=443): Max retries exceeded with url: /assets/96/962f5a528dd2a5beaf80233b88fc412acc517aeb (Caused by SSLError(OSError(24, 'Too many open files')))
2025-09-30 21:20:08,923 [WARNING] 网络连接错误: HTTPSConnectionPool(host='bmclapi2.bangbang93.com', port=443): Max retries exceeded with url: /assets/0b/0bd2d425ba3d8254999c9b9cb162b05427752447 (Caused by SSLError(OSError(24, 'Too many open files')))
2025-09-30 21:20:09,021 [WARNING] 网络连接错误: HTTPSConnectionPool(host='bmclapi2.bangbang93.com', port=443): Max retries exceeded with url: /assets/e2/e2e099dbd66f0fe576cfb2e45f1999152847d511 (Caused by SSLError(SSLEOFError(8, '[SSL: UNEXPECTED_EOF_WHILE_READING] EOF occurred in violation of protocol (_ssl.c:1028)')))
2025-09-30 21:20:09,026 [WARNING] 网络连接错误: HTTPSConnectionPool(host='bmclapi2.bangbang93.com', port=443): Max retries exceeded with url: /assets/15/1591058de3128b8a44b8beab1a17ad63ba17301a (Caused by SSLError(OSError(24, 'Too many open files')))
2025-09-30 21:20:09,064 [INFO] 尝试使用HTTP协议: http://bmclapi2.bangbang93.com/assets/67/678a8fc38db841b7c5c66cd8486f30031e3a7c8b
2025-09-30 21:20:09,094 [INFO] 尝试使用HTTP协议: http://bmclapi2.bangbang93.com/assets/7a/7ac608958fbdffa90dd9cd4d9e518ef30260b6ea
2025-09-30 21:20:09,096 [WARNING] HTTP协议也失败: HTTPSConnectionPool(host='bmclapi2.bangbang93.com', port=443): Max retries exceeded with url: /assets/f5/f5e067ba8cd334ca3db7bc4f06d4b924d2f6412e (Caused by SSLError(OSError(24, 'Too many open files')))
2025-09-30 21:20:09,096 [WARNING] 网络连接错误: HTTPSConnectionPool(host='bmclapi2.bangbang93.com', port=443): Max retries exceeded with url: /assets/f1/f1ccbee7c2633399fce0b0b447de975938b76119 (Caused by SSLError(SSLEOFError(8, '[SSL: UNEXPECTED_EOF_WHILE_READING] EOF occurred in violation of protocol (_ssl.c:1028)')))
2025-09-30 21:19:57,348 [WARNING] 网络连接错误: HTTPSConnectionPool(host='bmclapi2.bangbang93.com', port=443): Max retries exceeded with url: /assets/3c/3c636ebfa3a1540c450e3b16bd8ddd25cc086723 (Caused by SSLError(OSError(24, 'Too many open files')))
2025-09-30 21:19:57,351 [WARNING] 网络连接错误: HTTPSConnectionPool(host='bmclapi2.bangbang93.com', port=443): Max retries exceeded with url: /assets/1d/1d38d387f662e11899756c5c41db05edf2eb241d (Caused by SSLError(OSError(24, 'Too many open files')))
2025-09-30 21:20:09,224 [INFO] 尝试使用HTTP协议: http://bmclapi2.bangbang93.com/assets/8d/8defa6e305571b092e691a90712c9cc8001fb661
2025-09-30 21:20:09,265 [INFO] 尝试使用HTTP协议: http://bmclapi2.bangbang93.com/assets/9b/9b50889699fbbe7accfeb5e38fd3a16954fe0d66
2025-09-30 21:20:09,295 [WARNING] HTTP协议也失败: HTTPSConnectionPool(host='bmclapi2.bangbang93.com', port=443): Max retries exceeded with url: /assets/49/49d29b0b9c9b39c7c99998f528e7e13923e11260 (Caused by SSLError(OSError(24, 'Too many open files')))
2025-09-30 21:20:01,902 [WARNING] 网络连接错误: HTTPSConnectionPool(host='bmclapi2.bangbang93.com', port=443): Max retries exceeded with url: /assets/06/061daab0fb148906aaa50e9c7c8e81da06fe427f (Caused by SSLError(OSError(24, 'Too many open files')))
2025-09-30 21:20:09,371 [WARNING] 网络连接错误: HTTPSConnectionPool(host='bmclapi2.bangbang93.com', port=443): Max retries exceeded with url: /assets/99/9926aa4b33e65b99f24f0f6248c6756e24aab6c3 (Caused by SSLError(SSLEOFError(8, '[SSL: UNEXPECTED_EOF_WHILE_READING] EOF occurred in violation of protocol (_ssl.c:1028)')))
2025-09-30 21:20:09,454 [WARNING] 网络连接错误: HTTPSConnectionPool(host='bmclapi2.bangbang93.com', port=443): Max retries exceeded with url: /assets/44/4430e15a4d60083b9a1479beafd80ef132a651e3 (Caused by SSLError(SSLEOFError(8, '[SSL: UNEXPECTED_EOF_WHILE_READING] EOF occurred in violation of protocol (_ssl.c:1028)')))
2025-09-30 21:20:09,468 [WARNING] 网络连接错误: HTTPSConnectionPool(host='bmclapi2.bangbang93.com', port=443): Max retries exceeded with url: /assets/55/550e94017979ac5c20c587edab0024192acbc278 (Caused by SSLError(SSLEOFError(8, '[SSL: UNEXPECTED_EOF_WHILE_READING] EOF occurred in violation of protocol (_ssl.c:1028)')))
2025-09-30 21:20:09,489 [WARNING] HTTP协议也失败: HTTPSConnectionPool(host='bmclapi2.bangbang93.com', port=443): Max retries exceeded with url: /assets/de/dea7b51e9a3c6f6caa547622cbd7c4c62e1540ca (Caused by SSLError(OSError(24, 'Too many open files')))
2025-09-30 21:20:09,494 [INFO] 尝试使用HTTP协议: http://bmclapi2.bangbang93.com/assets/2c/2ccfb856440fe00f1862e1292ca87a2168f924a0
2025-09-30 21:20:09,546 [INFO] 尝试使用HTTP协议: http://bmclapi2.bangbang93.com/assets/36/368bcd157f8768ccd56e479e44e3a6ea91e75d8b
2025-09-30 21:20:09,546 [WARNING] 网络连接错误: HTTPSConnectionPool(host='bmclapi2.bangbang93.com', port=443): Max retries exceeded with url: /assets/bd/bd3df414a62eeb543b2e6ff2ee3ecad44412875a (Caused by SSLError(SSLEOFError(8, '[SSL: UNEXPECTED_EOF_WHILE_READING] EOF occurred in violation of protocol (_ssl.c:1028)')))
2025-09-30 21:20:09,584 [INFO] 尝试使用HTTP协议: http://bmclapi2.bangbang93.com/assets/80/8038df5285a51003d716016a725bfdd9b6643d42
2025-09-30 21:20:09,636 [WARNING] 网络连接错误: HTTPSConnectionPool(host='bmclapi2.bangbang93.com', port=443): Max retries exceeded with url: /assets/62/6201e940fa4ab042208122df1747a1d56a66a193 (Caused by SSLError(SSLEOFError(8, '[SSL: UNEXPECTED_EOF_WHILE_READING] EOF occurred in violation of protocol (_ssl.c:1028)')))
2025-09-30 21:20:09,636 [WARNING] HTTP协议也失败: HTTPSConnectionPool(host='bmclapi2.bangbang93.com', port=443): Max retries exceeded with url: /assets/0b/0bb8f8a6d39ce1a811517c973eba3108629172a8 (Caused by SSLError(OSError(24, 'Too many open files')))
2025-09-30 21:20:09,693 [WARNING] 网络连接错误: HTTPSConnectionPool(host='bmclapi2.bangbang93.com', port=443): Max retries exceeded with url: /assets/b7/b7c85be9fd490e33bdad516b08d9b13bc2021e5b (Caused by SSLError(OSError(24, 'Too many open files')))
2025-09-30 21:20:02,260 [WARNING] HTTP协议也失败: HTTPSConnectionPool(host='bmclapi2.bangbang93.com', port=443): Max retries exceeded with url: /assets/af/af770815209de8c8e5843d266c1610c04d5d58db (Caused by SSLError(OSError(24, 'Too many open files')))
2025-09-30 21:20:09,698 [WARNING] 网络连接错误: HTTPSConnectionPool(host='bmclapi2.bangbang93.com', port=443): Max retries exceeded with url: /assets/5c/5c2c1396d025b31899e64170c0d68b5aaa5bcf95 (Caused by SSLError(SSLEOFError(8, '[SSL: UNEXPECTED_EOF_WHILE_READING] EOF occurred in violation of protocol (_ssl.c:1028)')))
2025-09-30 21:20:09,706 [WARNING] 网络连接错误: HTTPSConnectionPool(host='bmclapi2.bangbang93.com', port=443): Max retries exceeded with url: /assets/a0/a02ee345cc7a7cc2afb6ea0a368b097e3e477608 (Caused by SSLError(OSError(24, 'Too many open files')))
2025-09-30 21:20:09,707 [WARNING] 网络连接错误: HTTPSConnectionPool(host='bmclapi2.bangbang93.com', port=443): Max retries exceeded with url: /assets/d6/d6dcb6cd453a54decac9df9b6bad6e58e7b2e929 (Caused by SSLError(OSError(24, 'Too many open files')))
2025-09-30 21:20:09,707 [INFO] 尝试使用HTTP协议: http://bmclapi2.bangbang93.com/assets/68/68e60273efbd711121dd926c5811b4c20da743b3
2025-09-30 21:20:09,707 [WARNING] 网络连接错误: HTTPSConnectionPool(host='bmclapi2.bangbang93.com', port=443): Max retries exceeded with url: /assets/fe/febd527db3b25563c613c8c86bcfca56a51881d9 (Caused by SSLError(OSError(24, 'Too many open files')))
2025-09-30 21:20:09,708 [WARNING] HTTP协议也失败: HTTPSConnectionPool(host='bmclapi2.bangbang93.com', port=443): Max retries exceeded with url: /assets/01/011aa5653f55c61f33db064b0e356e7d9e498cda (Caused by SSLError(OSError(24, 'Too many open files')))
2025-09-30 21:20:09,709 [INFO] 尝试使用HTTP协议: http://bmclapi2.bangbang93.com/assets/9b/9bc2d810f802f87c64287edb6f3257c78e10ecae
2025-09-30 21:20:09,751 [INFO] 尝试使用HTTP协议: http://bmclapi2.bangbang93.com/assets/0c/0c1bb4bac0a42c0c444238a0a89da29dc459aa27
2025-09-30 21:20:09,769 [INFO] 尝试使用HTTP协议: http://bmclapi2.bangbang93.com/assets/0a/0a11f0f24ea5c41821023ec829100194cc6c8ae0
2025-09-30 21:20:09,799 [WARNING] 网络连接错误: HTTPSConnectionPool(host='bmclapi2.bangbang93.com', port=443): Max retries exceeded with url: /assets/6e/6e3522c6dfd94911fab8b194f2ac3250c7465cae (Caused by SSLError(OSError(24, 'Too many open files')))
2025-09-30 21:20:02,923 [WARNING] 网络连接错误: HTTPSConnectionPool(host='bmclapi2.bangbang93.com', port=443): Max retries exceeded with url: /assets/67/677f59ed8b7946e34cd99ce7192bd11c1afdc27a (Caused by SSLError(OSError(24, 'Too many open files')))
2025-09-30 21:20:10,141 [WARNING] 网络连接错误: HTTPSConnectionPool(host='bmclapi2.bangbang93.com', port=443): Max retries exceeded with url: /assets/47/47255d133c0535c1be709132c54fa21b807a77f2 (Caused by SSLError(SSLEOFError(8, '[SSL: UNEXPECTED_EOF_WHILE_READING] EOF occurred in violation of protocol (_ssl.c:1028)')))
2025-09-30 21:20:10,141 [WARNING] 网络连接错误: HTTPSConnectionPool(host='bmclapi2.bangbang93.com', port=443): Max retries exceeded with url: /assets/f9/f9758cb569fb20fe29e437112458f445d8ed5080 (Caused by SSLError(SSLEOFError(8, '[SSL: UNEXPECTED_EOF_WHILE_READING] EOF occurred in violation of protocol (_ssl.c:1028)')))
2025-09-30 21:20:10,142 [WARNING] 网络连接错误: HTTPSConnectionPool(host='bmclapi2.bangbang93.com', port=443): Max retries exceeded with url: /assets/59/59d9086078d62a1c254f376efdc9563e99f6f9ec (Caused by SSLError(SSLEOFError(8, '[SSL: UNEXPECTED_EOF_WHILE_READING] EOF occurred in violation of protocol (_ssl.c:1028)')))
2025-09-30 21:20:10,146 [INFO] 尝试使用HTTP协议: http://bmclapi2.bangbang93.com/assets/71/71a03ccde88a5c440ce60afef906f19c4dfbc2ee
2025-09-30 21:20:02,991 [INFO] 尝试使用HTTP协议: http://bmclapi2.bangbang93.com/assets/52/5237fcc3ff0a03c7ae59f1d55cf926e501d0d59b
2025-09-30 21:20:10,300 [WARNING] 网络连接错误: HTTPSConnectionPool(host='bmclapi2.bangbang93.com', port=443): Max retries exceeded with url: /assets/f4/f418af29b5bcd1cfcb7351db09d8b419be68d628 (Caused by SSLError(OSError(24, 'Too many open files')))
2025-09-30 21:20:10,303 [WARNING] 网络连接错误: HTTPSConnectionPool(host='bmclapi2.bangbang93.com', port=443): Max retries exceeded with url: /assets/e7/e7a858535966f99659d374f47c291ace24376c21 (Caused by SSLError(SSLEOFError(8, '[SSL: UNEXPECTED_EOF_WHILE_READING] EOF occurred in violation of protocol (_ssl.c:1028)')))
2025-09-30 21:19:58,268 [WARNING] HTTP协议也失败: HTTPSConnectionPool(host='bmclapi2.bangbang93.com', port=443): Max retries exceeded with url: /assets/83/83cf0ff6d3ff09f0c4209a91325c5525e10848e8 (Caused by SSLError(OSError(24, 'Too many open files')))
2025-09-30 21:20:10,304 [INFO] 尝试使用HTTP协议: http://bmclapi2.bangbang93.com/assets/7b/7ba5854050897c8ef2efd8b1e4f878807154808a
2025-09-30 21:20:03,023 [WARNING] HTTP协议也失败: HTTPSConnectionPool(host='bmclapi2.bangbang93.com', port=443): Max retries exceeded with url: /assets/ce/ceb0c6b2dbb81643b41ade0a3fcb20e95f661b35 (Caused by SSLError(OSError(24, 'Too many open files')))
2025-09-30 21:20:10,385 [WARNING] 网络连接错误: HTTPSConnectionPool(host='bmclapi2.bangbang93.com', port=443): Max retries exceeded with url: /assets/64/64b957ed6cb8e25f645cf3edd16df2dd83c04cb6 (Caused by SSLError(SSLEOFError(8, '[SSL: UNEXPECTED_EOF_WHILE_READING] EOF occurred in violation of protocol (_ssl.c:1028)')))
2025-09-30 21:20:03,050 [WARNING] 网络连接错误: HTTPSConnectionPool(host='bmclapi2.bangbang93.com', port=443): Max retries exceeded with url: /assets/7c/7ccc3bd2ba2f89aaaa903f10e8174f12dd50c727 (Caused by SSLError(OSError(24, 'Too many open files')))
2025-09-30 21:20:03,056 [WARNING] HTTP协议也失败: HTTPSConnectionPool(host='bmclapi2.bangbang93.com', port=443): Max retries exceeded with url: /assets/02/02ddd8dece2f0e0ebbcccd0b8c1530ac48716494 (Caused by SSLError(OSError(24, 'Too many open files')))
2025-09-30 21:20:03,092 [WARNING] 网络连接错误: HTTPSConnectionPool(host='bmclapi2.bangbang93.com', port=443): Max retries exceeded with url: /assets/94/94d61b2f28dcbb8e635657b831545d4cc241fb52 (Caused by SSLError(OSError(24, 'Too many open files')))
2025-09-30 21:20:10,557 [WARNING] 网络连接错误: HTTPSConnectionPool(host='bmclapi2.bangbang93.com', port=443): Max retries exceeded with url: /assets/16/16d4ffc146ea150158b410b094c676a2b2a1b33a (Caused by SSLError(SSLEOFError(8, '[SSL: UNEXPECTED_EOF_WHILE_READING] EOF occurred in violation of protocol (_ssl.c:1028)')))
2025-09-30 21:20:03,105 [WARNING] HTTP协议也失败: HTTPSConnectionPool(host='bmclapi2.bangbang93.com', port=443): Max retries exceeded with url: /assets/85/85fd72d44ccbf8fc1e0b8aa714c37e0b5835cdc8 (Caused by SSLError(OSError(24, 'Too many open files')))
2025-09-30 21:20:10,622 [WARNING] 网络连接错误: HTTPSConnectionPool(host='bmclapi2.bangbang93.com', port=443): Max retries exceeded with url: /assets/2a/2aa5a5c53aa0e5722d1804a085cbcb5a705c524c (Caused by SSLError(SSLEOFError(8, '[SSL: UNEXPECTED_EOF_WHILE_READING] EOF occurred in violation of protocol (_ssl.c:1028)')))
2025-09-30 21:20:10,625 [WARNING] 网络连接错误: HTTPSConnectionPool(host='bmclapi2.bangbang93.com', port=443): Max retries exceeded with url: /assets/df/df66fe44f72c6d59fa9eaa61535755272007b094 (Caused by SSLError(SSLEOFError(8, '[SSL: UNEXPECTED_EOF_WHILE_READING] EOF occurred in violation of protocol (_ssl.c:1028)')))
2025-09-30 21:20:10,712 [INFO] 尝试使用HTTP协议: http://bmclapi2.bangbang93.com/assets/d6/d63208c8315112d2edc3a6b40f7878f0e92782e7
2025-09-30 21:20:03,175 [WARNING] HTTP协议也失败: HTTPSConnectionPool(host='bmclapi2.bangbang93.com', port=443): Max retries exceeded with url: /assets/a2/a23f29cc77384305500826664aab697de7d5fd13 (Caused by SSLError(OSError(24, 'Too many open files')))
2025-09-30 21:20:10,814 [WARNING] HTTP协议也失败: HTTPSConnectionPool(host='bmclapi2.bangbang93.com', port=443): Max retries exceeded with url: /assets/1e/1eefb114d3b9180fcad0ad1742e6b88fcf109974 (Caused by SSLError(OSError(24, 'Too many open files')))
2025-09-30 21:20:10,817 [WARNING] HTTP协议也失败: HTTPSConnectionPool(host='bmclapi2.bangbang93.com', port=443): Max retries exceeded with url: /assets/de/deae116c5e906108ccedb6650f167ed4cfb0af78 (Caused by SSLError(OSError(24, 'Too many open files')))
2025-09-30 21:20:10,833 [INFO] 尝试使用HTTP协议: http://bmclapi2.bangbang93.com/assets/b3/b365df38c3a3e81078686eb07d581c128615ad51
2025-09-30 21:20:10,876 [WARNING] 网络连接错误: HTTPSConnectionPool(host='bmclapi2.bangbang93.com', port=443): Max retries exceeded with url: /assets/84/84680f16139f2d2ea3d6ac5276db83dae01efa87 (Caused by SSLError(OSError(24, 'Too many open files')))
2025-09-30 21:20:10,906 [WARNING] HTTP协议也失败: HTTPSConnectionPool(host='bmclapi2.bangbang93.com', port=443): Max retries exceeded with url: /assets/53/536d231281501e65163f4ec45dac00d59d340469 (Caused by SSLError(OSError(24, 'Too many open files')))
2025-09-30 21:20:03,540 [WARNING] 网络连接错误: HTTPSConnectionPool(host='bmclapi2.bangbang93.com', port=443): Max retries exceeded with url: /assets/97/970879f2cb6cce9ce072c28b3c475535d88bc5a5 (Caused by SSLError(OSError(24, 'Too many open files')))
2025-09-30 21:20:10,939 [WARNING] 网络连接错误: HTTPSConnectionPool(host='bmclapi2.bangbang93.com', port=443): Max retries exceeded with url: /assets/65/6571f0d5bc3f62a19308fd040ba0da11a0fa59c1 (Caused by SSLError(OSError(24, 'Too many open files')))
2025-09-30 21:20:10,946 [WARNING] 网络连接错误: HTTPSConnectionPool(host='bmclapi2.bangbang93.com', port=443): Max retries exceeded with url: /assets/e1/e1786efc1dbae614b055a47779c3a3ebdd0453d8 (Caused by SSLError(OSError(24, 'Too many open files')))
2025-09-30 21:20:10,949 [WARNING] 网络连接错误: HTTPSConnectionPool(host='bmclapi2.bangbang93.com', port=443): Max retries exceeded with url: /assets/db/db59b1210639639858f43ac512fd118659944388 (Caused by SSLError(OSError(24, 'Too many open files')))
2025-09-30 21:20:10,962 [WARNING] HTTP协议也失败: HTTPSConnectionPool(host='bmclapi2.bangbang93.com', port=443): Max retries exceeded with url: /assets/12/127b46924330c96a1001c550084d2ce873526dc1 (Caused by SSLError(OSError(24, 'Too many open files')))
2025-09-30 21:20:10,972 [INFO] 尝试使用HTTP协议: http://bmclapi2.bangbang93.com/assets/ed/ed0ea7a1d2549cb25b6cd6c3f2af23b3abc2a2de
2025-09-30 21:20:10,974 [INFO] 尝试使用HTTP协议: http://bmclapi2.bangbang93.com/assets/2a/2a3535b318a9132b00a1ecb2a3216c8bf237f279
2025-09-30 21:19:58,638 [WARNING] 网络连接错误: HTTPSConnectionPool(host='bmclapi2.bangbang93.com', port=443): Max retries exceeded with url: /assets/32/321314ad42fb016fe8f58d06e3b8784bdcdade2d (Caused by SSLError(OSError(24, 'Too many open files')))
2025-09-30 21:19:58,680 [WARNING] HTTP协议也失败: HTTPSConnectionPool(host='bmclapi2.bangbang93.com', port=443): Max retries exceeded with url: /assets/70/705e04dba52523e7d58f5a90a837ddcd4b8c116a (Caused by SSLError(OSError(24, 'Too many open files')))
2025-09-30 21:20:11,023 [INFO] 尝试使用HTTP协议: http://bmclapi2.bangbang93.com/assets/6f/6f797144f816541aa43f119b4f9cb130048df70b
2025-09-30 21:20:11,023 [INFO] 尝试使用HTTP协议: http://bmclapi2.bangbang93.com/assets/1e/1e7d056e556fd40270e92a187164d27f60fc04b3
2025-09-30 21:20:11,039 [INFO] 尝试使用HTTP协议: http://bmclapi2.bangbang93.com/assets/c1/c11ea4960af640d6ef06ce9be0afa8f839fc5b9c
2025-09-30 21:20:04,077 [WARNING] 网络连接错误: HTTPSConnectionPool(host='bmclapi2.bangbang93.com', port=443): Max retries exceeded with url: /assets/f6/f61739d682a1edca93a90cff1e3c3cbdf2269000 (Caused by SSLError(OSError(24, 'Too many open files')))
2025-09-30 21:20:11,041 [WARNING] 网络连接错误: HTTPSConnectionPool(host='bmclapi2.bangbang93.com', port=443): Max retries exceeded with url: /assets/1b/1b6e19574b10bd3e91ee40980bdfbab733e73486 (Caused by SSLError(OSError(24, 'Too many open files')))
2025-09-30 21:20:11,089 [INFO] 尝试使用HTTP协议: http://bmclapi2.bangbang93.com/assets/84/84100c9516fb3f8181ce3e50e3078aa8d148ba20
2025-09-30 21:20:11,092 [INFO] 尝试使用HTTP协议: http://bmclapi2.bangbang93.com/assets/97/97b47b7a62f22addf6ff1db0c57b2fce22504098
2025-09-30 21:20:11,097 [INFO] 尝试使用HTTP协议: http://bmclapi2.bangbang93.com/assets/28/2843a6f2d76f9dfb362a0938522181e68db83ac9
2025-09-30 21:20:04,115 [WARNING] HTTP协议也失败: HTTPSConnectionPool(host='bmclapi2.bangbang93.com', port=443): Max retries exceeded with url: /assets/41/4192122bdaa7d007518f938df4042dab1ae81149 (Caused by SSLError(OSError(24, 'Too many open files')))
2025-09-30 21:20:11,098 [WARNING] 网络连接错误: HTTPSConnectionPool(host='bmclapi2.bangbang93.com', port=443): Max retries exceeded with url: /assets/5c/5c952648ebfc26241c9a5eccf4df06926b88d2e4 (Caused by SSLError(SSLEOFError(8, '[SSL: UNEXPECTED_EOF_WHILE_READING] EOF occurred in violation of protocol (_ssl.c:1028)')))
2025-09-30 21:20:04,191 [WARNING] 网络连接错误: HTTPSConnectionPool(host='bmclapi2.bangbang93.com', port=443): Max retries exceeded with url: /assets/6f/6f05a249a3f6db896122f82de58b30e8f3ec71a7 (Caused by SSLError(OSError(24, 'Too many open files')))
2025-09-30 21:20:11,110 [WARNING] HTTP协议也失败: HTTPSConnectionPool(host='bmclapi2.bangbang93.com', port=443): Max retries exceeded with url: /assets/f1/f169c2bd7d40b3075e8e27c379904c3629f49452 (Caused by SSLError(OSError(24, 'Too many open files')))
2025-09-30 21:20:11,110 [WARNING] 网络连接错误: HTTPSConnectionPool(host='bmclapi2.bangbang93.com', port=443): Max retries exceeded with url: /assets/0c/0cac3b2fbb284e5121e8062b8a08f81b9eb4b53d (Caused by SSLError(OSError(24, 'Too many open files')))
2025-09-30 21:20:11,110 [WARNING] 网络连接错误: HTTPSConnectionPool(host='bmclapi2.bangbang93.com', port=443): Max retries exceeded with url: /assets/0e/0e93efa70b9b8b2d4edd719b498b9c9c834a3832 (Caused by SSLError(SSLEOFError(8, '[SSL: UNEXPECTED_EOF_WHILE_READING] EOF occurred in violation of protocol (_ssl.c:1028)')))
2025-09-30 21:20:11,145 [INFO] 尝试使用HTTP协议: http://bmclapi2.bangbang93.com/assets/df/df24463e66a88d2fc9f85922cdc32045ada9d10c
2025-09-30 21:20:04,256 [WARNING] 网络连接错误: HTTPSConnectionPool(host='bmclapi2.bangbang93.com', port=443): Max retries exceeded with url: /assets/55/555df6c41d133feea389a48ba76f00f37460b5f0 (Caused by SSLError(OSError(24, 'Too many open files')))
2025-09-30 21:20:11,206 [INFO] 尝试使用HTTP协议: http://bmclapi2.bangbang93.com/assets/95/95162dc7621e7cddc16c9b0e60d18555af80032c
2025-09-30 21:20:04,594 [INFO] 尝试使用HTTP协议: http://bmclapi2.bangbang93.com/assets/4a/4ab9e7d182a9a2a6a5d800764cf0b174343ecf92
2025-09-30 21:20:04,823 [WARNING] 网络连接错误: HTTPSConnectionPool(host='bmclapi2.bangbang93.com', port=443): Max retries exceeded with url: /assets/17/17f1204d0875e4bbd46240a9339411a3c667ea03 (Caused by SSLError(OSError(24, 'Too many open files')))
2025-09-30 21:20:11,241 [INFO] 尝试使用HTTP协议: http://bmclapi2.bangbang93.com/assets/2e/2ee826b38dd00813f26692a7de90e352eb4c812e
2025-09-30 21:20:11,241 [WARNING] HTTP协议也失败: HTTPSConnectionPool(host='bmclapi2.bangbang93.com', port=443): Max retries exceeded with url: /assets/73/7396c2c7c63bb6b1e46ba4a80c61d98a76d17768 (Caused by SSLError(OSError(24, 'Too many open files')))
2025-09-30 21:20:11,241 [WARNING] 网络连接错误: HTTPSConnectionPool(host='bmclapi2.bangbang93.com', port=443): Max retries exceeded with url: /assets/91/91effb4eb1199cf1f02db23f1004e006125b2950 (Caused by SSLError(OSError(24, 'Too many open files')))
2025-09-30 21:20:11,396 [INFO] 尝试使用HTTP协议: http://bmclapi2.bangbang93.com/assets/9b/9bb00c0798bc94210b1f23efb0da1c0d8d861365
2025-09-30 21:20:04,939 [INFO] 尝试使用HTTP协议: http://bmclapi2.bangbang93.com/assets/c4/c4e97902ea7d103a5821d922a921de27c9007cd2
2025-09-30 21:20:11,626 [WARNING] 网络连接错误: HTTPSConnectionPool(host='bmclapi2.bangbang93.com', port=443): Max retries exceeded with url: /assets/b9/b9c97543573aea0b796303d4e51a2268dcbf0626 (Caused by SSLError(SSLEOFError(8, '[SSL: UNEXPECTED_EOF_WHILE_READING] EOF occurred in violation of protocol (_ssl.c:1028)')))
2025-09-30 21:20:11,672 [WARNING] 网络连接错误: HTTPSConnectionPool(host='bmclapi2.bangbang93.com', port=443): Max retries exceeded with url: /assets/28/288152797238fee61acb9c8e93aacb7728be8104 (Caused by SSLError(SSLEOFError(8, '[SSL: UNEXPECTED_EOF_WHILE_READING] EOF occurred in violation of protocol (_ssl.c:1028)')))
2025-09-30 21:20:11,684 [WARNING] 网络连接错误: HTTPSConnectionPool(host='bmclapi2.bangbang93.com', port=443): Max retries exceeded with url: /assets/7c/7cc80749257e0df1d4ba6497d5ee49f15f0b6513 (Caused by SSLError(SSLEOFError(8, '[SSL: UNEXPECTED_EOF_WHILE_READING] EOF occurred in violation of protocol (_ssl.c:1028)')))
2025-09-30 21:20:11,701 [INFO] 尝试使用HTTP协议: http://bmclapi2.bangbang93.com/assets/99/9920cfbe289ddee5447e97304a01c3d11377983b
2025-09-30 21:20:11,770 [INFO] 尝试使用HTTP协议: http://bmclapi2.bangbang93.com/assets/68/68bae150ce7321de9150b6f0b60711e25251e844
2025-09-30 21:20:11,858 [WARNING] 网络连接错误: HTTPSConnectionPool(host='bmclapi2.bangbang93.com', port=443): Max retries exceeded with url: /assets/d1/d1d06273f32c192232342d42c37eb44df42ccb39 (Caused by SSLError(OSError(24, 'Too many open files')))
2025-09-30 21:20:11,898 [WARNING] 网络连接错误: HTTPSConnectionPool(host='bmclapi2.bangbang93.com', port=443): Max retries exceeded with url: /assets/b9/b98bc9a1058d07a2c978dda367c43e37b649ad12 (Caused by SSLError(OSError(24, 'Too many open files')))
2025-09-30 21:20:11,938 [WARNING] 网络连接错误: HTTPSConnectionPool(host='bmclapi2.bangbang93.com', port=443): Max retries exceeded with url: /assets/ba/ba2ba79529033573f178e585e77c44c513a8f579 (Caused by SSLError(OSError(24, 'Too many open files')))
2025-09-30 21:20:11,939 [WARNING] 网络连接错误: HTTPSConnectionPool(host='bmclapi2.bangbang93.com', port=443): Max retries exceeded with url: /assets/af/afc9fac5422fd61cb56180a712953332ec0918e7 (Caused by SSLError(OSError(24, 'Too many open files')))
2025-09-30 21:20:12,053 [WARNING] HTTP协议也失败: HTTPSConnectionPool(host='bmclapi2.bangbang93.com', port=443): Max retries exceeded with url: /assets/bb/bbd633935e9ad4d0dcc2a36c9b3b78cea9afcae9 (Caused by SSLError(OSError(24, 'Too many open files')))
2025-09-30 21:20:12,058 [INFO] 尝试使用HTTP协议: http://bmclapi2.bangbang93.com/assets/eb/eb4d54fca28de797c309d13bae3d907bedad633d
2025-09-30 21:20:12,137 [WARNING] 网络连接错误: HTTPSConnectionPool(host='bmclapi2.bangbang93.com', port=443): Max retries exceeded with url: /assets/ca/ca096eeb4efdebcd12b704cd7d99f1bb7163e8d9 (Caused by SSLError(OSError(24, 'Too many open files')))
2025-09-30 21:20:12,138 [INFO] 尝试使用HTTP协议: http://bmclapi2.bangbang93.com/assets/a9/a94c7675f2449982f5cca00805f7cd15e77c840f
2025-09-30 21:20:12,191 [WARNING] HTTP协议也失败: HTTPSConnectionPool(host='bmclapi2.bangbang93.com', port=443): Max retries exceeded with url: /assets/25/2534f9f86a48b18bfbedaba1796221b0fd12779f (Caused by SSLError(OSError(24, 'Too many open files')))
2025-09-30 21:20:12,279 [WARNING] HTTP协议也失败: HTTPSConnectionPool(host='bmclapi2.bangbang93.com', port=443): Max retries exceeded with url: /assets/a9/a9e7ab86a266a8d4bc24c22f70b952edcf44f2c4 (Caused by SSLError(OSError(24, 'Too many open files')))
2025-09-30 21:20:12,281 [WARNING] 网络连接错误: HTTPSConnectionPool(host='bmclapi2.bangbang93.com', port=443): Max retries exceeded with url: /assets/b6/b65c21fa3dfb0b283db7f247f3bf7961832916e6 (Caused by SSLError(SSLEOFError(8, '[SSL: UNEXPECTED_EOF_WHILE_READING] EOF occurred in violation of protocol (_ssl.c:1028)')))
2025-09-30 21:20:05,553 [WARNING] HTTP协议也失败: HTTPSConnectionPool(host='bmclapi2.bangbang93.com', port=443): Max retries exceeded with url: /assets/80/808f9db277e7e6a7a0061bd283d85a229dabb1bc (Caused by SSLError(OSError(24, 'Too many open files')))
2025-09-30 21:20:05,554 [INFO] 尝试使用HTTP协议: http://bmclapi2.bangbang93.com/assets/41/4151c7520e64521a2f44e58f58f8a8f729ac07b9
2025-09-30 21:20:05,666 [INFO] 尝试使用HTTP协议: http://bmclapi2.bangbang93.com/assets/3b/3b3f06e97c457da5e539e2e406ce0edec9d4be88
2025-09-30 21:20:12,347 [INFO] 尝试使用HTTP协议: http://bmclapi2.bangbang93.com/assets/ad/ad60ec330aac4c7f9c666ec626154eb78cd56139
2025-09-30 21:20:12,360 [WARNING] 网络连接错误: HTTPSConnectionPool(host='bmclapi2.bangbang93.com', port=443): Max retries exceeded with url: /assets/9c/9cb0839e234c714ad880f6a3194f62219dca14d6 (Caused by SSLError(SSLEOFError(8, '[SSL: UNEXPECTED_EOF_WHILE_READING] EOF occurred in violation of protocol (_ssl.c:1028)')))
2025-09-30 21:20:12,413 [WARNING] 网络连接错误: HTTPSConnectionPool(host='bmclapi2.bangbang93.com', port=443): Max retries exceeded with url: /assets/29/2933ec1db4be45d5c2980ddce10f2209c4ee5230 (Caused by SSLError(SSLEOFError(8, '[SSL: UNEXPECTED_EOF_WHILE_READING] EOF occurred in violation of protocol (_ssl.c:1028)')))
2025-09-30 21:20:12,477 [INFO] 尝试使用HTTP协议: http://bmclapi2.bangbang93.com/assets/56/568d1b99a5a8133c6b0686791b4d5fa55d7d64f6
2025-09-30 21:20:12,511 [WARNING] 网络连接错误: HTTPSConnectionPool(host='bmclapi2.bangbang93.com', port=443): Max retries exceeded with url: /assets/c5/c5a16dd2e2e184a4cbb1dff2eae8ac5eab110f2b (Caused by SSLError(OSError(24, 'Too many open files')))
2025-09-30 21:20:12,570 [WARNING] 网络连接错误: HTTPSConnectionPool(host='bmclapi2.bangbang93.com', port=443): Max retries exceeded with url: /assets/6e/6eae899a01a619c8159a79ee33f5555ac8edfacb (Caused by SSLError(SSLEOFError(8, '[SSL: UNEXPECTED_EOF_WHILE_READING] EOF occurred in violation of protocol (_ssl.c:1028)')))
2025-09-30 21:20:12,606 [WARNING] 网络连接错误: HTTPSConnectionPool(host='bmclapi2.bangbang93.com', port=443): Max retries exceeded with url: /assets/54/5489c44a4fbedfb800d3d3ba978ae6e1b5eaee5e (Caused by SSLError(OSError(24, 'Too many open files')))
2025-09-30 21:19:59,942 [WARNING] HTTP协议也失败: HTTPSConnectionPool(host='bmclapi2.bangbang93.com', port=443): Max retries exceeded with url: /assets/37/377dd408d95fda9e9379776349c69e813d4e1389 (Caused by SSLError(OSError(24, 'Too many open files')))
2025-09-30 21:20:12,663 [WARNING] HTTP协议也失败: HTTPSConnectionPool(host='bmclapi2.bangbang93.com', port=443): Max retries exceeded with url: /assets/9a/9a200c9c063915ec4ce512284ffdc29ab4411c29 (Caused by SSLError(OSError(24, 'Too many open files')))
2025-09-30 21:20:12,672 [INFO] 尝试使用HTTP协议: http://bmclapi2.bangbang93.com/assets/d0/d039d4cf128d224a013c958f05c6b113b411f673
2025-09-30 21:20:12,727 [INFO] 尝试使用HTTP协议: http://bmclapi2.bangbang93.com/assets/03/0389c34aa75fa73615020a81151a2eb53fea6123
2025-09-30 21:20:12,769 [WARNING] 网络连接错误: HTTPSConnectionPool(host='bmclapi2.bangbang93.com', port=443): Max retries exceeded with url: /assets/8f/8fe6ffcac6cb527a4a1cd1810b6e10e702f0e39d (Caused by SSLError(SSLEOFError(8, '[SSL: UNEXPECTED_EOF_WHILE_READING] EOF occurred in violation of protocol (_ssl.c:1028)')))
2025-09-30 21:20:12,775 [WARNING] 网络连接错误: HTTPSConnectionPool(host='bmclapi2.bangbang93.com', port=443): Max retries exceeded with url: /assets/78/7871eb3607f7ce9db79656cdba221b6c5ce25c4f (Caused by SSLError(SSLEOFError(8, '[SSL: UNEXPECTED_EOF_WHILE_READING] EOF occurred in violation of protocol (_ssl.c:1028)')))
2025-09-30 21:20:12,843 [WARNING] 网络连接错误: HTTPSConnectionPool(host='bmclapi2.bangbang93.com', port=443): Max retries exceeded with url: /assets/42/42cd5cfe8c34126062175d2c3d437db4b60bf925 (Caused by SSLError(SSLEOFError(8, '[SSL: UNEXPECTED_EOF_WHILE_READING] EOF occurred in violation of protocol (_ssl.c:1028)')))
2025-09-30 21:20:06,193 [WARNING] 网络连接错误: HTTPSConnectionPool(host='bmclapi2.bangbang93.com', port=443): Max retries exceeded with url: /assets/c0/c0696332cde4faacaaf2f827c0112221f4f6cc14 (Caused by SSLError(OSError(24, 'Too many open files')))
2025-09-30 21:20:12,875 [INFO] 尝试使用HTTP协议: http://bmclapi2.bangbang93.com/assets/6e/6ea2f56d5ff9c2dd6f6e2b0e6743c59863543f1a
2025-09-30 21:20:13,007 [INFO] 尝试使用HTTP协议: http://bmclapi2.bangbang93.com/assets/58/5897178066f58be63ccd8b9df42dff2760b73a95
2025-09-30 21:20:13,238 [WARNING] 网络连接错误: HTTPSConnectionPool(host='bmclapi2.bangbang93.com', port=443): Max retries exceeded with url: /assets/10/104403b1df4f2aaa53cd6c8a91ce1be8c874ff5c (Caused by SSLError(OSError(24, 'Too many open files')))
2025-09-30 21:20:13,238 [WARNING] 网络连接错误: HTTPSConnectionPool(host='bmclapi2.bangbang93.com', port=443): Max retries exceeded with url: /assets/c6/c697b8d40bcc08d02fb14080bc0677554982be5d (Caused by SSLError(SSLEOFError(8, '[SSL: UNEXPECTED_EOF_WHILE_READING] EOF occurred in violation of protocol (_ssl.c:1028)')))
2025-09-30 21:20:13,290 [INFO] 尝试使用HTTP协议: http://bmclapi2.bangbang93.com/assets/b2/b2d4fe875f5a729c8eb07eafd7ab77ea51b890f2
2025-09-30 21:20:13,317 [WARNING] 网络连接错误: HTTPSConnectionPool(host='bmclapi2.bangbang93.com', port=443): Max retries exceeded with url: /assets/bf/bfcdaf1edfe6d62d9ce49f150cf847bec99136ac (Caused by SSLError(OSError(24, 'Too many open files')))
2025-09-30 21:20:13,706 [INFO] 尝试使用HTTP协议: http://bmclapi2.bangbang93.com/assets/b9/b9099a6d04dddc47ca2c01f6bcb751cb86b38d85
2025-09-30 21:20:13,796 [INFO] 尝试使用HTTP协议: http://bmclapi2.bangbang93.com/assets/e3/e3103a151f27376d8584aeb342c49d1eb71ef12b
2025-09-30 21:20:13,887 [WARNING] 网络连接错误: HTTPSConnectionPool(host='bmclapi2.bangbang93.com', port=443): Max retries exceeded with url: /assets/38/38be8858400ff9f27f276b3d162d4d469dcceff7 (Caused by SSLError(OSError(24, 'Too many open files')))
2025-09-30 21:20:13,954 [INFO] 尝试使用HTTP协议: http://bmclapi2.bangbang93.com/assets/a3/a33ec641bf3173dda6d8c48d08516e4df9776a4e
2025-09-30 21:20:14,058 [WARNING] 网络连接错误: HTTPSConnectionPool(host='bmclapi2.bangbang93.com', port=443): Max retries exceeded with url: /assets/dc/dc74e553d162c301072dff6edf8d9d7b50a9fdd2 (Caused by SSLError(SSLEOFError(8, '[SSL: UNEXPECTED_EOF_WHILE_READING] EOF occurred in violation of protocol (_ssl.c:1028)')))
2025-09-30 21:20:14,081 [WARNING] 网络连接错误: HTTPSConnectionPool(host='bmclapi2.bangbang93.com', port=443): Max retries exceeded with url: /assets/cc/ccf2a5a264bb58795f6475d5c61e2ea295964528 (Caused by SSLError(OSError(24, 'Too many open files')))
2025-09-30 21:20:14,084 [WARNING] 网络连接错误: HTTPSConnectionPool(host='bmclapi2.bangbang93.com', port=443): Max retries exceeded with url: /assets/91/911cf4d77ca2cfc7a4d5ffdb2c40554036cad5d1 (Caused by SSLError(SSLEOFError(8, '[SSL: UNEXPECTED_EOF_WHILE_READING] EOF occurred in violation of protocol (_ssl.c:1028)')))
2025-09-30 21:20:14,105 [WARNING] 网络连接错误: HTTPSConnectionPool(host='bmclapi2.bangbang93.com', port=443): Max retries exceeded with url: /assets/13/1368f950be4517b4ecaadd5da2ea8d9b3335e71d (Caused by SSLError(SSLEOFError(8, '[SSL: UNEXPECTED_EOF_WHILE_READING] EOF occurred in violation of protocol (_ssl.c:1028)')))
2025-09-30 21:20:14,147 [WARNING] HTTP协议也失败: HTTPSConnectionPool(host='bmclapi2.bangbang93.com', port=443): Max retries exceeded with url: /assets/c5/c5899fcf465776f0037779a16fdf1854fc8463ab (Caused by SSLError(OSError(24, 'Too many open files')))
2025-09-30 21:20:14,149 [WARNING] 网络连接错误: HTTPSConnectionPool(host='bmclapi2.bangbang93.com', port=443): Max retries exceeded with url: /assets/13/13c0edd0a66e783fbdc67d9a95ad2868f99d19dd (Caused by SSLError(OSError(24, 'Too many open files')))
2025-09-30 21:20:14,236 [WARNING] 网络连接错误: HTTPSConnectionPool(host='bmclapi2.bangbang93.com', port=443): Max retries exceeded with url: /assets/4e/4e52f7136f1c64a57d85f5a3d4f6d00009c1bca8 (Caused by SSLError(OSError(24, 'Too many open files')))
2025-09-30 21:20:14,279 [WARNING] HTTP协议也失败: HTTPSConnectionPool(host='bmclapi2.bangbang93.com', port=443): Max retries exceeded with url: /assets/d2/d223757959ae6f0517108bd4564bed4853fd6ccf (Caused by SSLError(OSError(24, 'Too many open files')))
2025-09-30 21:20:14,288 [WARNING] 网络连接错误: HTTPSConnectionPool(host='bmclapi2.bangbang93.com', port=443): Max retries exceeded with url: /assets/6b/6b0c7eb3f22a33d07d4226d26153fe060ae762e5 (Caused by SSLError(OSError(24, 'Too many open files')))
2025-09-30 21:20:14,411 [INFO] 尝试使用HTTP协议: http://bmclapi2.bangbang93.com/assets/95/9529ec6496b7178e1da810e458cc9093e6ee84ed
2025-09-30 21:20:14,473 [WARNING] 网络连接错误: HTTPSConnectionPool(host='bmclapi2.bangbang93.com', port=443): Max retries exceeded with url: /assets/2e/2e9a2ad93404bf022c96f9fc944519ca21c14122 (Caused by SSLError(SSLEOFError(8, '[SSL: UNEXPECTED_EOF_WHILE_READING] EOF occurred in violation of protocol (_ssl.c:1028)')))
2025-09-30 21:20:14,540 [INFO] 尝试使用HTTP协议: http://bmclapi2.bangbang93.com/assets/ad/ad95b90dd122aaa98a8f2a996cd3fa13ce33540a
2025-09-30 21:20:06,937 [WARNING] 网络连接错误: HTTPSConnectionPool(host='bmclapi2.bangbang93.com', port=443): Max retries exceeded with url: /assets/68/68828b76f86100a43daf79f9d8e893457ba91000 (Caused by SSLError(OSError(24, 'Too many open files')))
2025-09-30 21:20:14,574 [WARNING] 网络连接错误: HTTPSConnectionPool(host='bmclapi2.bangbang93.com', port=443): Max retries exceeded with url: /assets/b1/b1595a8d9aa1455d635ba9e73c1e4f6825ebe073 (Caused by SSLError(SSLEOFError(8, '[SSL: UNEXPECTED_EOF_WHILE_READING] EOF occurred in violation of protocol (_ssl.c:1028)')))
2025-09-30 21:20:07,347 [WARNING] HTTP协议也失败: HTTPSConnectionPool(host='bmclapi2.bangbang93.com', port=443): Max retries exceeded with url: /assets/48/48c42f377d9120924b658330e152bb872b9a8dad (Caused by SSLError(OSError(24, 'Too many open files')))
2025-09-30 21:20:07,391 [INFO] 尝试使用HTTP协议: http://bmclapi2.bangbang93.com/assets/6b/6bd9dca08ccd2281e86e5d3c61f5a2376e7dbe12
2025-09-30 21:20:14,601 [WARNING] 网络连接错误: HTTPSConnectionPool(host='bmclapi2.bangbang93.com', port=443): Max retries exceeded with url: /assets/88/8849e75a8740e98b2613331272655ea5d6e95934 (Caused by SSLError(SSLEOFError(8, '[SSL: UNEXPECTED_EOF_WHILE_READING] EOF occurred in violation of protocol (_ssl.c:1028)')))
2025-09-30 21:20:14,602 [INFO] 尝试使用HTTP协议: http://bmclapi2.bangbang93.com/assets/c3/c35ae74e4d097c52687f23e6badf2b2e69eb5d2e
2025-09-30 21:20:14,626 [WARNING] 网络连接错误: HTTPSConnectionPool(host='bmclapi2.bangbang93.com', port=443): Max retries exceeded with url: /assets/4a/4a6a5bd43789676bcee313f8071c1f9138729597 (Caused by SSLError(SSLEOFError(8, '[SSL: UNEXPECTED_EOF_WHILE_READING] EOF occurred in violation of protocol (_ssl.c:1028)')))
2025-09-30 21:20:14,630 [INFO] 尝试使用HTTP协议: http://bmclapi2.bangbang93.com/assets/ea/ea5959c5dfd8e0217aa2b9d9ba5d5d33f65d840a
2025-09-30 21:20:14,631 [WARNING] 网络连接错误: HTTPSConnectionPool(host='bmclapi2.bangbang93.com', port=443): Max retries exceeded with url: /assets/1e/1e8e2c38a9a16970094e4ad499440e77325c4f42 (Caused by SSLError(SSLEOFError(8, '[SSL: UNEXPECTED_EOF_WHILE_READING] EOF occurred in violation of protocol (_ssl.c:1028)')))
2025-09-30 21:20:14,657 [INFO] 尝试使用HTTP协议: http://bmclapi2.bangbang93.com/assets/04/047de78010b7c20397f6df4509bfaa39b188da2e
2025-09-30 21:20:14,657 [WARNING] 网络连接错误: HTTPSConnectionPool(host='bmclapi2.bangbang93.com', port=443): Max retries exceeded with url: /assets/b7/b7d69f7b5bb8c1b16592f831a7eb21b8ca35bcab (Caused by SSLError(OSError(24, 'Too many open files')))
2025-09-30 21:20:14,658 [WARNING] HTTP协议也失败: HTTPSConnectionPool(host='bmclapi2.bangbang93.com', port=443): Max retries exceeded with url: /assets/74/741882ca045142bfa076569c87bca37e0ed5a008 (Caused by SSLError(OSError(24, 'Too many open files')))
2025-09-30 21:20:14,721 [INFO] 尝试使用HTTP协议: http://bmclapi2.bangbang93.com/assets/a1/a1d536a39ee1de7d61e580e6dc27f00ce9c2ec15
2025-09-30 21:20:14,755 [WARNING] 网络连接错误: HTTPSConnectionPool(host='bmclapi2.bangbang93.com', port=443): Max retries exceeded with url: /assets/62/6210466ea3b85499767bd003a7c0a091d46d6cf0 (Caused by SSLError(OSError(24, 'Too many open files')))
2025-09-30 21:20:14,755 [WARNING] 网络连接错误: HTTPSConnectionPool(host='bmclapi2.bangbang93.com', port=443): Max retries exceeded with url: /assets/d5/d52edd118f8cc81023fdfa4de28a79ceaaf01ec1 (Caused by SSLError(OSError(24, 'Too many open files')))
2025-09-30 21:20:14,806 [WARNING] HTTP协议也失败: HTTPSConnectionPool(host='bmclapi2.bangbang93.com', port=443): Max retries exceeded with url: /assets/a8/a8008b64edce79bba47f0bee031d61e8cf993517 (Caused by SSLError(OSError(24, 'Too many open files')))
2025-09-30 21:20:14,807 [WARNING] HTTP协议也失败: HTTPSConnectionPool(host='bmclapi2.bangbang93.com', port=443): Max retries exceeded with url: /assets/b4/b4f74b6d59ef6a8c374b5362ff3059d7e130cf34 (Caused by SSLError(OSError(24, 'Too many open files')))
2025-09-30 21:20:14,811 [WARNING] 网络连接错误: HTTPSConnectionPool(host='bmclapi2.bangbang93.com', port=443): Max retries exceeded with url: /assets/bb/bb1455229d719bcb9a50bc739d3630a200d37fbb (Caused by SSLError(SSLEOFError(8, '[SSL: UNEXPECTED_EOF_WHILE_READING] EOF occurred in violation of protocol (_ssl.c:1028)')))
2025-09-30 21:20:27,599 [WARNING] 网络连接错误: HTTPSConnectionPool(host='bmclapi2.bangbang93.com', port=443): Max retries exceeded with url: /assets/84/8439416a43efb373f1d54f2aa7d5c34ef2b7cda5 (Caused by SSLError(SSLEOFError(8, '[SSL: UNEXPECTED_EOF_WHILE_READING] EOF occurred in violation of protocol (_ssl.c:1028)')))
2025-09-30 21:20:14,809 [WARNING] HTTP协议也失败: HTTPSConnectionPool(host='bmclapi2.bangbang93.com', port=443): Max retries exceeded with url: /assets/19/195653d23eba12d565a7a44b3b4187d9551774a4 (Caused by SSLError(OSError(24, 'Too many open files')))
2025-09-30 21:20:14,998 [WARNING] HTTP协议也失败: HTTPSConnectionPool(host='bmclapi2.bangbang93.com', port=443): Max retries exceeded with url: /assets/7b/7b1d2ddf09008d1e49adeb1d0251272549ebecd3 (Caused by SSLError(OSError(24, 'Too many open files')))
2025-09-30 21:20:15,072 [WARNING] 网络连接错误: HTTPSConnectionPool(host='bmclapi2.bangbang93.com', port=443): Max retries exceeded with url: /assets/4b/4b7a8bb552b47179761301bd7db481543e2404cf (Caused by SSLError(SSLEOFError(8, '[SSL: UNEXPECTED_EOF_WHILE_READING] EOF occurred in violation of protocol (_ssl.c:1028)')))
2025-09-30 21:20:07,745 [WARNING] 网络连接错误: HTTPSConnectionPool(host='bmclapi2.bangbang93.com', port=443): Max retries exceeded with url: /assets/c1/c15ef07564e069980974af309418847e5bcca521 (Caused by SSLError(SSLEOFError(8, '[SSL: UNEXPECTED_EOF_WHILE_READING] EOF occurred in violation of protocol (_ssl.c:1028)')))
2025-09-30 21:20:15,255 [WARNING] 网络连接错误: HTTPSConnectionPool(host='bmclapi2.bangbang93.com', port=443): Max retries exceeded with url: /assets/32/32b83f2f9b1c1c5a51a15ea17dedad92cf7aecb1 (Caused by SSLError(SSLEOFError(8, '[SSL: UNEXPECTED_EOF_WHILE_READING] EOF occurred in violation of protocol (_ssl.c:1028)')))
2025-09-30 21:20:15,326 [WARNING] 网络连接错误: HTTPSConnectionPool(host='bmclapi2.bangbang93.com', port=443): Max retries exceeded with url: /assets/95/95d201f92ddfba80febb175d051a10073cfd629a (Caused by SSLError(OSError(24, 'Too many open files')))
2025-09-30 21:20:15,459 [WARNING] 网络连接错误: HTTPSConnectionPool(host='bmclapi2.bangbang93.com', port=443): Max retries exceeded with url: /assets/1b/1b3ba9a6a14e99ce3b9c1b832ed3e5a9d7c12379 (Caused by SSLError(OSError(24, 'Too many open files')))
2025-09-30 21:20:15,489 [WARNING] 网络连接错误: HTTPSConnectionPool(host='bmclapi2.bangbang93.com', port=443): Max retries exceeded with url: /assets/d9/d93adf271c6f8b00aa7d1338033d22e5cb1a2259 (Caused by SSLError(OSError(24, 'Too many open files')))
2025-09-30 21:20:15,524 [WARNING] HTTP协议也失败: HTTPSConnectionPool(host='bmclapi2.bangbang93.com', port=443): Max retries exceeded with url: /assets/72/7206e030a8bb50f75a88306a361e829cf8e065d0 (Caused by SSLError(OSError(24, 'Too many open files')))
2025-09-30 21:20:15,570 [WARNING] 网络连接错误: HTTPSConnectionPool(host='bmclapi2.bangbang93.com', port=443): Max retries exceeded with url: /assets/58/58a16a9ad86e31d7681d35749c926c410da90e71 (Caused by SSLError(OSError(24, 'Too many open files')))
2025-09-30 21:20:08,357 [WARNING] HTTP协议也失败: HTTPSConnectionPool(host='bmclapi2.bangbang93.com', port=443): Max retries exceeded with url: /assets/4d/4d317c9632c6dc5cd6ec10546f6752a3ac8fbcae (Caused by SSLError(OSError(24, 'Too many open files')))
2025-09-30 21:20:28,462 [WARNING] 网络连接错误: HTTPSConnectionPool(host='bmclapi2.bangbang93.com', port=443): Max retries exceeded with url: /assets/a3/a329c273360e55b51d051e633714456bf2a66a5a (Caused by SSLError(SSLEOFError(8, '[SSL: UNEXPECTED_EOF_WHILE_READING] EOF occurred in violation of protocol (_ssl.c:1028)')))
2025-09-30 21:20:15,944 [WARNING] 网络连接错误: HTTPSConnectionPool(host='bmclapi2.bangbang93.com', port=443): Max retries exceeded with url: /assets/91/91ae98690736218edb5a24bb215d606be1d7c51e (Caused by SSLError(SSLEOFError(8, '[SSL: UNEXPECTED_EOF_WHILE_READING] EOF occurred in violation of protocol (_ssl.c:1028)')))
2025-09-30 21:20:16,032 [WARNING] 网络连接错误: HTTPSConnectionPool(host='bmclapi2.bangbang93.com', port=443): Max retries exceeded with url: /assets/4c/4c7f4cdd0626c77839e9ddfc120acd403c5444ae (Caused by SSLError(SSLEOFError(8, '[SSL: UNEXPECTED_EOF_WHILE_READING] EOF occurred in violation of protocol (_ssl.c:1028)')))
2025-09-30 21:20:16,141 [WARNING] 网络连接错误: HTTPSConnectionPool(host='bmclapi2.bangbang93.com', port=443): Max retries exceeded with url: /assets/bb/bb431f5babfe02d34f3de4bf8c0e13bf3eda3a8f (Caused by SSLError(SSLEOFError(8, '[SSL: UNEXPECTED_EOF_WHILE_READING] EOF occurred in violation of protocol (_ssl.c:1028)')))
2025-09-30 21:20:16,142 [WARNING] 网络连接错误: HTTPSConnectionPool(host='bmclapi2.bangbang93.com', port=443): Max retries exceeded with url: /assets/f7/f7c536aa2bfa413058ff92547210ddea1e8ca194 (Caused by SSLError(SSLEOFError(8, '[SSL: UNEXPECTED_EOF_WHILE_READING] EOF occurred in violation of protocol (_ssl.c:1028)')))
2025-09-30 21:20:16,251 [WARNING] HTTP协议也失败: HTTPSConnectionPool(host='bmclapi2.bangbang93.com', port=443): Max retries exceeded with url: /assets/4f/4fbb4e179a4f4d7c5771f2dc9829fa1655953697 (Caused by SSLError(OSError(24, 'Too many open files')))
2025-09-30 21:20:16,287 [INFO] 尝试使用HTTP协议: http://bmclapi2.bangbang93.com/assets/6f/6f9e9c9a5f3e789f4c7b889673c07ae791665c12
2025-09-30 21:20:16,294 [WARNING] 网络连接错误: HTTPSConnectionPool(host='bmclapi2.bangbang93.com', port=443): Max retries exceeded with url: /assets/f5/f550d4d895d47547fe58972d11e6029e903e1e39 (Caused by SSLError(SSLEOFError(8, '[SSL: UNEXPECTED_EOF_WHILE_READING] EOF occurred in violation of protocol (_ssl.c:1028)')))
2025-09-30 21:20:16,333 [WARNING] 网络连接错误: HTTPSConnectionPool(host='bmclapi2.bangbang93.com', port=443): Max retries exceeded with url: /assets/8d/8de22c03536fb625a4652e06e4cf75b83485fc0c (Caused by SSLError(OSError(24, 'Too many open files')))
2025-09-30 21:20:16,348 [WARNING] 网络连接错误: HTTPSConnectionPool(host='bmclapi2.bangbang93.com', port=443): Max retries exceeded with url: /assets/66/66a182bf80478faa761b4d78d396e6e8fed47337 (Caused by SSLError(SSLEOFError(8, '[SSL: UNEXPECTED_EOF_WHILE_READING] EOF occurred in violation of protocol (_ssl.c:1028)')))
2025-09-30 21:20:16,363 [WARNING] 网络连接错误: HTTPSConnectionPool(host='bmclapi2.bangbang93.com', port=443): Max retries exceeded with url: /assets/38/3878bc489b0a8aa9a2465215772078352ee2120f (Caused by SSLError(SSLEOFError(8, '[SSL: UNEXPECTED_EOF_WHILE_READING] EOF occurred in violation of protocol (_ssl.c:1028)')))
2025-09-30 21:20:16,366 [WARNING] 网络连接错误: HTTPSConnectionPool(host='bmclapi2.bangbang93.com', port=443): Max retries exceeded with url: /assets/cb/cb6465255dddd7a501b8592b5b68c1bb73511f79 (Caused by SSLError(SSLEOFError(8, '[SSL: UNEXPECTED_EOF_WHILE_READING] EOF occurred in violation of protocol (_ssl.c:1028)')))
2025-09-30 21:20:16,374 [INFO] 尝试使用HTTP协议: http://bmclapi2.bangbang93.com/assets/58/589fff28d3590774738d0da812a631d265724318
2025-09-30 21:20:16,419 [WARNING] 网络连接错误: HTTPSConnectionPool(host='bmclapi2.bangbang93.com', port=443): Max retries exceeded with url: /assets/51/5117536be57b6df3e49b2a6ad9730b8096a65c2b (Caused by SSLError(OSError(24, 'Too many open files')))
2025-09-30 21:20:16,511 [INFO] 尝试使用HTTP协议: http://bmclapi2.bangbang93.com/assets/00/00d7b6cb90bbe6552d8b23650f6da1cab68993fa
2025-09-30 21:20:16,544 [INFO] 尝试使用HTTP协议: http://bmclapi2.bangbang93.com/assets/52/52a753b45e64efb80784e45776403d54f1dc312f
2025-09-30 21:20:16,654 [WARNING] HTTP协议也失败: HTTPSConnectionPool(host='bmclapi2.bangbang93.com', port=443): Max retries exceeded with url: /assets/a0/a084cc73ae04f6d4aaec3b33865dc05709c17603 (Caused by SSLError(OSError(24, 'Too many open files')))
2025-09-30 21:20:16,658 [INFO] 尝试使用HTTP协议: http://bmclapi2.bangbang93.com/assets/2f/2f30dcc0a8d06de7737886fdd2ee7012a924eab7
2025-09-30 21:20:16,803 [WARNING] 网络连接错误: HTTPSConnectionPool(host='bmclapi2.bangbang93.com', port=443): Max retries exceeded with url: /assets/4c/4cc99bd425886ee0692da0cc91f680828010a884 (Caused by SSLError(OSError(24, 'Too many open files')))
2025-09-30 21:20:16,810 [WARNING] 网络连接错误: HTTPSConnectionPool(host='bmclapi2.bangbang93.com', port=443): Max retries exceeded with url: /assets/6c/6cdf620249c506b80bd7c781ec69ec3e332d2bf8 (Caused by SSLError(OSError(24, 'Too many open files')))
2025-09-30 21:20:08,982 [WARNING] 网络连接错误: HTTPSConnectionPool(host='bmclapi2.bangbang93.com', port=443): Max retries exceeded with url: /assets/cc/ccf2f26922472624e30d8bbaf0a371d074c10270 (Caused by SSLError(OSError(24, 'Too many open files')))
2025-09-30 21:20:16,950 [WARNING] 网络连接错误: HTTPSConnectionPool(host='bmclapi2.bangbang93.com', port=443): Max retries exceeded with url: /assets/35/357995f8d51884f14e5fa979c3f1e875eb6949c7 (Caused by SSLError(OSError(24, 'Too many open files')))
2025-09-30 21:20:16,985 [WARNING] 网络连接错误: HTTPSConnectionPool(host='bmclapi2.bangbang93.com', port=443): Max retries exceeded with url: /assets/04/0477daf851cba253d4c909ad3245b6cde4ea4937 (Caused by SSLError(OSError(24, 'Too many open files')))
2025-09-30 21:20:09,021 [INFO] 尝试使用HTTP协议: http://bmclapi2.bangbang93.com/assets/f9/f9ff2b9241e8f39d99852969896358502023b02b
2025-09-30 21:20:17,051 [INFO] 尝试使用HTTP协议: http://bmclapi2.bangbang93.com/assets/23/23006984a98b3fd36acb05998fb95fde42ee5e93
2025-09-30 21:20:17,060 [INFO] 尝试使用HTTP协议: http://bmclapi2.bangbang93.com/assets/0b/0bd2d425ba3d8254999c9b9cb162b05427752447
2025-09-30 21:20:17,061 [WARNING] 网络连接错误: HTTPSConnectionPool(host='bmclapi2.bangbang93.com', port=443): Max retries exceeded with url: /assets/18/188e71a538efd71cd735b72dd8b9eb42e0d45ac2 (Caused by SSLError(SSLEOFError(8, '[SSL: UNEXPECTED_EOF_WHILE_READING] EOF occurred in violation of protocol (_ssl.c:1028)')))
2025-09-30 21:20:17,481 [WARNING] 网络连接错误: HTTPSConnectionPool(host='bmclapi2.bangbang93.com', port=443): Max retries exceeded with url: /assets/2e/2e505c6bd1a299c567e0f20f28fd8a3ddf3072a9 (Caused by SSLError(OSError(24, 'Too many open files')))
2025-09-30 21:20:17,527 [WARNING] 网络连接错误: HTTPSConnectionPool(host='bmclapi2.bangbang93.com', port=443): Max retries exceeded with url: /assets/fd/fd8a2120904453bd0f411ef122abb0096f07b82c (Caused by SSLError(SSLEOFError(8, '[SSL: UNEXPECTED_EOF_WHILE_READING] EOF occurred in violation of protocol (_ssl.c:1028)')))
2025-09-30 21:20:17,528 [WARNING] 网络连接错误: HTTPSConnectionPool(host='bmclapi2.bangbang93.com', port=443): Max retries exceeded with url: /assets/fa/fa46fa9128075af6cbd423fd52aada024932a82e (Caused by SSLError(SSLEOFError(8, '[SSL: UNEXPECTED_EOF_WHILE_READING] EOF occurred in violation of protocol (_ssl.c:1028)')))
2025-09-30 21:20:17,529 [WARNING] 网络连接错误: HTTPSConnectionPool(host='bmclapi2.bangbang93.com', port=443): Max retries exceeded with url: /assets/94/94bb6b253b7b185dce169221b3312bfba87f0bf1 (Caused by SSLError(SSLEOFError(8, '[SSL: UNEXPECTED_EOF_WHILE_READING] EOF occurred in violation of protocol (_ssl.c:1028)')))
2025-09-30 21:20:17,533 [WARNING] 网络连接错误: HTTPSConnectionPool(host='bmclapi2.bangbang93.com', port=443): Max retries exceeded with url: /assets/68/68a3447a6924f6cf0d1f970024bd0cb664972ac7 (Caused by SSLError(SSLEOFError(8, '[SSL: UNEXPECTED_EOF_WHILE_READING] EOF occurred in violation of protocol (_ssl.c:1028)')))
2025-09-30 21:20:09,253 [INFO] 尝试使用HTTP协议: http://bmclapi2.bangbang93.com/assets/ed/ed62d68890b991e04345aaa0a95b56cd506afac8
2025-09-30 21:20:17,598 [INFO] 尝试使用HTTP协议: http://bmclapi2.bangbang93.com/assets/55/552218e330c62eb7f84420dcae85a816b2163c04
2025-09-30 21:20:17,632 [INFO] 尝试使用HTTP协议: http://bmclapi2.bangbang93.com/assets/1e/1ea4892f78e9522c99664631d181ddb48da24217
2025-09-30 21:20:17,634 [WARNING] 网络连接错误: HTTPSConnectionPool(host='bmclapi2.bangbang93.com', port=443): Max retries exceeded with url: /assets/fc/fc857c1990d4bc7c157f4f8367ca4af0bd6168a2 (Caused by SSLError(SSLEOFError(8, '[SSL: UNEXPECTED_EOF_WHILE_READING] EOF occurred in violation of protocol (_ssl.c:1028)')))
2025-09-30 21:20:09,373 [INFO] 尝试使用HTTP协议: http://bmclapi2.bangbang93.com/assets/04/04b2c0edc7128fcd1f414e34541f6fa675871cac
2025-09-30 21:20:17,720 [WARNING] HTTP协议也失败: HTTPSConnectionPool(host='bmclapi2.bangbang93.com', port=443): Max retries exceeded with url: /assets/15/1511afcb61d33d9b69e1c56da933cfcba53d6231 (Caused by SSLError(OSError(24, 'Too many open files')))
2025-09-30 21:20:17,747 [WARNING] HTTP协议也失败: HTTPSConnectionPool(host='bmclapi2.bangbang93.com', port=443): Max retries exceeded with url: /assets/e4/e400aafb294db87f5954f41908c79cb88de6b632 (Caused by SSLError(OSError(24, 'Too many open files')))
2025-09-30 21:20:17,762 [WARNING] 网络连接错误: HTTPSConnectionPool(host='bmclapi2.bangbang93.com', port=443): Max retries exceeded with url: /assets/2e/2e2a3fbb0fa73bfa638b5c3619be174661e75e5c (Caused by SSLError(OSError(24, 'Too many open files')))
2025-09-30 21:20:17,788 [INFO] 尝试使用HTTP协议: http://bmclapi2.bangbang93.com/assets/07/074bf1f2406289d81e600c80862c0267550e4a8e
2025-09-30 21:20:17,788 [WARNING] HTTP协议也失败: HTTPSConnectionPool(host='bmclapi2.bangbang93.com', port=443): Max retries exceeded with url: /assets/f3/f39c3b69a7d8f3fac8797a9145c8b93cac94fc67 (Caused by SSLError(OSError(24, 'Too many open files')))
2025-09-30 21:20:17,789 [WARNING] HTTP协议也失败: HTTPSConnectionPool(host='bmclapi2.bangbang93.com', port=443): Max retries exceeded with url: /assets/61/610ec4abc16e8cab1b2133bfbb3d9926d3c629e1 (Caused by SSLError(OSError(24, 'Too many open files')))
2025-09-30 21:20:17,789 [WARNING] HTTP协议也失败: HTTPSConnectionPool(host='bmclapi2.bangbang93.com', port=443): Max retries exceeded with url: /assets/5c/5c42d1ae39df50bcdfe714db876148720a069efd (Caused by SSLError(OSError(24, 'Too many open files')))
2025-09-30 21:20:17,789 [WARNING] 网络连接错误: HTTPSConnectionPool(host='bmclapi2.bangbang93.com', port=443): Max retries exceeded with url: /assets/68/68c941413914e16a8564b5fb58c97540a5db771f (Caused by SSLError(OSError(24, 'Too many open files')))
2025-09-30 21:20:17,789 [INFO] 尝试使用HTTP协议: http://bmclapi2.bangbang93.com/assets/06/061daab0fb148906aaa50e9c7c8e81da06fe427f
2025-09-30 21:20:09,632 [INFO] 尝试使用HTTP协议: http://bmclapi2.bangbang93.com/assets/38/381bd8590b65134d8c2f31a443cb37752145d353
2025-09-30 21:20:17,800 [WARNING] HTTP协议也失败: HTTPSConnectionPool(host='bmclapi2.bangbang93.com', port=443): Max retries exceeded with url: /assets/53/539444ea45e17cf39db2363068952eee74c0623d (Caused by SSLError(OSError(24, 'Too many open files')))
2025-09-30 21:20:17,859 [WARNING] 网络连接错误: HTTPSConnectionPool(host='bmclapi2.bangbang93.com', port=443): Max retries exceeded with url: /assets/c4/c40aea24787b7cce0c7fbcf950cc00e3f4c83ae5 (Caused by SSLError(SSLEOFError(8, '[SSL: UNEXPECTED_EOF_WHILE_READING] EOF occurred in violation of protocol (_ssl.c:1028)')))
2025-09-30 21:20:18,138 [WARNING] 网络连接错误: HTTPSConnectionPool(host='bmclapi2.bangbang93.com', port=443): Max retries exceeded with url: /assets/ca/ca0c39fca7ab5b2dead37f6842a1d4ed4be1d621 (Caused by SSLError(SSLEOFError(8, '[SSL: UNEXPECTED_EOF_WHILE_READING] EOF occurred in violation of protocol (_ssl.c:1028)')))
2025-09-30 21:20:18,282 [INFO] 尝试使用HTTP协议: http://bmclapi2.bangbang93.com/assets/71/71de59f2a2e80284b82b321d2ab715bda93ba2ff
2025-09-30 21:20:18,431 [WARNING] 网络连接错误: HTTPSConnectionPool(host='bmclapi2.bangbang93.com', port=443): Max retries exceeded with url: /assets/c1/c1f9797ddfd38e67cbafaaf93f54f191bbaca722 (Caused by SSLError(SSLEOFError(8, '[SSL: UNEXPECTED_EOF_WHILE_READING] EOF occurred in violation of protocol (_ssl.c:1028)')))
2025-09-30 21:20:18,477 [WARNING] 网络连接错误: HTTPSConnectionPool(host='bmclapi2.bangbang93.com', port=443): Max retries exceeded with url: /assets/21/219dd8d77204b36d8d45367f18f978c987a157d7 (Caused by SSLError(SSLEOFError(8, '[SSL: UNEXPECTED_EOF_WHILE_READING] EOF occurred in violation of protocol (_ssl.c:1028)')))
2025-09-30 21:20:18,601 [WARNING] 网络连接错误: HTTPSConnectionPool(host='bmclapi2.bangbang93.com', port=443): Max retries exceeded with url: /assets/f9/f9e40e4713ecd899d3429844049bd8b275a44982 (Caused by SSLError(SSLEOFError(8, '[SSL: UNEXPECTED_EOF_WHILE_READING] EOF occurred in violation of protocol (_ssl.c:1028)')))
2025-09-30 21:20:18,602 [WARNING] 网络连接错误: HTTPSConnectionPool(host='bmclapi2.bangbang93.com', port=443): Max retries exceeded with url: /assets/88/88d1ff9da5f9661168b3591273e0e153af1878a9 (Caused by SSLError(SSLEOFError(8, '[SSL: UNEXPECTED_EOF_WHILE_READING] EOF occurred in violation of protocol (_ssl.c:1028)')))
2025-09-30 21:20:18,612 [WARNING] 网络连接错误: HTTPSConnectionPool(host='bmclapi2.bangbang93.com', port=443): Max retries exceeded with url: /assets/a1/a135be46d5b8875428a50206ebf21925b4d4ead2 (Caused by SSLError(SSLEOFError(8, '[SSL: UNEXPECTED_EOF_WHILE_READING] EOF occurred in violation of protocol (_ssl.c:1028)')))
2025-09-30 21:20:18,656 [INFO] 尝试使用HTTP协议: http://bmclapi2.bangbang93.com/assets/3a/3ae880252601ad23cb57438b04bd6680522be664
2025-09-30 21:20:18,798 [WARNING] HTTP协议也失败: HTTPSConnectionPool(host='bmclapi2.bangbang93.com', port=443): Max retries exceeded with url: /assets/8d/8defa6e305571b092e691a90712c9cc8001fb661 (Caused by SSLError(OSError(24, 'Too many open files')))
2025-09-30 21:20:09,765 [WARNING] 网络连接错误: HTTPSConnectionPool(host='bmclapi2.bangbang93.com', port=443): Max retries exceeded with url: /assets/d8/d850f5f8d60bc937de205e6642b8e54c659c4596 (Caused by SSLError(OSError(24, 'Too many open files')))
2025-09-30 21:20:18,858 [INFO] 尝试使用HTTP协议: http://bmclapi2.bangbang93.com/assets/ee/ee3766ad91311671fe51ab5aad1d1752559cc1e2
2025-09-30 21:20:18,931 [WARNING] 网络连接错误: HTTPSConnectionPool(host='bmclapi2.bangbang93.com', port=443): Max retries exceeded with url: /assets/f7/f782c93d12dba8bb5985e9f94df42b60277aad09 (Caused by SSLError(SSLEOFError(8, '[SSL: UNEXPECTED_EOF_WHILE_READING] EOF occurred in violation of protocol (_ssl.c:1028)')))
2025-09-30 21:20:20,750 [WARNING] 网络连接错误: HTTPSConnectionPool(host='bmclapi2.bangbang93.com', port=443): Max retries exceeded with url: /assets/7e/7e985242c1b9b47ad6395daf23b9b23b6e57fac7 (Caused by SSLError(SSLEOFError(8, '[SSL: UNEXPECTED_EOF_WHILE_READING] EOF occurred in violation of protocol (_ssl.c:1028)')))
2025-09-30 21:20:20,754 [WARNING] 网络连接错误: HTTPSConnectionPool(host='bmclapi2.bangbang93.com', port=443): Max retries exceeded with url: /assets/5b/5b4904a7312be2c55a1db1b500eff30269f45e2e (Caused by SSLError(SSLEOFError(8, '[SSL: UNEXPECTED_EOF_WHILE_READING] EOF occurred in violation of protocol (_ssl.c:1028)')))
2025-09-30 21:20:20,793 [WARNING] 网络连接错误: HTTPSConnectionPool(host='bmclapi2.bangbang93.com', port=443): Max retries exceeded with url: /assets/44/441c5d664ce613a1eff8fe2034c0ba368c7f3eec (Caused by SSLError(SSLEOFError(8, '[SSL: UNEXPECTED_EOF_WHILE_READING] EOF occurred in violation of protocol (_ssl.c:1028)')))
2025-09-30 21:20:10,385 [INFO] 尝试使用HTTP协议: http://bmclapi2.bangbang93.com/assets/5b/5be2d2af796b7b06a3c19d9e753210a272f6a194
2025-09-30 21:20:20,831 [WARNING] 网络连接错误: HTTPSConnectionPool(host='bmclapi2.bangbang93.com', port=443): Max retries exceeded with url: /assets/08/08f52b2a4deab55b16a4d6d2e2ae0b9c836666a3 (Caused by SSLError(SSLEOFError(8, '[SSL: UNEXPECTED_EOF_WHILE_READING] EOF occurred in violation of protocol (_ssl.c:1028)')))
2025-09-30 21:20:20,838 [WARNING] 网络连接错误: HTTPSConnectionPool(host='bmclapi2.bangbang93.com', port=443): Max retries exceeded with url: /assets/2a/2af9e14d4d56044ab96b5fed96a4af261eb230d2 (Caused by SSLError(SSLEOFError(8, '[SSL: UNEXPECTED_EOF_WHILE_READING] EOF occurred in violation of protocol (_ssl.c:1028)')))
2025-09-30 21:20:20,838 [WARNING] 网络连接错误: HTTPSConnectionPool(host='bmclapi2.bangbang93.com', port=443): Max retries exceeded with url: /assets/91/912f27c8f38db853b835421579b3423393ae6260 (Caused by SSLError(SSLEOFError(8, '[SSL: UNEXPECTED_EOF_WHILE_READING] EOF occurred in violation of protocol (_ssl.c:1028)')))
2025-09-30 21:20:20,844 [INFO] 尝试使用HTTP协议: http://bmclapi2.bangbang93.com/assets/b1/b1d5d976d5dbc91c986e6a70ef1297c3afdc9813
2025-09-30 21:20:20,870 [WARNING] 网络连接错误: HTTPSConnectionPool(host='bmclapi2.bangbang93.com', port=443): Max retries exceeded with url: /assets/e2/e22edffc8b879d8f042010b237d13247f17d5552 (Caused by SSLError(SSLEOFError(8, '[SSL: UNEXPECTED_EOF_WHILE_READING] EOF occurred in violation of protocol (_ssl.c:1028)')))
2025-09-30 21:20:20,871 [WARNING] 网络连接错误: HTTPSConnectionPool(host='bmclapi2.bangbang93.com', port=443): Max retries exceeded with url: /assets/d7/d781ed3a41c935c75305e990b591aa3aac1d6cdc (Caused by SSLError(SSLEOFError(8, '[SSL: UNEXPECTED_EOF_WHILE_READING] EOF occurred in violation of protocol (_ssl.c:1028)')))
2025-09-30 21:20:20,872 [INFO] 尝试使用HTTP协议: http://bmclapi2.bangbang93.com/assets/16/16d4ffc146ea150158b410b094c676a2b2a1b33a
2025-09-30 21:20:20,872 [INFO] 尝试使用HTTP协议: http://bmclapi2.bangbang93.com/assets/7c/7ccc3bd2ba2f89aaaa903f10e8174f12dd50c727
2025-09-30 21:20:20,872 [WARNING] 网络连接错误: HTTPSConnectionPool(host='bmclapi2.bangbang93.com', port=443): Max retries exceeded with url: /assets/52/52d1dc49bbfbd67a6f1870793d1b90d2120a2a9a (Caused by SSLError(SSLEOFError(8, '[SSL: UNEXPECTED_EOF_WHILE_READING] EOF occurred in violation of protocol (_ssl.c:1028)')))
2025-09-30 21:20:20,872 [INFO] 尝试使用HTTP协议: http://bmclapi2.bangbang93.com/assets/11/11a807d88209d0f4f2e81763c9369c093923fad7
2025-09-30 21:20:20,872 [WARNING] 网络连接错误: HTTPSConnectionPool(host='bmclapi2.bangbang93.com', port=443): Max retries exceeded with url: /assets/f8/f820f483ee022e9c8c7c64fdcc3205dfa3f57747 (Caused by SSLError(SSLEOFError(8, '[SSL: UNEXPECTED_EOF_WHILE_READING] EOF occurred in violation of protocol (_ssl.c:1028)')))
2025-09-30 21:20:20,872 [WARNING] 网络连接错误: HTTPSConnectionPool(host='bmclapi2.bangbang93.com', port=443): Max retries exceeded with url: /assets/ee/ee0676820023142b84adf7065db872070ff86edb (Caused by SSLError(SSLEOFError(8, '[SSL: UNEXPECTED_EOF_WHILE_READING] EOF occurred in violation of protocol (_ssl.c:1028)')))
2025-09-30 21:20:20,872 [WARNING] 网络连接错误: HTTPSConnectionPool(host='bmclapi2.bangbang93.com', port=443): Max retries exceeded with url: /assets/52/527c6ed68122e92f57dc51d33a5cd88f962b5ca0 (Caused by SSLError(SSLEOFError(8, '[SSL: UNEXPECTED_EOF_WHILE_READING] EOF occurred in violation of protocol (_ssl.c:1028)')))
2025-09-30 21:20:20,875 [INFO] 尝试使用HTTP协议: http://bmclapi2.bangbang93.com/assets/89/89508f92c6917da7dd5e1a5945936f12e53529da
2025-09-30 21:20:20,875 [WARNING] 网络连接错误: HTTPSConnectionPool(host='bmclapi2.bangbang93.com', port=443): Max retries exceeded with url: /assets/b5/b5a26befa99dd92538b8fab5cd8bd8e860c84670 (Caused by SSLError(SSLEOFError(8, '[SSL: UNEXPECTED_EOF_WHILE_READING] EOF occurred in violation of protocol (_ssl.c:1028)')))
2025-09-30 21:20:20,915 [INFO] 尝试使用HTTP协议: http://bmclapi2.bangbang93.com/assets/87/8711b18848546a66c88aa8d92400ee9e7ee861c1
2025-09-30 21:20:10,796 [WARNING] 网络连接错误: HTTPSConnectionPool(host='bmclapi2.bangbang93.com', port=443): Max retries exceeded with url: /assets/7e/7e30e09fea8453fdca7c43375b8c0fc41b640390 (Caused by SSLError(SSLEOFError(8, '[SSL: UNEXPECTED_EOF_WHILE_READING] EOF occurred in violation of protocol (_ssl.c:1028)')))
2025-09-30 21:20:20,957 [INFO] 尝试使用HTTP协议: http://bmclapi2.bangbang93.com/assets/3e/3e33597db3a9c2d00ea63ef5f06fd8c300117285
2025-09-30 21:20:10,875 [WARNING] 网络连接错误: HTTPSConnectionPool(host='bmclapi2.bangbang93.com', port=443): Max retries exceeded with url: /assets/8f/8fd668f6584957c324c9eaccecefe1b811276485 (Caused by SSLError(SSLEOFError(8, '[SSL: UNEXPECTED_EOF_WHILE_READING] EOF occurred in violation of protocol (_ssl.c:1028)')))
2025-09-30 21:20:21,059 [INFO] 尝试使用HTTP协议: http://bmclapi2.bangbang93.com/assets/ff/ffb94b364eb694fec2cdc9ee412f52f7ada6070c
2025-09-30 21:20:10,907 [WARNING] HTTP协议也失败: HTTPSConnectionPool(host='bmclapi2.bangbang93.com', port=443): Max retries exceeded with url: /assets/3d/3dc37b550892aad4c165c3f23214e3ccabeabb53 (Caused by SSLError(OSError(24, 'Too many open files')))
2025-09-30 21:20:21,185 [WARNING] 网络连接错误: HTTPSConnectionPool(host='bmclapi2.bangbang93.com', port=443): Max retries exceeded with url: /assets/6e/6ec39e921a301681ecad0e067df2ddc953d1bd4f (Caused by SSLError(SSLEOFError(8, '[SSL: UNEXPECTED_EOF_WHILE_READING] EOF occurred in violation of protocol (_ssl.c:1028)')))
2025-09-30 21:20:21,190 [WARNING] 网络连接错误: HTTPSConnectionPool(host='bmclapi2.bangbang93.com', port=443): Max retries exceeded with url: /assets/a9/a92635ffeed92282a716ce1f613f00ac40a85ae7 (Caused by SSLError(SSLEOFError(8, '[SSL: UNEXPECTED_EOF_WHILE_READING] EOF occurred in violation of protocol (_ssl.c:1028)')))
2025-09-30 21:20:21,191 [WARNING] 网络连接错误: HTTPSConnectionPool(host='bmclapi2.bangbang93.com', port=443): Max retries exceeded with url: /assets/e3/e3be518cd61155933433c6cb1ded6d8a1df89f9a (Caused by SSLError(SSLEOFError(8, '[SSL: UNEXPECTED_EOF_WHILE_READING] EOF occurred in violation of protocol (_ssl.c:1028)')))
2025-09-30 21:20:21,192 [WARNING] 网络连接错误: HTTPSConnectionPool(host='bmclapi2.bangbang93.com', port=443): Max retries exceeded with url: /assets/e2/e2439eb75ea3b48581aa55b858d1fd4dd98e8d7d (Caused by SSLError(SSLEOFError(8, '[SSL: UNEXPECTED_EOF_WHILE_READING] EOF occurred in violation of protocol (_ssl.c:1028)')))
2025-09-30 21:20:21,192 [WARNING] 网络连接错误: HTTPSConnectionPool(host='bmclapi2.bangbang93.com', port=443): Max retries exceeded with url: /assets/4e/4ecb43cdcadf266fd37297ac795f591fdd5b169f (Caused by SSLError(SSLEOFError(8, '[SSL: UNEXPECTED_EOF_WHILE_READING] EOF occurred in violation of protocol (_ssl.c:1028)')))
2025-09-30 21:20:21,193 [WARNING] 网络连接错误: HTTPSConnectionPool(host='bmclapi2.bangbang93.com', port=443): Max retries exceeded with url: /assets/a8/a89cc74e28097546b39f393c21761e573f968603 (Caused by SSLError(SSLEOFError(8, '[SSL: UNEXPECTED_EOF_WHILE_READING] EOF occurred in violation of protocol (_ssl.c:1028)')))
2025-09-30 21:20:21,195 [WARNING] 网络连接错误: HTTPSConnectionPool(host='bmclapi2.bangbang93.com', port=443): Max retries exceeded with url: /assets/29/29b1d75d1ef24892764120c9bec3a81fd46a3ed7 (Caused by SSLError(SSLEOFError(8, '[SSL: UNEXPECTED_EOF_WHILE_READING] EOF occurred in violation of protocol (_ssl.c:1028)')))
2025-09-30 21:20:21,195 [WARNING] 网络连接错误: HTTPSConnectionPool(host='bmclapi2.bangbang93.com', port=443): Max retries exceeded with url: /assets/eb/eb8164906353f4f9077eb3d4e913440bace7c3ef (Caused by SSLError(SSLEOFError(8, '[SSL: UNEXPECTED_EOF_WHILE_READING] EOF occurred in violation of protocol (_ssl.c:1028)')))
2025-09-30 21:20:21,196 [WARNING] 网络连接错误: HTTPSConnectionPool(host='bmclapi2.bangbang93.com', port=443): Max retries exceeded with url: /assets/cb/cb437915751e333e7054a2deb4e449612ae353dd (Caused by SSLError(SSLEOFError(8, '[SSL: UNEXPECTED_EOF_WHILE_READING] EOF occurred in violation of protocol (_ssl.c:1028)')))
2025-09-30 21:20:11,005 [WARNING] 网络连接错误: HTTPSConnectionPool(host='bmclapi2.bangbang93.com', port=443): Max retries exceeded with url: /assets/9f/9f409623a7365a1d32d6b9601bb2014d8880c975 (Caused by SSLError(OSError(24, 'Too many open files')))
2025-09-30 21:20:21,202 [WARNING] 网络连接错误: HTTPSConnectionPool(host='bmclapi2.bangbang93.com', port=443): Max retries exceeded with url: /assets/b1/b1d714df1dff66b11a3fb2bf95f56fd3de7ee542 (Caused by SSLError(SSLEOFError(8, '[SSL: UNEXPECTED_EOF_WHILE_READING] EOF occurred in violation of protocol (_ssl.c:1028)')))
2025-09-30 21:20:21,202 [WARNING] 网络连接错误: HTTPSConnectionPool(host='bmclapi2.bangbang93.com', port=443): Max retries exceeded with url: /assets/1d/1d4108a69bced7129b24c51b4011e0810cb76225 (Caused by SSLError(SSLEOFError(8, '[SSL: UNEXPECTED_EOF_WHILE_READING] EOF occurred in violation of protocol (_ssl.c:1028)')))
2025-09-30 21:20:21,202 [WARNING] 网络连接错误: HTTPSConnectionPool(host='bmclapi2.bangbang93.com', port=443): Max retries exceeded with url: /assets/9d/9d2969618da9501c1fbc40af6e775c23ca23c5b1 (Caused by SSLError(SSLEOFError(8, '[SSL: UNEXPECTED_EOF_WHILE_READING] EOF occurred in violation of protocol (_ssl.c:1028)')))
2025-09-30 21:20:21,231 [INFO] 尝试使用HTTP协议: http://bmclapi2.bangbang93.com/assets/97/970879f2cb6cce9ce072c28b3c475535d88bc5a5
2025-09-30 21:20:21,232 [WARNING] 网络连接错误: HTTPSConnectionPool(host='bmclapi2.bangbang93.com', port=443): Max retries exceeded with url: /assets/6c/6cb211b79bc00474c50efc469c1d5371e76e7701 (Caused by SSLError(SSLEOFError(8, '[SSL: UNEXPECTED_EOF_WHILE_READING] EOF occurred in violation of protocol (_ssl.c:1028)')))
2025-09-30 21:20:21,251 [INFO] 尝试使用HTTP协议: http://bmclapi2.bangbang93.com/assets/c3/c31b0dd62eaec2708e791e4e04c48813b1cdd895
2025-09-30 21:20:21,324 [WARNING] 网络连接错误: HTTPSConnectionPool(host='bmclapi2.bangbang93.com', port=443): Max retries exceeded with url: /assets/e7/e79aa37dd4f19c461fddb36f406809ea1f962426 (Caused by SSLError(SSLEOFError(8, '[SSL: UNEXPECTED_EOF_WHILE_READING] EOF occurred in violation of protocol (_ssl.c:1028)')))
2025-09-30 21:20:21,328 [INFO] 尝试使用HTTP协议: http://bmclapi2.bangbang93.com/assets/32/321314ad42fb016fe8f58d06e3b8784bdcdade2d
2025-09-30 21:20:21,368 [WARNING] 网络连接错误: HTTPSConnectionPool(host='bmclapi2.bangbang93.com', port=443): Max retries exceeded with url: /assets/4b/4b01bb0855e33b81ba104d0c94fdad473ddff3b7 (Caused by SSLError(SSLEOFError(8, '[SSL: UNEXPECTED_EOF_WHILE_READING] EOF occurred in violation of protocol (_ssl.c:1028)')))
2025-09-30 21:20:21,375 [INFO] 尝试使用HTTP协议: http://bmclapi2.bangbang93.com/assets/b6/b66a833fb3975e5febfecd09a25400c1d57e1fe3
2025-09-30 21:20:21,381 [WARNING] 网络连接错误: HTTPSConnectionPool(host='bmclapi2.bangbang93.com', port=443): Max retries exceeded with url: /assets/bc/bcd0f038e531be361b2aaedfdce952a76bcad3ce (Caused by SSLError(SSLEOFError(8, '[SSL: UNEXPECTED_EOF_WHILE_READING] EOF occurred in violation of protocol (_ssl.c:1028)')))
2025-09-30 21:20:21,559 [WARNING] 网络连接错误: HTTPSConnectionPool(host='bmclapi2.bangbang93.com', port=443): Max retries exceeded with url: /assets/c2/c268ad3b6ddf0005ac1270f745300faaded9fdf8 (Caused by SSLError(SSLEOFError(8, '[SSL: UNEXPECTED_EOF_WHILE_READING] EOF occurred in violation of protocol (_ssl.c:1028)')))
2025-09-30 21:20:21,559 [WARNING] 网络连接错误: HTTPSConnectionPool(host='bmclapi2.bangbang93.com', port=443): Max retries exceeded with url: /assets/ac/ac04f54eda90242fb93e50ca699359e452cabe37 (Caused by SSLError(SSLEOFError(8, '[SSL: UNEXPECTED_EOF_WHILE_READING] EOF occurred in violation of protocol (_ssl.c:1028)')))
2025-09-30 21:20:21,700 [WARNING] 网络连接错误: HTTPSConnectionPool(host='bmclapi2.bangbang93.com', port=443): Max retries exceeded with url: /assets/7e/7e07671554c25c6969f42de636b3d976d31fd05a (Caused by SSLError(SSLEOFError(8, '[SSL: UNEXPECTED_EOF_WHILE_READING] EOF occurred in violation of protocol (_ssl.c:1028)')))
2025-09-30 21:20:21,700 [INFO] 尝试使用HTTP协议: http://bmclapi2.bangbang93.com/assets/1b/1b6e19574b10bd3e91ee40980bdfbab733e73486
2025-09-30 21:20:21,700 [INFO] 尝试使用HTTP协议: http://bmclapi2.bangbang93.com/assets/f6/f61739d682a1edca93a90cff1e3c3cbdf2269000
2025-09-30 21:20:21,702 [WARNING] 网络连接错误: HTTPSConnectionPool(host='bmclapi2.bangbang93.com', port=443): Max retries exceeded with url: /assets/43/43fd095b526ebf6f292c2d63fe28cec673707153 (Caused by SSLError(SSLEOFError(8, '[SSL: UNEXPECTED_EOF_WHILE_READING] EOF occurred in violation of protocol (_ssl.c:1028)')))
2025-09-30 21:20:21,729 [WARNING] 网络连接错误: HTTPSConnectionPool(host='bmclapi2.bangbang93.com', port=443): Max retries exceeded with url: /assets/b8/b8cdebb74d1e26e8b8a312af1575150b6891a49c (Caused by SSLError(SSLEOFError(8, '[SSL: UNEXPECTED_EOF_WHILE_READING] EOF occurred in violation of protocol (_ssl.c:1028)')))
2025-09-30 21:20:21,776 [WARNING] 网络连接错误: HTTPSConnectionPool(host='bmclapi2.bangbang93.com', port=443): Max retries exceeded with url: /assets/16/1610e7eb27510c2e7afba890158d201c5f96d087 (Caused by SSLError(SSLEOFError(8, '[SSL: UNEXPECTED_EOF_WHILE_READING] EOF occurred in violation of protocol (_ssl.c:1028)')))
2025-09-30 21:20:21,777 [WARNING] 网络连接错误: HTTPSConnectionPool(host='bmclapi2.bangbang93.com', port=443): Max retries exceeded with url: /assets/b9/b97fba61ba4a50a873a35fe4e84b541180bf89a5 (Caused by SSLError(SSLEOFError(8, '[SSL: UNEXPECTED_EOF_WHILE_READING] EOF occurred in violation of protocol (_ssl.c:1028)')))
2025-09-30 21:20:21,777 [WARNING] 网络连接错误: HTTPSConnectionPool(host='bmclapi2.bangbang93.com', port=443): Max retries exceeded with url: /assets/f8/f87348d8af3a0309d780d7dc062c4bdf71f7a07d (Caused by SSLError(SSLEOFError(8, '[SSL: UNEXPECTED_EOF_WHILE_READING] EOF occurred in violation of protocol (_ssl.c:1028)')))
2025-09-30 21:20:21,783 [WARNING] 网络连接错误: HTTPSConnectionPool(host='bmclapi2.bangbang93.com', port=443): Max retries exceeded with url: /assets/a7/a7c9f2e15fe097e97bcc6d129e7e03b436fde783 (Caused by SSLError(SSLEOFError(8, '[SSL: UNEXPECTED_EOF_WHILE_READING] EOF occurred in violation of protocol (_ssl.c:1028)')))
2025-09-30 21:20:21,816 [WARNING] 网络连接错误: HTTPSConnectionPool(host='bmclapi2.bangbang93.com', port=443): Max retries exceeded with url: /assets/71/71cb911b1991fb44d04c23358b3aca48d9b690f9 (Caused by SSLError(SSLEOFError(8, '[SSL: UNEXPECTED_EOF_WHILE_READING] EOF occurred in violation of protocol (_ssl.c:1028)')))
2025-09-30 21:20:21,960 [WARNING] 网络连接错误: HTTPSConnectionPool(host='bmclapi2.bangbang93.com', port=443): Max retries exceeded with url: /assets/23/23edec96549a8af965ce41c737bce85b5aa8b2d7 (Caused by SSLError(SSLEOFError(8, '[SSL: UNEXPECTED_EOF_WHILE_READING] EOF occurred in violation of protocol (_ssl.c:1028)')))
2025-09-30 21:20:22,000 [WARNING] 网络连接错误: HTTPSConnectionPool(host='bmclapi2.bangbang93.com', port=443): Max retries exceeded with url: /assets/eb/eba4d66a97f31ea8a55730d70694463357924335 (Caused by SSLError(SSLEOFError(8, '[SSL: UNEXPECTED_EOF_WHILE_READING] EOF occurred in violation of protocol (_ssl.c:1028)')))
2025-09-30 21:20:22,000 [WARNING] 网络连接错误: HTTPSConnectionPool(host='bmclapi2.bangbang93.com', port=443): Max retries exceeded with url: /assets/bd/bd957c218a9270dd77d10b98712b995b61d010e7 (Caused by SSLError(SSLEOFError(8, '[SSL: UNEXPECTED_EOF_WHILE_READING] EOF occurred in violation of protocol (_ssl.c:1028)')))
2025-09-30 21:20:22,040 [WARNING] 网络连接错误: HTTPSConnectionPool(host='bmclapi2.bangbang93.com', port=443): Max retries exceeded with url: /assets/b1/b15208bfec9342137bfdbb3b1aa90c8c59fdbb12 (Caused by SSLError(SSLEOFError(8, '[SSL: UNEXPECTED_EOF_WHILE_READING] EOF occurred in violation of protocol (_ssl.c:1028)')))
2025-09-30 21:20:22,155 [WARNING] 网络连接错误: HTTPSConnectionPool(host='bmclapi2.bangbang93.com', port=443): Max retries exceeded with url: /assets/33/33663d0e28e32f7bbc75ad3ce76f92824e6dee20 (Caused by SSLError(SSLEOFError(8, '[SSL: UNEXPECTED_EOF_WHILE_READING] EOF occurred in violation of protocol (_ssl.c:1028)')))
2025-09-30 21:20:34,249 [INFO] 尝试使用HTTP协议: http://bmclapi2.bangbang93.com/assets/6f/6f05a249a3f6db896122f82de58b30e8f3ec71a7
2025-09-30 21:20:22,377 [WARNING] 网络连接错误: HTTPSConnectionPool(host='bmclapi2.bangbang93.com', port=443): Max retries exceeded with url: /assets/f8/f80ac07fd29a87232fef38a657f5e5ab654229fb (Caused by SSLError(SSLEOFError(8, '[SSL: UNEXPECTED_EOF_WHILE_READING] EOF occurred in violation of protocol (_ssl.c:1028)')))
2025-09-30 21:20:22,441 [WARNING] 网络连接错误: HTTPSConnectionPool(host='bmclapi2.bangbang93.com', port=443): Max retries exceeded with url: /assets/c1/c1cf9cd1fa97cb04795683a80959be56b5a08374 (Caused by SSLError(SSLEOFError(8, '[SSL: UNEXPECTED_EOF_WHILE_READING] EOF occurred in violation of protocol (_ssl.c:1028)')))
2025-09-30 21:20:22,442 [WARNING] 网络连接错误: HTTPSConnectionPool(host='bmclapi2.bangbang93.com', port=443): Max retries exceeded with url: /assets/18/18719dd2c60d6faa295ac81fc8eb7c71d652debb (Caused by SSLError(SSLEOFError(8, '[SSL: UNEXPECTED_EOF_WHILE_READING] EOF occurred in violation of protocol (_ssl.c:1028)')))
2025-09-30 21:20:22,442 [WARNING] 网络连接错误: HTTPSConnectionPool(host='bmclapi2.bangbang93.com', port=443): Max retries exceeded with url: /assets/54/544fbe5a0f9142f9ef84679fb7ebe9ee7eb58e38 (Caused by SSLError(SSLEOFError(8, '[SSL: UNEXPECTED_EOF_WHILE_READING] EOF occurred in violation of protocol (_ssl.c:1028)')))
2025-09-30 21:20:22,634 [WARNING] 网络连接错误: HTTPSConnectionPool(host='bmclapi2.bangbang93.com', port=443): Max retries exceeded with url: /assets/73/73e4df44ac7d84734bbb96ca0f476c6ef2cca9a6 (Caused by SSLError(SSLEOFError(8, '[SSL: UNEXPECTED_EOF_WHILE_READING] EOF occurred in violation of protocol (_ssl.c:1028)')))
2025-09-30 21:20:22,638 [WARNING] 网络连接错误: HTTPSConnectionPool(host='bmclapi2.bangbang93.com', port=443): Max retries exceeded with url: /assets/0b/0bd9f569835966f06236483648dd79419a636ded (Caused by SSLError(SSLEOFError(8, '[SSL: UNEXPECTED_EOF_WHILE_READING] EOF occurred in violation of protocol (_ssl.c:1028)')))
2025-09-30 21:20:11,228 [WARNING] 网络连接错误: HTTPSConnectionPool(host='bmclapi2.bangbang93.com', port=443): Max retries exceeded with url: /assets/9c/9c1aa4f0997c2e02617986a6c79d67c44f12f93f (Caused by SSLError(OSError(24, 'Too many open files')))
2025-09-30 21:20:22,707 [INFO] 尝试使用HTTP协议: http://bmclapi2.bangbang93.com/assets/f3/f300b4634a026e51a0b3c760fba6662483208d26
2025-09-30 21:20:11,356 [WARNING] 网络连接错误: HTTPSConnectionPool(host='bmclapi2.bangbang93.com', port=443): Max retries exceeded with url: /assets/34/34b6976a1e91d76ae76d7bfd0aaae51134310199 (Caused by SSLError(OSError(24, 'Too many open files')))
2025-09-30 21:20:22,810 [WARNING] 网络连接错误: HTTPSConnectionPool(host='bmclapi2.bangbang93.com', port=443): Max retries exceeded with url: /assets/40/40a50a72c02cd6b80815c5e9fe7c225cfab2f48b (Caused by SSLError(SSLEOFError(8, '[SSL: UNEXPECTED_EOF_WHILE_READING] EOF occurred in violation of protocol (_ssl.c:1028)')))
2025-09-30 21:20:22,894 [INFO] 尝试使用HTTP协议: http://bmclapi2.bangbang93.com/assets/91/91effb4eb1199cf1f02db23f1004e006125b2950
2025-09-30 21:20:22,894 [WARNING] 网络连接错误: HTTPSConnectionPool(host='bmclapi2.bangbang93.com', port=443): Max retries exceeded with url: /assets/24/24fdff18debd1596bdbe45bb4cfe076ef6c4d5b9 (Caused by SSLError(SSLEOFError(8, '[SSL: UNEXPECTED_EOF_WHILE_READING] EOF occurred in violation of protocol (_ssl.c:1028)')))
2025-09-30 21:20:22,950 [WARNING] 网络连接错误: HTTPSConnectionPool(host='bmclapi2.bangbang93.com', port=443): Max retries exceeded with url: /assets/b6/b66b02ae251364316a87c04d23ce0818818456a9 (Caused by SSLError(SSLEOFError(8, '[SSL: UNEXPECTED_EOF_WHILE_READING] EOF occurred in violation of protocol (_ssl.c:1028)')))
2025-09-30 21:20:22,956 [WARNING] 网络连接错误: HTTPSConnectionPool(host='bmclapi2.bangbang93.com', port=443): Max retries exceeded with url: /assets/10/10a00a20070ca5ea3b8151c7d5a8f4ce84f05998 (Caused by SSLError(SSLEOFError(8, '[SSL: UNEXPECTED_EOF_WHILE_READING] EOF occurred in violation of protocol (_ssl.c:1028)')))
2025-09-30 21:20:34,463 [WARNING] 网络连接错误: HTTPSConnectionPool(host='bmclapi2.bangbang93.com', port=443): Max retries exceeded with url: /assets/91/9175b581230b552217fe55f19830d359a435ced6 (Caused by SSLError(OSError(24, 'Too many open files')))
2025-09-30 21:20:11,762 [WARNING] 网络连接错误: HTTPSConnectionPool(host='bmclapi2.bangbang93.com', port=443): Max retries exceeded with url: /assets/fe/fe1de3c384b47f8ea46120a90c020adbfe913819 (Caused by SSLError(OSError(24, 'Too many open files')))
2025-09-30 21:20:23,257 [INFO] 尝试使用HTTP协议: http://bmclapi2.bangbang93.com/assets/f1/f19e9d11b4703257187fe78150e08d0dbaf7ce13
2025-09-30 21:20:23,385 [WARNING] 网络连接错误: HTTPSConnectionPool(host='bmclapi2.bangbang93.com', port=443): Max retries exceeded with url: /assets/bd/bdda303d3448d7c3d0db185515fb2ac9c4923470 (Caused by SSLError(SSLEOFError(8, '[SSL: UNEXPECTED_EOF_WHILE_READING] EOF occurred in violation of protocol (_ssl.c:1028)')))
2025-09-30 21:20:23,423 [WARNING] 网络连接错误: HTTPSConnectionPool(host='bmclapi2.bangbang93.com', port=443): Max retries exceeded with url: /assets/b7/b7c8f20c690b6e74e665979afad90d13622507c4 (Caused by SSLError(SSLEOFError(8, '[SSL: UNEXPECTED_EOF_WHILE_READING] EOF occurred in violation of protocol (_ssl.c:1028)')))
2025-09-30 21:20:34,464 [INFO] 尝试使用HTTP协议: http://bmclapi2.bangbang93.com/assets/7c/7cc80749257e0df1d4ba6497d5ee49f15f0b6513
2025-09-30 21:20:23,502 [WARNING] 网络连接错误: HTTPSConnectionPool(host='bmclapi2.bangbang93.com', port=443): Max retries exceeded with url: /assets/d0/d049b28fc3ed2248fe64722a6c3bf804609bb306 (Caused by SSLError(SSLEOFError(8, '[SSL: UNEXPECTED_EOF_WHILE_READING] EOF occurred in violation of protocol (_ssl.c:1028)')))
2025-09-30 21:20:23,541 [WARNING] 网络连接错误: HTTPSConnectionPool(host='bmclapi2.bangbang93.com', port=443): Max retries exceeded with url: /assets/6b/6b85e734842e78d8284351f9c571d31f90a7da4a (Caused by SSLError(SSLEOFError(8, '[SSL: UNEXPECTED_EOF_WHILE_READING] EOF occurred in violation of protocol (_ssl.c:1028)')))
2025-09-30 21:20:23,544 [WARNING] 网络连接错误: HTTPSConnectionPool(host='bmclapi2.bangbang93.com', port=443): Max retries exceeded with url: /assets/fc/fc30546a46675b2a1d6893636f15dd7343f2ac11 (Caused by SSLError(SSLEOFError(8, '[SSL: UNEXPECTED_EOF_WHILE_READING] EOF occurred in violation of protocol (_ssl.c:1028)')))
2025-09-30 21:20:23,595 [WARNING] 网络连接错误: HTTPSConnectionPool(host='bmclapi2.bangbang93.com', port=443): Max retries exceeded with url: /assets/f9/f9012db5040e08d07a22a620dcc405cdc3972ee5 (Caused by SSLError(SSLEOFError(8, '[SSL: UNEXPECTED_EOF_WHILE_READING] EOF occurred in violation of protocol (_ssl.c:1028)')))
2025-09-30 21:20:23,683 [INFO] 尝试使用HTTP协议: http://bmclapi2.bangbang93.com/assets/af/afc9fac5422fd61cb56180a712953332ec0918e7
2025-09-30 21:20:23,929 [WARNING] 网络连接错误: HTTPSConnectionPool(host='bmclapi2.bangbang93.com', port=443): Max retries exceeded with url: /assets/62/623ade16fac50f1ca883b38f67b41b02cf0c3e12 (Caused by SSLError(SSLEOFError(8, '[SSL: UNEXPECTED_EOF_WHILE_READING] EOF occurred in violation of protocol (_ssl.c:1028)')))
2025-09-30 21:20:24,065 [INFO] 尝试使用HTTP协议: http://bmclapi2.bangbang93.com/assets/1c/1ce1fd11070653071311ed2abd8a50e25c0543ec
2025-09-30 21:20:24,071 [WARNING] 网络连接错误: HTTPSConnectionPool(host='bmclapi2.bangbang93.com', port=443): Max retries exceeded with url: /assets/96/9660299d31b6a8d345b8b21f82934c49150de15a (Caused by SSLError(SSLEOFError(8, '[SSL: UNEXPECTED_EOF_WHILE_READING] EOF occurred in violation of protocol (_ssl.c:1028)')))
2025-09-30 21:20:24,071 [WARNING] 网络连接错误: HTTPSConnectionPool(host='bmclapi2.bangbang93.com', port=443): Max retries exceeded with url: /assets/09/0971e38c31ca3d8a73cf0c4e4f8e1181bac82cf7 (Caused by SSLError(SSLEOFError(8, '[SSL: UNEXPECTED_EOF_WHILE_READING] EOF occurred in violation of protocol (_ssl.c:1028)')))
2025-09-30 21:20:24,084 [WARNING] 网络连接错误: HTTPSConnectionPool(host='bmclapi2.bangbang93.com', port=443): Max retries exceeded with url: /assets/16/16b67f7a0c3a03b60d6fbe8ae7ad6906c4b4fb11 (Caused by SSLError(SSLEOFError(8, '[SSL: UNEXPECTED_EOF_WHILE_READING] EOF occurred in violation of protocol (_ssl.c:1028)')))
2025-09-30 21:20:24,085 [WARNING] 网络连接错误: HTTPSConnectionPool(host='bmclapi2.bangbang93.com', port=443): Max retries exceeded with url: /assets/47/47b6a0b93c447b07f0be50ef331df0db97662c64 (Caused by SSLError(SSLEOFError(8, '[SSL: UNEXPECTED_EOF_WHILE_READING] EOF occurred in violation of protocol (_ssl.c:1028)')))
2025-09-30 21:20:24,123 [WARNING] 网络连接错误: HTTPSConnectionPool(host='bmclapi2.bangbang93.com', port=443): Max retries exceeded with url: /assets/22/2219b4e3106c3491936c82624e76faeee2dd66aa (Caused by SSLError(SSLEOFError(8, '[SSL: UNEXPECTED_EOF_WHILE_READING] EOF occurred in violation of protocol (_ssl.c:1028)')))
2025-09-30 21:20:24,136 [WARNING] 网络连接错误: HTTPSConnectionPool(host='bmclapi2.bangbang93.com', port=443): Max retries exceeded with url: /assets/cb/cb1dee565c5bdb7b16e025269aebbb4eabd69b13 (Caused by SSLError(SSLEOFError(8, '[SSL: UNEXPECTED_EOF_WHILE_READING] EOF occurred in violation of protocol (_ssl.c:1028)')))
2025-09-30 21:20:24,136 [WARNING] 网络连接错误: HTTPSConnectionPool(host='bmclapi2.bangbang93.com', port=443): Max retries exceeded with url: /assets/fe/fee4387ba350fb2d9dd83a3f6c0b9c08ae40be27 (Caused by SSLError(SSLEOFError(8, '[SSL: UNEXPECTED_EOF_WHILE_READING] EOF occurred in violation of protocol (_ssl.c:1028)')))
2025-09-30 21:20:12,480 [INFO] 尝试使用HTTP协议: http://bmclapi2.bangbang93.com/assets/eb/eb7c09004071c59dd146a364bed2d85a2e93838f
2025-09-30 21:20:12,570 [INFO] 尝试使用HTTP协议: http://bmclapi2.bangbang93.com/assets/17/174d2c0a0e24d79d21ebdd5d472bec71da6390a5
2025-09-30 21:20:24,594 [INFO] 尝试使用HTTP协议: http://bmclapi2.bangbang93.com/assets/6e/6eece3d1e68f2cc5c44d1dd0271935a032ad18ed
2025-09-30 21:20:24,595 [INFO] 尝试使用HTTP协议: http://bmclapi2.bangbang93.com/assets/c5/c5a16dd2e2e184a4cbb1dff2eae8ac5eab110f2b
2025-09-30 21:20:24,608 [WARNING] 网络连接错误: HTTPSConnectionPool(host='bmclapi2.bangbang93.com', port=443): Max retries exceeded with url: /assets/ff/ff0253a660370841a8e7a1e3370c66c0e3a29dac (Caused by SSLError(SSLEOFError(8, '[SSL: UNEXPECTED_EOF_WHILE_READING] EOF occurred in violation of protocol (_ssl.c:1028)')))
2025-09-30 21:20:24,702 [INFO] 尝试使用HTTP协议: http://bmclapi2.bangbang93.com/assets/c2/c22d2c46238f1a9e3da7b311721f815217139bd4
2025-09-30 21:20:24,705 [WARNING] 网络连接错误: HTTPSConnectionPool(host='bmclapi2.bangbang93.com', port=443): Max retries exceeded with url: /assets/98/985f000ff3b189601ad8de7997cda4d8af0c3f74 (Caused by SSLError(SSLEOFError(8, '[SSL: UNEXPECTED_EOF_WHILE_READING] EOF occurred in violation of protocol (_ssl.c:1028)')))
2025-09-30 21:20:24,706 [INFO] 尝试使用HTTP协议: http://bmclapi2.bangbang93.com/assets/77/777bcb2b96ca2d604fcaa87af9b4ddda4d868f94
2025-09-30 21:20:24,706 [WARNING] 网络连接错误: HTTPSConnectionPool(host='bmclapi2.bangbang93.com', port=443): Max retries exceeded with url: /assets/48/488394809bc2c1ffe51a0694d184e7fd0437495f (Caused by SSLError(SSLEOFError(8, '[SSL: UNEXPECTED_EOF_WHILE_READING] EOF occurred in violation of protocol (_ssl.c:1028)')))
2025-09-30 21:20:24,707 [WARNING] 网络连接错误: HTTPSConnectionPool(host='bmclapi2.bangbang93.com', port=443): Max retries exceeded with url: /assets/0d/0db776397819a632c88fbaea936fb92133e7e527 (Caused by SSLError(SSLEOFError(8, '[SSL: UNEXPECTED_EOF_WHILE_READING] EOF occurred in violation of protocol (_ssl.c:1028)')))
2025-09-30 21:20:12,835 [WARNING] 网络连接错误: HTTPSConnectionPool(host='bmclapi2.bangbang93.com', port=443): Max retries exceeded with url: /assets/d2/d203866f75aba73c8f1cd1f347040023e0dc899d (Caused by SSLError(SSLEOFError(8, '[SSL: UNEXPECTED_EOF_WHILE_READING] EOF occurred in violation of protocol (_ssl.c:1028)')))
2025-09-30 21:20:24,817 [WARNING] 网络连接错误: HTTPSConnectionPool(host='bmclapi2.bangbang93.com', port=443): Max retries exceeded with url: /assets/a5/a5917646618282d8d2383aa58b0bbf05507606cb (Caused by SSLError(SSLEOFError(8, '[SSL: UNEXPECTED_EOF_WHILE_READING] EOF occurred in violation of protocol (_ssl.c:1028)')))
2025-09-30 21:20:24,872 [WARNING] 网络连接错误: HTTPSConnectionPool(host='bmclapi2.bangbang93.com', port=443): Max retries exceeded with url: /assets/35/3590f6f4fec1a1a2d24e6675fcc47ede09a7db3d (Caused by SSLError(SSLEOFError(8, '[SSL: UNEXPECTED_EOF_WHILE_READING] EOF occurred in violation of protocol (_ssl.c:1028)')))
2025-09-30 21:20:24,935 [INFO] 尝试使用HTTP协议: http://bmclapi2.bangbang93.com/assets/8f/8fe6ffcac6cb527a4a1cd1810b6e10e702f0e39d
2025-09-30 21:20:24,941 [WARNING] 网络连接错误: HTTPSConnectionPool(host='bmclapi2.bangbang93.com', port=443): Max retries exceeded with url: /assets/fd/fddd20faa0da21da79b19e89f1eb756c5218d0cd (Caused by SSLError(SSLEOFError(8, '[SSL: UNEXPECTED_EOF_WHILE_READING] EOF occurred in violation of protocol (_ssl.c:1028)')))
2025-09-30 21:20:25,020 [INFO] 尝试使用HTTP协议: http://bmclapi2.bangbang93.com/assets/c0/c0135de2f265a4303a542d8edd21933642077e01
2025-09-30 21:20:25,020 [INFO] 尝试使用HTTP协议: http://bmclapi2.bangbang93.com/assets/42/42cd5cfe8c34126062175d2c3d437db4b60bf925
2025-09-30 21:20:25,122 [WARNING] 网络连接错误: HTTPSConnectionPool(host='bmclapi2.bangbang93.com', port=443): Max retries exceeded with url: /assets/44/44bf73c4b415442ca23bf917a465c996113a08fb (Caused by SSLError(SSLEOFError(8, '[SSL: UNEXPECTED_EOF_WHILE_READING] EOF occurred in violation of protocol (_ssl.c:1028)')))
2025-09-30 21:20:25,127 [INFO] 尝试使用HTTP协议: http://bmclapi2.bangbang93.com/assets/17/17555ee1014945e896df557e7d83bc6073cad363
2025-09-30 21:20:25,129 [WARNING] 网络连接错误: HTTPSConnectionPool(host='bmclapi2.bangbang93.com', port=443): Max retries exceeded with url: /assets/3d/3dafbad9dc1b4f6d362b386391f1c017508d5d42 (Caused by SSLError(SSLEOFError(8, '[SSL: UNEXPECTED_EOF_WHILE_READING] EOF occurred in violation of protocol (_ssl.c:1028)')))
2025-09-30 21:20:25,133 [WARNING] 网络连接错误: HTTPSConnectionPool(host='bmclapi2.bangbang93.com', port=443): Max retries exceeded with url: /assets/dd/dd8b95252bf92ca815d10c0f7c7fa004e60b8c35 (Caused by SSLError(SSLEOFError(8, '[SSL: UNEXPECTED_EOF_WHILE_READING] EOF occurred in violation of protocol (_ssl.c:1028)')))
2025-09-30 21:20:25,177 [WARNING] 网络连接错误: HTTPSConnectionPool(host='bmclapi2.bangbang93.com', port=443): Max retries exceeded with url: /assets/71/7157aafc9c8a1735b9dbaeaf588e6bf39a16e61c (Caused by SSLError(SSLEOFError(8, '[SSL: UNEXPECTED_EOF_WHILE_READING] EOF occurred in violation of protocol (_ssl.c:1028)')))
2025-09-30 21:20:25,330 [INFO] 尝试使用HTTP协议: http://bmclapi2.bangbang93.com/assets/8e/8e3c151725219a0c9dd16be100b43a9a7faf5a82
2025-09-30 21:20:25,335 [INFO] 尝试使用HTTP协议: http://bmclapi2.bangbang93.com/assets/63/63aaab4b1c60dcb6f97c8b78db7791e3ab5353ee
2025-09-30 21:20:25,352 [WARNING] 网络连接错误: HTTPSConnectionPool(host='bmclapi2.bangbang93.com', port=443): Max retries exceeded with url: /assets/3c/3cb58941cda74d99d934ab7de21a8197c02c2984 (Caused by SSLError(SSLEOFError(8, '[SSL: UNEXPECTED_EOF_WHILE_READING] EOF occurred in violation of protocol (_ssl.c:1028)')))
2025-09-30 21:20:13,273 [WARNING] HTTP协议也失败: HTTPSConnectionPool(host='bmclapi2.bangbang93.com', port=443): Max retries exceeded with url: /assets/89/89236079c6c9eafb1b3d5aeaefbeb08dbf6003ff (Caused by SSLError(OSError(24, 'Too many open files')))
2025-09-30 21:20:25,463 [INFO] 尝试使用HTTP协议: http://bmclapi2.bangbang93.com/assets/c6/c697b8d40bcc08d02fb14080bc0677554982be5d
2025-09-30 21:20:25,788 [WARNING] 网络连接错误: HTTPSConnectionPool(host='bmclapi2.bangbang93.com', port=443): Max retries exceeded with url: /assets/f7/f78a2094a7952634accb4a3a94419040e237092b (Caused by SSLError(SSLEOFError(8, '[SSL: UNEXPECTED_EOF_WHILE_READING] EOF occurred in violation of protocol (_ssl.c:1028)')))
2025-09-30 21:20:25,803 [WARNING] 网络连接错误: HTTPSConnectionPool(host='bmclapi2.bangbang93.com', port=443): Max retries exceeded with url: /assets/b6/b6366428d1b9fd074146ede74e0e95efd0330063 (Caused by SSLError(SSLEOFError(8, '[SSL: UNEXPECTED_EOF_WHILE_READING] EOF occurred in violation of protocol (_ssl.c:1028)')))
2025-09-30 21:20:25,804 [WARNING] 网络连接错误: HTTPSConnectionPool(host='bmclapi2.bangbang93.com', port=443): Max retries exceeded with url: /assets/ea/eaf01859132e4f238cc2347c496016a92aaa4808 (Caused by SSLError(SSLEOFError(8, '[SSL: UNEXPECTED_EOF_WHILE_READING] EOF occurred in violation of protocol (_ssl.c:1028)')))
2025-09-30 21:20:13,707 [WARNING] 网络连接错误: HTTPSConnectionPool(host='bmclapi2.bangbang93.com', port=443): Max retries exceeded with url: /assets/4a/4a208cddefe51a2b1fd81a3de82b3e8c1977e299 (Caused by SSLError(OSError(24, 'Too many open files')))
2025-09-30 21:20:25,813 [WARNING] 网络连接错误: HTTPSConnectionPool(host='bmclapi2.bangbang93.com', port=443): Max retries exceeded with url: /assets/32/3270cf470710d8cbdeafe11e3e17448568f38b3c (Caused by SSLError(SSLEOFError(8, '[SSL: UNEXPECTED_EOF_WHILE_READING] EOF occurred in violation of protocol (_ssl.c:1028)')))
2025-09-30 21:20:25,814 [WARNING] 网络连接错误: HTTPSConnectionPool(host='bmclapi2.bangbang93.com', port=443): Max retries exceeded with url: /assets/f8/f8dabd3f3053aa45461a7e04e4428b25795172d7 (Caused by SSLError(SSLEOFError(8, '[SSL: UNEXPECTED_EOF_WHILE_READING] EOF occurred in violation of protocol (_ssl.c:1028)')))
2025-09-30 21:20:26,015 [WARNING] 网络连接错误: HTTPSConnectionPool(host='bmclapi2.bangbang93.com', port=443): Max retries exceeded with url: /assets/2e/2efa63676b53e391c7c184d739044880cf694fee (Caused by SSLError(SSLEOFError(8, '[SSL: UNEXPECTED_EOF_WHILE_READING] EOF occurred in violation of protocol (_ssl.c:1028)')))
2025-09-30 21:20:26,144 [INFO] 尝试使用HTTP协议: http://bmclapi2.bangbang93.com/assets/90/90a1ad51df9224dd1c0f9b45797d08c80ef88c9d
2025-09-30 21:20:26,145 [INFO] 尝试使用HTTP协议: http://bmclapi2.bangbang93.com/assets/a9/a923bb37ed00273cb70623f6ebb750d8aa701e52
2025-09-30 21:20:14,179 [WARNING] 网络连接错误: HTTPSConnectionPool(host='bmclapi2.bangbang93.com', port=443): Max retries exceeded with url: /assets/44/44bd337eda14f18dd7d5c3366b91a5cea7e34bc0 (Caused by SSLError(SSLEOFError(8, '[SSL: UNEXPECTED_EOF_WHILE_READING] EOF occurred in violation of protocol (_ssl.c:1028)')))
2025-09-30 21:20:26,149 [WARNING] 网络连接错误: HTTPSConnectionPool(host='bmclapi2.bangbang93.com', port=443): Max retries exceeded with url: /assets/03/03a1fcefc1224395d0c2b87525cdd17a270ed8f8 (Caused by SSLError(SSLEOFError(8, '[SSL: UNEXPECTED_EOF_WHILE_READING] EOF occurred in violation of protocol (_ssl.c:1028)')))
2025-09-30 21:20:26,149 [INFO] 尝试使用HTTP协议: http://bmclapi2.bangbang93.com/assets/91/911cf4d77ca2cfc7a4d5ffdb2c40554036cad5d1
2025-09-30 21:20:26,188 [WARNING] 网络连接错误: HTTPSConnectionPool(host='bmclapi2.bangbang93.com', port=443): Max retries exceeded with url: /assets/c5/c5b68eec5dd33613b1fe34a6fa80735d6301551c (Caused by SSLError(SSLEOFError(8, '[SSL: UNEXPECTED_EOF_WHILE_READING] EOF occurred in violation of protocol (_ssl.c:1028)')))
2025-09-30 21:20:26,191 [WARNING] 网络连接错误: HTTPSConnectionPool(host='bmclapi2.bangbang93.com', port=443): Max retries exceeded with url: /assets/3d/3d6144967801fcd05665f45768082dac5b4f36c9 (Caused by SSLError(SSLEOFError(8, '[SSL: UNEXPECTED_EOF_WHILE_READING] EOF occurred in violation of protocol (_ssl.c:1028)')))
2025-09-30 21:20:26,206 [INFO] 尝试使用HTTP协议: http://bmclapi2.bangbang93.com/assets/5c/5ca580ea624bc79ea0d0dbf1befca09d639956f9
2025-09-30 21:20:26,207 [WARNING] 网络连接错误: HTTPSConnectionPool(host='bmclapi2.bangbang93.com', port=443): Max retries exceeded with url: /assets/2a/2a15f0994223d6033f6450e5596eb8018c3fc1f5 (Caused by SSLError(SSLEOFError(8, '[SSL: UNEXPECTED_EOF_WHILE_READING] EOF occurred in violation of protocol (_ssl.c:1028)')))
2025-09-30 21:20:26,207 [INFO] 尝试使用HTTP协议: http://bmclapi2.bangbang93.com/assets/13/13c0edd0a66e783fbdc67d9a95ad2868f99d19dd
2025-09-30 21:20:26,207 [WARNING] 网络连接错误: HTTPSConnectionPool(host='bmclapi2.bangbang93.com', port=443): Max retries exceeded with url: /assets/c1/c1ac1e175c6455070b4540ff9d16a1d5f84dd7d8 (Caused by SSLError(SSLEOFError(8, '[SSL: UNEXPECTED_EOF_WHILE_READING] EOF occurred in violation of protocol (_ssl.c:1028)')))
2025-09-30 21:20:26,213 [WARNING] 网络连接错误: HTTPSConnectionPool(host='bmclapi2.bangbang93.com', port=443): Max retries exceeded with url: /assets/6b/6b2c846ec8ed094f959d6134058d689430a2d67b (Caused by SSLError(SSLEOFError(8, '[SSL: UNEXPECTED_EOF_WHILE_READING] EOF occurred in violation of protocol (_ssl.c:1028)')))
2025-09-30 21:20:26,475 [WARNING] 网络连接错误: HTTPSConnectionPool(host='bmclapi2.bangbang93.com', port=443): Max retries exceeded with url: /assets/ba/ba74bb7c15c3126ae596d2dbe829738f092cc685 (Caused by SSLError(SSLEOFError(8, '[SSL: UNEXPECTED_EOF_WHILE_READING] EOF occurred in violation of protocol (_ssl.c:1028)')))
2025-09-30 21:20:26,523 [INFO] 尝试使用HTTP协议: http://bmclapi2.bangbang93.com/assets/93/935038c6a2ce4547ea8e8deea051e57b9975024b
2025-09-30 21:20:26,628 [WARNING] 网络连接错误: HTTPSConnectionPool(host='bmclapi2.bangbang93.com', port=443): Max retries exceeded with url: /assets/88/881057fb4871a123565b52143d63e3763af5f19a (Caused by SSLError(SSLEOFError(8, '[SSL: UNEXPECTED_EOF_WHILE_READING] EOF occurred in violation of protocol (_ssl.c:1028)')))
2025-09-30 21:20:26,638 [WARNING] 网络连接错误: HTTPSConnectionPool(host='bmclapi2.bangbang93.com', port=443): Max retries exceeded with url: /assets/0a/0abd682271cda1a5513e57cea7cdbcf383893813 (Caused by SSLError(SSLEOFError(8, '[SSL: UNEXPECTED_EOF_WHILE_READING] EOF occurred in violation of protocol (_ssl.c:1028)')))
2025-09-30 21:20:26,729 [WARNING] 网络连接错误: HTTPSConnectionPool(host='bmclapi2.bangbang93.com', port=443): Max retries exceeded with url: /assets/4e/4e9240b0b53868110b26cd527e2dc852cb406895 (Caused by SSLError(SSLEOFError(8, '[SSL: UNEXPECTED_EOF_WHILE_READING] EOF occurred in violation of protocol (_ssl.c:1028)')))
2025-09-30 21:20:26,733 [WARNING] 网络连接错误: HTTPSConnectionPool(host='bmclapi2.bangbang93.com', port=443): Max retries exceeded with url: /assets/65/650523a255e0d62b2900f0b69556a176e329680e (Caused by SSLError(SSLEOFError(8, '[SSL: UNEXPECTED_EOF_WHILE_READING] EOF occurred in violation of protocol (_ssl.c:1028)')))
2025-09-30 21:20:26,786 [INFO] 尝试使用HTTP协议: http://bmclapi2.bangbang93.com/assets/63/639814aadec7da5d05e0af3a9dfb3e56a2751eeb
2025-09-30 21:20:26,809 [INFO] 尝试使用HTTP协议: http://bmclapi2.bangbang93.com/assets/1c/1c8c17a8e9f1cc1496a25bfd2fd2711e67ad6b20
2025-09-30 21:20:26,821 [INFO] 尝试使用HTTP协议: http://bmclapi2.bangbang93.com/assets/25/251c56cebe93887713e0a297b48bd0b154932a2d
2025-09-30 21:20:26,836 [INFO] 尝试使用HTTP协议: http://bmclapi2.bangbang93.com/assets/aa/aa8f9b3b48a5e5698e351603e88195a4bbf4e038
2025-09-30 21:20:26,850 [WARNING] 网络连接错误: HTTPSConnectionPool(host='bmclapi2.bangbang93.com', port=443): Max retries exceeded with url: /assets/ea/ea07abc11f8508d31b8e89386a4e2bb1bb602204 (Caused by SSLError(SSLEOFError(8, '[SSL: UNEXPECTED_EOF_WHILE_READING] EOF occurred in violation of protocol (_ssl.c:1028)')))
2025-09-30 21:20:14,631 [INFO] 尝试使用HTTP协议: http://bmclapi2.bangbang93.com/assets/d9/d9609b4a85d83ca70fb1ec0140437ed1c5539f50
2025-09-30 21:20:26,904 [INFO] 尝试使用HTTP协议: http://bmclapi2.bangbang93.com/assets/1e/1e8e2c38a9a16970094e4ad499440e77325c4f42
2025-09-30 21:20:27,133 [WARNING] 网络连接错误: HTTPSConnectionPool(host='bmclapi2.bangbang93.com', port=443): Max retries exceeded with url: /assets/2b/2be6e1d2d7b2ead3e934c1d0ffe22d0a9007f1ff (Caused by SSLError(SSLEOFError(8, '[SSL: UNEXPECTED_EOF_WHILE_READING] EOF occurred in violation of protocol (_ssl.c:1028)')))
2025-09-30 21:20:27,343 [WARNING] 网络连接错误: HTTPSConnectionPool(host='bmclapi2.bangbang93.com', port=443): Max retries exceeded with url: /assets/0b/0b7ee07685cfd9f79bad201a3298e836869fc047 (Caused by SSLError(SSLEOFError(8, '[SSL: UNEXPECTED_EOF_WHILE_READING] EOF occurred in violation of protocol (_ssl.c:1028)')))
2025-09-30 21:20:27,469 [WARNING] 网络连接错误: HTTPSConnectionPool(host='bmclapi2.bangbang93.com', port=443): Max retries exceeded with url: /assets/92/92c82d5dae46a4ce7c743580d50dbb71376dc0ab (Caused by SSLError(SSLEOFError(8, '[SSL: UNEXPECTED_EOF_WHILE_READING] EOF occurred in violation of protocol (_ssl.c:1028)')))
2025-09-30 21:20:27,495 [INFO] 尝试使用HTTP协议: http://bmclapi2.bangbang93.com/assets/58/58a7fc3f3c3396357f3a1386b8f25c428d6e7655
2025-09-30 21:20:27,529 [WARNING] 网络连接错误: HTTPSConnectionPool(host='bmclapi2.bangbang93.com', port=443): Max retries exceeded with url: /assets/d6/d691d8b12f320c6dde1edf27eea87db82b1d8a8f (Caused by SSLError(SSLEOFError(8, '[SSL: UNEXPECTED_EOF_WHILE_READING] EOF occurred in violation of protocol (_ssl.c:1028)')))
2025-09-30 21:20:27,530 [WARNING] 网络连接错误: HTTPSConnectionPool(host='bmclapi2.bangbang93.com', port=443): Max retries exceeded with url: /assets/2c/2c407f9ec146b242dc6b343faccbcd814a697f9b (Caused by SSLError(SSLEOFError(8, '[SSL: UNEXPECTED_EOF_WHILE_READING] EOF occurred in violation of protocol (_ssl.c:1028)')))
2025-09-30 21:20:27,559 [INFO] 尝试使用HTTP协议: http://bmclapi2.bangbang93.com/assets/62/6210466ea3b85499767bd003a7c0a091d46d6cf0
2025-09-30 21:20:27,585 [WARNING] 网络连接错误: HTTPSConnectionPool(host='bmclapi2.bangbang93.com', port=443): Max retries exceeded with url: /assets/42/421af59b08999afa060a848a27c2d6351eb87ac6 (Caused by SSLError(SSLEOFError(8, '[SSL: UNEXPECTED_EOF_WHILE_READING] EOF occurred in violation of protocol (_ssl.c:1028)')))
2025-09-30 21:20:14,939 [WARNING] HTTP协议也失败: HTTPSConnectionPool(host='bmclapi2.bangbang93.com', port=443): Max retries exceeded with url: /assets/a7/a7d1972892b6af701d00185354b4a2b94a370bcd (Caused by SSLError(OSError(24, 'Too many open files')))
2025-09-30 21:20:14,996 [WARNING] HTTP协议也失败: HTTPSConnectionPool(host='bmclapi2.bangbang93.com', port=443): Max retries exceeded with url: /assets/b2/b2c8cba192539a413bcf2cc86724f19fa843199a (Caused by SSLError(OSError(24, 'Too many open files')))
2025-09-30 21:20:27,609 [INFO] 尝试使用HTTP协议: http://bmclapi2.bangbang93.com/assets/bb/bb1455229d719bcb9a50bc739d3630a200d37fbb
2025-09-30 21:20:27,617 [INFO] 尝试使用HTTP协议: http://bmclapi2.bangbang93.com/assets/84/8439416a43efb373f1d54f2aa7d5c34ef2b7cda5
2025-09-30 21:20:15,061 [WARNING] 网络连接错误: HTTPSConnectionPool(host='bmclapi2.bangbang93.com', port=443): Max retries exceeded with url: /assets/59/59d8157fa79a96eb6557e4ff440aa7482edbbd52 (Caused by SSLError(SSLEOFError(8, '[SSL: UNEXPECTED_EOF_WHILE_READING] EOF occurred in violation of protocol (_ssl.c:1028)')))
2025-09-30 21:20:15,227 [WARNING] 网络连接错误: HTTPSConnectionPool(host='bmclapi2.bangbang93.com', port=443): Max retries exceeded with url: /assets/38/384931b89f622f9d55a4cd58cf8d328588b4de84 (Caused by SSLError(SSLEOFError(8, '[SSL: UNEXPECTED_EOF_WHILE_READING] EOF occurred in violation of protocol (_ssl.c:1028)')))
2025-09-30 21:20:28,076 [INFO] 尝试使用HTTP协议: http://bmclapi2.bangbang93.com/assets/25/25349bf71bc382c8168b7a6ec110cc982e1b0e70
2025-09-30 21:20:28,086 [INFO] 尝试使用HTTP协议: http://bmclapi2.bangbang93.com/assets/15/151df7faa5ba5614f7f86416d8ec683c7d9c0809
2025-09-30 21:20:28,086 [INFO] 尝试使用HTTP协议: http://bmclapi2.bangbang93.com/assets/4b/4b7a8bb552b47179761301bd7db481543e2404cf
2025-09-30 21:20:28,091 [WARNING] 网络连接错误: HTTPSConnectionPool(host='bmclapi2.bangbang93.com', port=443): Max retries exceeded with url: /assets/7d/7d7f7244a248dbf3b5db57aa2cde2d9d43e98b12 (Caused by SSLError(SSLEOFError(8, '[SSL: UNEXPECTED_EOF_WHILE_READING] EOF occurred in violation of protocol (_ssl.c:1028)')))
2025-09-30 21:20:28,233 [WARNING] 网络连接错误: HTTPSConnectionPool(host='bmclapi2.bangbang93.com', port=443): Max retries exceeded with url: /assets/cd/cd0e4757e4cbda0a5563feddbbcecada7f5fb3e8 (Caused by SSLError(SSLEOFError(8, '[SSL: UNEXPECTED_EOF_WHILE_READING] EOF occurred in violation of protocol (_ssl.c:1028)')))
2025-09-30 21:20:28,293 [WARNING] 网络连接错误: HTTPSConnectionPool(host='bmclapi2.bangbang93.com', port=443): Max retries exceeded with url: /assets/39/39122faf5c169baa901fd996dde41c3f29c20df0 (Caused by SSLError(SSLEOFError(8, '[SSL: UNEXPECTED_EOF_WHILE_READING] EOF occurred in violation of protocol (_ssl.c:1028)')))
2025-09-30 21:20:28,293 [WARNING] 网络连接错误: HTTPSConnectionPool(host='bmclapi2.bangbang93.com', port=443): Max retries exceeded with url: /assets/d7/d7edc70a0a6af1f241c2730869a74b83ece2c34b (Caused by SSLError(SSLEOFError(8, '[SSL: UNEXPECTED_EOF_WHILE_READING] EOF occurred in violation of protocol (_ssl.c:1028)')))
2025-09-30 21:20:28,294 [WARNING] 网络连接错误: HTTPSConnectionPool(host='bmclapi2.bangbang93.com', port=443): Max retries exceeded with url: /assets/5a/5ac7f5e586f1fdb4966cdb7e39c1b5989c52de9f (Caused by SSLError(SSLEOFError(8, '[SSL: UNEXPECTED_EOF_WHILE_READING] EOF occurred in violation of protocol (_ssl.c:1028)')))
2025-09-30 21:20:28,294 [WARNING] 网络连接错误: HTTPSConnectionPool(host='bmclapi2.bangbang93.com', port=443): Max retries exceeded with url: /assets/20/2036f59b02988afac9e39a96751ce24ab7edc3ea (Caused by SSLError(SSLEOFError(8, '[SSL: UNEXPECTED_EOF_WHILE_READING] EOF occurred in violation of protocol (_ssl.c:1028)')))
2025-09-30 21:20:08,044 [INFO] 尝试使用HTTP协议: http://bmclapi2.bangbang93.com/assets/0e/0e12cc9cb756d12674ea01ec28762c05d2ceca35
2025-09-30 21:20:28,393 [INFO] 尝试使用HTTP协议: http://bmclapi2.bangbang93.com/assets/5b/5bbea888cd1f9266630d8668a5e0eac0d3e534d8
2025-09-30 21:20:28,394 [WARNING] 网络连接错误: HTTPSConnectionPool(host='bmclapi2.bangbang93.com', port=443): Max retries exceeded with url: /assets/3d/3db046e681a9888135e84e20a3e009575be65c62 (Caused by SSLError(SSLEOFError(8, '[SSL: UNEXPECTED_EOF_WHILE_READING] EOF occurred in violation of protocol (_ssl.c:1028)')))
2025-09-30 21:20:15,459 [WARNING] 网络连接错误: HTTPSConnectionPool(host='bmclapi2.bangbang93.com', port=443): Max retries exceeded with url: /assets/fe/febbe68cf8ee59dad874785d4316b9eea1168163 (Caused by SSLError(OSError(24, 'Too many open files')))
2025-09-30 21:20:28,437 [INFO] 尝试使用HTTP协议: http://bmclapi2.bangbang93.com/assets/95/95d201f92ddfba80febb175d051a10073cfd629a
2025-09-30 21:20:15,570 [WARNING] 网络连接错误: HTTPSConnectionPool(host='bmclapi2.bangbang93.com', port=443): Max retries exceeded with url: /assets/ea/ea3cc7187d7c5b51c58bf3a6ffa70637901b7b98 (Caused by SSLError(OSError(24, 'Too many open files')))
2025-09-30 21:20:28,448 [INFO] 尝试使用HTTP协议: http://bmclapi2.bangbang93.com/assets/21/213cea011c25db98a5f98978ce93ed4d690d4122
2025-09-30 21:20:15,584 [WARNING] 网络连接错误: HTTPSConnectionPool(host='bmclapi2.bangbang93.com', port=443): Max retries exceeded with url: /assets/2c/2c71430f0cf03dfc9b8d6c72e3d36477210ef6fd (Caused by SSLError(OSError(24, 'Too many open files')))
2025-09-30 21:20:15,702 [WARNING] 网络连接错误: HTTPSConnectionPool(host='bmclapi2.bangbang93.com', port=443): Max retries exceeded with url: /assets/a5/a5335c2cf7877c146eee04e5b876ab0c01fe82d9 (Caused by SSLError(SSLEOFError(8, '[SSL: UNEXPECTED_EOF_WHILE_READING] EOF occurred in violation of protocol (_ssl.c:1028)')))
2025-09-30 21:20:28,464 [INFO] 尝试使用HTTP协议: http://bmclapi2.bangbang93.com/assets/ca/ca1eb376b8921d99953a48c1c5aee03e986d9996
2025-09-30 21:20:28,465 [INFO] 尝试使用HTTP协议: http://bmclapi2.bangbang93.com/assets/09/09fe6bf6b8c0c5912edec2d22874ef49820baab0
2025-09-30 21:20:28,466 [INFO] 尝试使用HTTP协议: http://bmclapi2.bangbang93.com/assets/d9/d93adf271c6f8b00aa7d1338033d22e5cb1a2259
2025-09-30 21:20:28,471 [WARNING] 网络连接错误: HTTPSConnectionPool(host='bmclapi2.bangbang93.com', port=443): Max retries exceeded with url: /assets/d5/d53e7fe1270c7c8e26f559bd38165c52de1ade68 (Caused by SSLError(SSLEOFError(8, '[SSL: UNEXPECTED_EOF_WHILE_READING] EOF occurred in violation of protocol (_ssl.c:1028)')))
2025-09-30 21:20:28,699 [WARNING] 网络连接错误: HTTPSConnectionPool(host='bmclapi2.bangbang93.com', port=443): Max retries exceeded with url: /assets/1f/1fa807cfaf7979026cf567fc706c58b301fc27ce (Caused by SSLError(SSLEOFError(8, '[SSL: UNEXPECTED_EOF_WHILE_READING] EOF occurred in violation of protocol (_ssl.c:1028)')))
2025-09-30 21:20:28,699 [WARNING] 网络连接错误: HTTPSConnectionPool(host='bmclapi2.bangbang93.com', port=443): Max retries exceeded with url: /assets/93/93b2ae9bffbbf94cc94999dbfff9cb58e3009488 (Caused by SSLError(SSLEOFError(8, '[SSL: UNEXPECTED_EOF_WHILE_READING] EOF occurred in violation of protocol (_ssl.c:1028)')))
2025-09-30 21:20:28,715 [WARNING] 网络连接错误: HTTPSConnectionPool(host='bmclapi2.bangbang93.com', port=443): Max retries exceeded with url: /assets/09/0903c8aab0bade3a30dedb87000543fa757a3830 (Caused by SSLError(SSLEOFError(8, '[SSL: UNEXPECTED_EOF_WHILE_READING] EOF occurred in violation of protocol (_ssl.c:1028)')))
2025-09-30 21:20:28,716 [WARNING] 网络连接错误: HTTPSConnectionPool(host='bmclapi2.bangbang93.com', port=443): Max retries exceeded with url: /assets/3d/3d30cf57e7ea8e8b3e94b7b1b6c21310c03fcf5d (Caused by SSLError(SSLEOFError(8, '[SSL: UNEXPECTED_EOF_WHILE_READING] EOF occurred in violation of protocol (_ssl.c:1028)')))
2025-09-30 21:20:28,716 [INFO] 尝试使用HTTP协议: http://bmclapi2.bangbang93.com/assets/62/62ce4ae83e9872a3c3febff4a98fc226282fb112
2025-09-30 21:20:28,716 [WARNING] 网络连接错误: HTTPSConnectionPool(host='bmclapi2.bangbang93.com', port=443): Max retries exceeded with url: /assets/90/90a690d7850c916b4aaed906be3730e761ebffa8 (Caused by SSLError(SSLEOFError(8, '[SSL: UNEXPECTED_EOF_WHILE_READING] EOF occurred in violation of protocol (_ssl.c:1028)')))
2025-09-30 21:20:28,722 [INFO] 尝试使用HTTP协议: http://bmclapi2.bangbang93.com/assets/f8/f88c75c9c2d8cee9a9678e6e92f02371ea3d754b
2025-09-30 21:20:28,919 [WARNING] 网络连接错误: HTTPSConnectionPool(host='bmclapi2.bangbang93.com', port=443): Max retries exceeded with url: /assets/d8/d8438a09f5dfe9a7bc4e0e6bb1d1827a4f226def (Caused by SSLError(SSLEOFError(8, '[SSL: UNEXPECTED_EOF_WHILE_READING] EOF occurred in violation of protocol (_ssl.c:1028)')))
2025-09-30 21:20:28,949 [WARNING] 网络连接错误: HTTPSConnectionPool(host='bmclapi2.bangbang93.com', port=443): Max retries exceeded with url: /assets/c3/c38af5d3701e9803aab0f5e67089a923c2f2c172 (Caused by SSLError(SSLEOFError(8, '[SSL: UNEXPECTED_EOF_WHILE_READING] EOF occurred in violation of protocol (_ssl.c:1028)')))
2025-09-30 21:20:28,970 [INFO] 尝试使用HTTP协议: http://bmclapi2.bangbang93.com/assets/66/66bb8badf84d28a31f4d7584bd1cde71addb20b2
2025-09-30 21:20:28,971 [WARNING] 网络连接错误: HTTPSConnectionPool(host='bmclapi2.bangbang93.com', port=443): Max retries exceeded with url: /assets/f1/f1551be173bda7327006a3eb106bb8244fd74893 (Caused by SSLError(SSLEOFError(8, '[SSL: UNEXPECTED_EOF_WHILE_READING] EOF occurred in violation of protocol (_ssl.c:1028)')))
2025-09-30 21:20:28,973 [WARNING] 网络连接错误: HTTPSConnectionPool(host='bmclapi2.bangbang93.com', port=443): Max retries exceeded with url: /assets/32/326134c1718d012006b6be1c02204b5e1865907f (Caused by SSLError(SSLEOFError(8, '[SSL: UNEXPECTED_EOF_WHILE_READING] EOF occurred in violation of protocol (_ssl.c:1028)')))
2025-09-30 21:20:28,996 [INFO] 尝试使用HTTP协议: http://bmclapi2.bangbang93.com/assets/1c/1cfbc7d97388508caa9df121fb41d7c2ff1897ff
2025-09-30 21:20:29,004 [WARNING] 网络连接错误: HTTPSConnectionPool(host='bmclapi2.bangbang93.com', port=443): Max retries exceeded with url: /assets/8b/8bef91a032873606b8e70be7a885448fbedf657c (Caused by SSLError(SSLEOFError(8, '[SSL: UNEXPECTED_EOF_WHILE_READING] EOF occurred in violation of protocol (_ssl.c:1028)')))
2025-09-30 21:20:29,029 [WARNING] 网络连接错误: HTTPSConnectionPool(host='bmclapi2.bangbang93.com', port=443): Max retries exceeded with url: /assets/5b/5b195c23a0e44177ef75975b5bf29c7315934908 (Caused by SSLError(SSLEOFError(8, '[SSL: UNEXPECTED_EOF_WHILE_READING] EOF occurred in violation of protocol (_ssl.c:1028)')))
2025-09-30 21:20:16,374 [WARNING] HTTP协议也失败: HTTPSConnectionPool(host='bmclapi2.bangbang93.com', port=443): Max retries exceeded with url: /assets/0c/0cfbbcc2a7658109bcd65ecc0208518803f4ba3e (Caused by SSLError(OSError(24, 'Too many open files')))
2025-09-30 21:20:29,060 [INFO] 尝试使用HTTP协议: http://bmclapi2.bangbang93.com/assets/ee/ee368242f57f021781e63d1f474720ac54257ac3
2025-09-30 21:20:29,060 [INFO] 尝试使用HTTP协议: http://bmclapi2.bangbang93.com/assets/f7/f7c536aa2bfa413058ff92547210ddea1e8ca194
2025-09-30 21:20:16,448 [INFO] 尝试使用HTTP协议: http://bmclapi2.bangbang93.com/assets/45/453cbf0d5f094078c2b5572c19d610874b2bf053
2025-09-30 21:20:16,592 [WARNING] 网络连接错误: HTTPSConnectionPool(host='bmclapi2.bangbang93.com', port=443): Max retries exceeded with url: /assets/74/74e8bb9c8c47da4916b971027dd78a2efe51430e (Caused by SSLError(OSError(24, 'Too many open files')))
2025-09-30 21:20:29,275 [INFO] 尝试使用HTTP协议: http://bmclapi2.bangbang93.com/assets/51/5117536be57b6df3e49b2a6ad9730b8096a65c2b
2025-09-30 21:20:29,276 [WARNING] 网络连接错误: HTTPSConnectionPool(host='bmclapi2.bangbang93.com', port=443): Max retries exceeded with url: /assets/55/556cab29343e57f6443848c8582d2de3ad81f64f (Caused by SSLError(SSLEOFError(8, '[SSL: UNEXPECTED_EOF_WHILE_READING] EOF occurred in violation of protocol (_ssl.c:1028)')))
2025-09-30 21:20:29,276 [INFO] 尝试使用HTTP协议: http://bmclapi2.bangbang93.com/assets/e7/e7818b52cd006008a7ee98f512067fde32fff0c6
2025-09-30 21:20:29,283 [WARNING] 网络连接错误: HTTPSConnectionPool(host='bmclapi2.bangbang93.com', port=443): Max retries exceeded with url: /assets/38/383d58430fbe460cf0a23adb7080bd1fd334b8a1 (Caused by SSLError(SSLEOFError(8, '[SSL: UNEXPECTED_EOF_WHILE_READING] EOF occurred in violation of protocol (_ssl.c:1028)')))
2025-09-30 21:20:29,283 [INFO] 尝试使用HTTP协议: http://bmclapi2.bangbang93.com/assets/74/74a120f19cc005c528a5561801369d528c26c13d
2025-09-30 21:20:29,283 [WARNING] 网络连接错误: HTTPSConnectionPool(host='bmclapi2.bangbang93.com', port=443): Max retries exceeded with url: /assets/19/1951d9003d62162a765700b587c573b109be7629 (Caused by SSLError(SSLEOFError(8, '[SSL: UNEXPECTED_EOF_WHILE_READING] EOF occurred in violation of protocol (_ssl.c:1028)')))
2025-09-30 21:20:29,283 [WARNING] 网络连接错误: HTTPSConnectionPool(host='bmclapi2.bangbang93.com', port=443): Max retries exceeded with url: /assets/18/1809f80cd813f57855f9c9c1a010f6d17dd4a649 (Caused by SSLError(SSLEOFError(8, '[SSL: UNEXPECTED_EOF_WHILE_READING] EOF occurred in violation of protocol (_ssl.c:1028)')))
2025-09-30 21:20:29,304 [WARNING] 网络连接错误: HTTPSConnectionPool(host='bmclapi2.bangbang93.com', port=443): Max retries exceeded with url: /assets/0d/0df1a7fadb71ab9a8aeb0e09631cde6812f02f07 (Caused by SSLError(SSLEOFError(8, '[SSL: UNEXPECTED_EOF_WHILE_READING] EOF occurred in violation of protocol (_ssl.c:1028)')))
2025-09-30 21:20:29,315 [WARNING] 网络连接错误: HTTPSConnectionPool(host='bmclapi2.bangbang93.com', port=443): Max retries exceeded with url: /assets/e4/e4f2f698a6281c7d85f72363525655628e3d4d1b (Caused by SSLError(SSLEOFError(8, '[SSL: UNEXPECTED_EOF_WHILE_READING] EOF occurred in violation of protocol (_ssl.c:1028)')))
2025-09-30 21:20:29,415 [WARNING] 网络连接错误: HTTPSConnectionPool(host='bmclapi2.bangbang93.com', port=443): Max retries exceeded with url: /assets/39/394ca943ee0678d13066531663fab6f1f41aea80 (Caused by SSLError(SSLEOFError(8, '[SSL: UNEXPECTED_EOF_WHILE_READING] EOF occurred in violation of protocol (_ssl.c:1028)')))
2025-09-30 21:20:29,468 [INFO] 尝试使用HTTP协议: http://bmclapi2.bangbang93.com/assets/96/962f5a528dd2a5beaf80233b88fc412acc517aeb
2025-09-30 21:20:29,571 [INFO] 尝试使用HTTP协议: http://bmclapi2.bangbang93.com/assets/15/1591058de3128b8a44b8beab1a17ad63ba17301a
2025-09-30 21:20:29,571 [WARNING] 网络连接错误: HTTPSConnectionPool(host='bmclapi2.bangbang93.com', port=443): Max retries exceeded with url: /assets/d7/d74905f08eb52b11055eb29dd159184dba5150a7 (Caused by SSLError(SSLEOFError(8, '[SSL: UNEXPECTED_EOF_WHILE_READING] EOF occurred in violation of protocol (_ssl.c:1028)')))
2025-09-30 21:20:29,664 [INFO] 尝试使用HTTP协议: http://bmclapi2.bangbang93.com/assets/2e/2e505c6bd1a299c567e0f20f28fd8a3ddf3072a9
2025-09-30 21:20:29,689 [INFO] 尝试使用HTTP协议: http://bmclapi2.bangbang93.com/assets/3c/3c636ebfa3a1540c450e3b16bd8ddd25cc086723
2025-09-30 21:20:29,691 [WARNING] 网络连接错误: HTTPSConnectionPool(host='bmclapi2.bangbang93.com', port=443): Max retries exceeded with url: /assets/70/70a886ff5dc8f49c87d42ccd766c5d17b3df1013 (Caused by SSLError(SSLEOFError(8, '[SSL: UNEXPECTED_EOF_WHILE_READING] EOF occurred in violation of protocol (_ssl.c:1028)')))
2025-09-30 21:20:29,787 [INFO] 尝试使用HTTP协议: http://bmclapi2.bangbang93.com/assets/1d/1d38d387f662e11899756c5c41db05edf2eb241d
2025-09-30 21:20:29,858 [INFO] 尝试使用HTTP协议: http://bmclapi2.bangbang93.com/assets/f1/f1ccbee7c2633399fce0b0b447de975938b76119
2025-09-30 21:20:29,980 [WARNING] 网络连接错误: HTTPSConnectionPool(host='bmclapi2.bangbang93.com', port=443): Max retries exceeded with url: /assets/9e/9ea6c70cbb191c25a6572817339699ad88743877 (Caused by SSLError(SSLEOFError(8, '[SSL: UNEXPECTED_EOF_WHILE_READING] EOF occurred in violation of protocol (_ssl.c:1028)')))
2025-09-30 21:20:17,689 [WARNING] 网络连接错误: HTTPSConnectionPool(host='bmclapi2.bangbang93.com', port=443): Max retries exceeded with url: /assets/9d/9d019d55711de8f310cfd167852a7298ca8a052e (Caused by SSLError(SSLEOFError(8, '[SSL: UNEXPECTED_EOF_WHILE_READING] EOF occurred in violation of protocol (_ssl.c:1028)')))
2025-09-30 21:20:30,016 [WARNING] 网络连接错误: HTTPSConnectionPool(host='bmclapi2.bangbang93.com', port=443): Max retries exceeded with url: /assets/81/81c82bfaf8a5222a6f13a4256ad08acfa71cde70 (Caused by SSLError(SSLEOFError(8, '[SSL: UNEXPECTED_EOF_WHILE_READING] EOF occurred in violation of protocol (_ssl.c:1028)')))
2025-09-30 21:20:30,016 [INFO] 尝试使用HTTP协议: http://bmclapi2.bangbang93.com/assets/fc/fc857c1990d4bc7c157f4f8367ca4af0bd6168a2
2025-09-30 21:20:30,129 [INFO] 尝试使用HTTP协议: http://bmclapi2.bangbang93.com/assets/44/4430e15a4d60083b9a1479beafd80ef132a651e3
2025-09-30 21:20:30,174 [INFO] 尝试使用HTTP协议: http://bmclapi2.bangbang93.com/assets/55/550e94017979ac5c20c587edab0024192acbc278
2025-09-30 21:20:30,176 [WARNING] 网络连接错误: HTTPSConnectionPool(host='bmclapi2.bangbang93.com', port=443): Max retries exceeded with url: /assets/d7/d74d2fee6daa8276531e4a34d643a00decbe54bc (Caused by SSLError(SSLEOFError(8, '[SSL: UNEXPECTED_EOF_WHILE_READING] EOF occurred in violation of protocol (_ssl.c:1028)')))
2025-09-30 21:20:30,292 [WARNING] 网络连接错误: HTTPSConnectionPool(host='bmclapi2.bangbang93.com', port=443): Max retries exceeded with url: /assets/c6/c603db5c082e803c30e5fef555777143f96fcef9 (Caused by SSLError(SSLEOFError(8, '[SSL: UNEXPECTED_EOF_WHILE_READING] EOF occurred in violation of protocol (_ssl.c:1028)')))
2025-09-30 21:20:30,487 [WARNING] 网络连接错误: HTTPSConnectionPool(host='bmclapi2.bangbang93.com', port=443): Max retries exceeded with url: /assets/d4/d488a658e985008dc1294fcac50f1b7a2f5e4344 (Caused by SSLError(SSLEOFError(8, '[SSL: UNEXPECTED_EOF_WHILE_READING] EOF occurred in violation of protocol (_ssl.c:1028)')))
2025-09-30 21:20:30,533 [WARNING] 网络连接错误: HTTPSConnectionPool(host='bmclapi2.bangbang93.com', port=443): Max retries exceeded with url: /assets/3f/3fc2112817cc025c93eb95cc1d0becf1b963b90d (Caused by SSLError(SSLEOFError(8, '[SSL: UNEXPECTED_EOF_WHILE_READING] EOF occurred in violation of protocol (_ssl.c:1028)')))
2025-09-30 21:20:30,656 [WARNING] 网络连接错误: HTTPSConnectionPool(host='bmclapi2.bangbang93.com', port=443): Max retries exceeded with url: /assets/0d/0dd9b4f8824ec7e7ad8a2f771f6affd591f6d091 (Caused by SSLError(SSLEOFError(8, '[SSL: UNEXPECTED_EOF_WHILE_READING] EOF occurred in violation of protocol (_ssl.c:1028)')))
2025-09-30 21:20:17,789 [WARNING] 网络连接错误: HTTPSConnectionPool(host='bmclapi2.bangbang93.com', port=443): Max retries exceeded with url: /assets/b8/b841029b8b8f260f0f5fe6032e5e163330bf80ab (Caused by SSLError(OSError(24, 'Too many open files')))
2025-09-30 21:20:30,917 [WARNING] 网络连接错误: HTTPSConnectionPool(host='bmclapi2.bangbang93.com', port=443): Max retries exceeded with url: /assets/aa/aaa59e56572f20d1d9d80bffe36d3b362cc6f180 (Caused by SSLError(SSLEOFError(8, '[SSL: UNEXPECTED_EOF_WHILE_READING] EOF occurred in violation of protocol (_ssl.c:1028)')))
2025-09-30 21:20:30,987 [WARNING] 网络连接错误: HTTPSConnectionPool(host='bmclapi2.bangbang93.com', port=443): Max retries exceeded with url: /assets/a6/a60f0eb2578fb8ab48b93a62c747a8d1c8597cca (Caused by SSLError(SSLEOFError(8, '[SSL: UNEXPECTED_EOF_WHILE_READING] EOF occurred in violation of protocol (_ssl.c:1028)')))
2025-09-30 21:20:18,091 [INFO] 尝试使用HTTP协议: http://bmclapi2.bangbang93.com/assets/bd/bd3df414a62eeb543b2e6ff2ee3ecad44412875a
2025-09-30 21:20:31,057 [WARNING] 网络连接错误: HTTPSConnectionPool(host='bmclapi2.bangbang93.com', port=443): Max retries exceeded with url: /assets/68/6882f98957c6ca466de5ca61a7bf8ab087d0be1e (Caused by SSLError(SSLEOFError(8, '[SSL: UNEXPECTED_EOF_WHILE_READING] EOF occurred in violation of protocol (_ssl.c:1028)')))
2025-09-30 21:20:31,112 [INFO] 尝试使用HTTP协议: http://bmclapi2.bangbang93.com/assets/c4/c40aea24787b7cce0c7fbcf950cc00e3f4c83ae5
2025-09-30 21:20:18,431 [WARNING] 网络连接错误: HTTPSConnectionPool(host='bmclapi2.bangbang93.com', port=443): Max retries exceeded with url: /assets/42/42204ac4fdac2c5631106a251ec38626351320c9 (Caused by SSLError(SSLEOFError(8, '[SSL: UNEXPECTED_EOF_WHILE_READING] EOF occurred in violation of protocol (_ssl.c:1028)')))
2025-09-30 21:20:31,285 [WARNING] 网络连接错误: HTTPSConnectionPool(host='bmclapi2.bangbang93.com', port=443): Max retries exceeded with url: /assets/95/951bd24d521e7466557f50220af188f5d0d2d4c7 (Caused by SSLError(SSLEOFError(8, '[SSL: UNEXPECTED_EOF_WHILE_READING] EOF occurred in violation of protocol (_ssl.c:1028)')))
2025-09-30 21:20:31,343 [INFO] 尝试使用HTTP协议: http://bmclapi2.bangbang93.com/assets/b7/b7c85be9fd490e33bdad516b08d9b13bc2021e5b
2025-09-30 21:20:31,366 [INFO] 尝试使用HTTP协议: http://bmclapi2.bangbang93.com/assets/5c/5c2c1396d025b31899e64170c0d68b5aaa5bcf95
2025-09-30 21:20:31,394 [INFO] 尝试使用HTTP协议: http://bmclapi2.bangbang93.com/assets/a0/a02ee345cc7a7cc2afb6ea0a368b097e3e477608
2025-09-30 21:20:31,396 [WARNING] 网络连接错误: HTTPSConnectionPool(host='bmclapi2.bangbang93.com', port=443): Max retries exceeded with url: /assets/47/477cf5979094e0512e27d8e94e8b2ba98a479813 (Caused by SSLError(SSLEOFError(8, '[SSL: UNEXPECTED_EOF_WHILE_READING] EOF occurred in violation of protocol (_ssl.c:1028)')))
2025-09-30 21:20:31,416 [INFO] 尝试使用HTTP协议: http://bmclapi2.bangbang93.com/assets/88/88d1ff9da5f9661168b3591273e0e153af1878a9
2025-09-30 21:20:31,423 [INFO] 尝试使用HTTP协议: http://bmclapi2.bangbang93.com/assets/21/219dd8d77204b36d8d45367f18f978c987a157d7
2025-09-30 21:20:31,462 [WARNING] 网络连接错误: HTTPSConnectionPool(host='bmclapi2.bangbang93.com', port=443): Max retries exceeded with url: /assets/c3/c3b01e40dcc6d8e4d3e5665a3ae27e40c0cce082 (Caused by SSLError(SSLEOFError(8, '[SSL: UNEXPECTED_EOF_WHILE_READING] EOF occurred in violation of protocol (_ssl.c:1028)')))
2025-09-30 21:20:31,462 [INFO] 尝试使用HTTP协议: http://bmclapi2.bangbang93.com/assets/80/80192b06c08980d15a933ee0aa1c7eba5bd9c110
2025-09-30 21:20:31,516 [WARNING] 网络连接错误: HTTPSConnectionPool(host='bmclapi2.bangbang93.com', port=443): Max retries exceeded with url: /assets/49/496400b98474a0dc6769033fc8fe3db922549e8d (Caused by SSLError(SSLEOFError(8, '[SSL: UNEXPECTED_EOF_WHILE_READING] EOF occurred in violation of protocol (_ssl.c:1028)')))
2025-09-30 21:20:31,638 [INFO] 尝试使用HTTP协议: http://bmclapi2.bangbang93.com/assets/6e/6e3522c6dfd94911fab8b194f2ac3250c7465cae
2025-09-30 21:20:31,663 [INFO] 尝试使用HTTP协议: http://bmclapi2.bangbang93.com/assets/67/677f59ed8b7946e34cd99ce7192bd11c1afdc27a
2025-09-30 21:20:31,727 [INFO] 尝试使用HTTP协议: http://bmclapi2.bangbang93.com/assets/45/4540a415cc3e1413a09b54fbfcf9cb1c3c48a357
2025-09-30 21:20:31,729 [INFO] 尝试使用HTTP协议: http://bmclapi2.bangbang93.com/assets/f4/f418af29b5bcd1cfcb7351db09d8b419be68d628
2025-09-30 21:20:31,730 [INFO] 尝试使用HTTP协议: http://bmclapi2.bangbang93.com/assets/47/47255d133c0535c1be709132c54fa21b807a77f2
2025-09-30 21:20:31,829 [INFO] 尝试使用HTTP协议: http://bmclapi2.bangbang93.com/assets/f9/f9758cb569fb20fe29e437112458f445d8ed5080
2025-09-30 21:20:31,830 [INFO] 尝试使用HTTP协议: http://bmclapi2.bangbang93.com/assets/59/59d9086078d62a1c254f376efdc9563e99f6f9ec
2025-09-30 21:20:31,836 [INFO] 尝试使用HTTP协议: http://bmclapi2.bangbang93.com/assets/64/64b957ed6cb8e25f645cf3edd16df2dd83c04cb6
2025-09-30 21:20:31,844 [INFO] 尝试使用HTTP协议: http://bmclapi2.bangbang93.com/assets/e7/e7a858535966f99659d374f47c291ace24376c21
2025-09-30 21:20:20,871 [WARNING] 网络连接错误: HTTPSConnectionPool(host='bmclapi2.bangbang93.com', port=443): Max retries exceeded with url: /assets/fe/feeee313beb55cf6d45b2f99c1bc23ec0a748cd9 (Caused by SSLError(SSLEOFError(8, '[SSL: UNEXPECTED_EOF_WHILE_READING] EOF occurred in violation of protocol (_ssl.c:1028)')))
2025-09-30 21:20:20,871 [WARNING] 网络连接错误: HTTPSConnectionPool(host='bmclapi2.bangbang93.com', port=443): Max retries exceeded with url: /assets/64/642f4aec0fc60f20be24669dbca6e70bb69f26bb (Caused by SSLError(SSLEOFError(8, '[SSL: UNEXPECTED_EOF_WHILE_READING] EOF occurred in violation of protocol (_ssl.c:1028)')))
2025-09-30 21:20:31,983 [WARNING] 网络连接错误: HTTPSConnectionPool(host='bmclapi2.bangbang93.com', port=443): Max retries exceeded with url: /assets/a9/a9dba324533068db41ed3a469ccb47cd8059fcdc (Caused by SSLError(SSLEOFError(8, '[SSL: UNEXPECTED_EOF_WHILE_READING] EOF occurred in violation of protocol (_ssl.c:1028)')))
2025-09-30 21:20:32,127 [INFO] 尝试使用HTTP协议: http://bmclapi2.bangbang93.com/assets/e2/e22edffc8b879d8f042010b237d13247f17d5552
2025-09-30 21:20:32,185 [WARNING] 网络连接错误: HTTPSConnectionPool(host='bmclapi2.bangbang93.com', port=443): Max retries exceeded with url: /assets/51/51e0ac658961510dedc7d09a55d6a9fd9ab08497 (Caused by SSLError(SSLEOFError(8, '[SSL: UNEXPECTED_EOF_WHILE_READING] EOF occurred in violation of protocol (_ssl.c:1028)')))
2025-09-30 21:20:20,872 [WARNING] 网络连接错误: HTTPSConnectionPool(host='bmclapi2.bangbang93.com', port=443): Max retries exceeded with url: /assets/b7/b74799d114c708694773ecabb007647c99973f35 (Caused by SSLError(SSLEOFError(8, '[SSL: UNEXPECTED_EOF_WHILE_READING] EOF occurred in violation of protocol (_ssl.c:1028)')))
2025-09-30 21:20:32,235 [WARNING] 网络连接错误: HTTPSConnectionPool(host='bmclapi2.bangbang93.com', port=443): Max retries exceeded with url: /assets/9b/9b53041a543fdbd0f219a9a0bb378a6ed5103f82 (Caused by SSLError(SSLEOFError(8, '[SSL: UNEXPECTED_EOF_WHILE_READING] EOF occurred in violation of protocol (_ssl.c:1028)')))
2025-09-30 21:20:21,082 [WARNING] 网络连接错误: HTTPSConnectionPool(host='bmclapi2.bangbang93.com', port=443): Max retries exceeded with url: /assets/72/72b41d4c91dfb780106fa98639e180c86b744886 (Caused by SSLError(SSLEOFError(8, '[SSL: UNEXPECTED_EOF_WHILE_READING] EOF occurred in violation of protocol (_ssl.c:1028)')))
2025-09-30 21:20:32,429 [INFO] 尝试使用HTTP协议: http://bmclapi2.bangbang93.com/assets/df/df66fe44f72c6d59fa9eaa61535755272007b094
2025-09-30 21:20:21,191 [WARNING] 网络连接错误: HTTPSConnectionPool(host='bmclapi2.bangbang93.com', port=443): Max retries exceeded with url: /assets/08/08adfcd8425cfa0afe29f5d05ab336186acd8ce5 (Caused by SSLError(SSLEOFError(8, '[SSL: UNEXPECTED_EOF_WHILE_READING] EOF occurred in violation of protocol (_ssl.c:1028)')))
2025-09-30 21:20:32,552 [INFO] 尝试使用HTTP协议: http://bmclapi2.bangbang93.com/assets/2a/2aa5a5c53aa0e5722d1804a085cbcb5a705c524c
2025-09-30 21:20:32,557 [INFO] 尝试使用HTTP协议: http://bmclapi2.bangbang93.com/assets/84/84680f16139f2d2ea3d6ac5276db83dae01efa87
2025-09-30 21:20:21,193 [WARNING] 网络连接错误: HTTPSConnectionPool(host='bmclapi2.bangbang93.com', port=443): Max retries exceeded with url: /assets/67/670e5884cdb3f5ef4ff33f175c278994d097993d (Caused by SSLError(SSLEOFError(8, '[SSL: UNEXPECTED_EOF_WHILE_READING] EOF occurred in violation of protocol (_ssl.c:1028)')))
2025-09-30 21:20:32,562 [INFO] 尝试使用HTTP协议: http://bmclapi2.bangbang93.com/assets/65/6571f0d5bc3f62a19308fd040ba0da11a0fa59c1
2025-09-30 21:20:32,694 [WARNING] 网络连接错误: HTTPSConnectionPool(host='bmclapi2.bangbang93.com', port=443): Max retries exceeded with url: /assets/78/78ac79c9818b1d67229d845d5a4e3ee6e61d6d8e (Caused by SSLError(SSLEOFError(8, '[SSL: UNEXPECTED_EOF_WHILE_READING] EOF occurred in violation of protocol (_ssl.c:1028)')))
2025-09-30 21:20:32,694 [INFO] 尝试使用HTTP协议: http://bmclapi2.bangbang93.com/assets/6e/6ec39e921a301681ecad0e067df2ddc953d1bd4f
2025-09-30 21:20:32,702 [INFO] 尝试使用HTTP协议: http://bmclapi2.bangbang93.com/assets/e2/e2439eb75ea3b48581aa55b858d1fd4dd98e8d7d
2025-09-30 21:20:32,702 [INFO] 尝试使用HTTP协议: http://bmclapi2.bangbang93.com/assets/4e/4ecb43cdcadf266fd37297ac795f591fdd5b169f
2025-09-30 21:20:33,009 [INFO] 尝试使用HTTP协议: http://bmclapi2.bangbang93.com/assets/e1/e1786efc1dbae614b055a47779c3a3ebdd0453d8
2025-09-30 21:20:33,076 [INFO] 尝试使用HTTP协议: http://bmclapi2.bangbang93.com/assets/db/db59b1210639639858f43ac512fd118659944388
2025-09-30 21:20:11,024 [WARNING] HTTP协议也失败: HTTPSConnectionPool(host='bmclapi2.bangbang93.com', port=443): Max retries exceeded with url: /assets/ba/bafb15c3d188e1425c0b6428551a14d16b320d9c (Caused by SSLError(OSError(24, 'Too many open files')))
2025-09-30 21:20:33,174 [WARNING] 网络连接错误: HTTPSConnectionPool(host='bmclapi2.bangbang93.com', port=443): Max retries exceeded with url: /assets/96/964d2e9bf8294d6d271648c03a8da7c9f7b12a91 (Caused by SSLError(SSLEOFError(8, '[SSL: UNEXPECTED_EOF_WHILE_READING] EOF occurred in violation of protocol (_ssl.c:1028)')))
2025-09-30 21:20:33,183 [INFO] 尝试使用HTTP协议: http://bmclapi2.bangbang93.com/assets/9d/9d2969618da9501c1fbc40af6e775c23ca23c5b1
2025-09-30 21:20:33,186 [WARNING] 网络连接错误: HTTPSConnectionPool(host='bmclapi2.bangbang93.com', port=443): Max retries exceeded with url: /assets/56/561ec373e0556b34e1cebc647a44df39339a6b7d (Caused by SSLError(SSLEOFError(8, '[SSL: UNEXPECTED_EOF_WHILE_READING] EOF occurred in violation of protocol (_ssl.c:1028)')))
2025-09-30 21:20:21,291 [INFO] 尝试使用HTTP协议: http://bmclapi2.bangbang93.com/assets/1e/1e59394b78c6dccb6f428c5b70dbf67802afc866
2025-09-30 21:20:21,373 [INFO] 尝试使用HTTP协议: http://bmclapi2.bangbang93.com/assets/4a/4affb685bfbfd9aeef1998e9d711e6014c5563f5
2025-09-30 21:20:11,041 [INFO] 尝试使用HTTP协议: http://bmclapi2.bangbang93.com/assets/69/69796b6a75b37d44654dc128f4bd8cd1e8f57621
2025-09-30 21:20:33,388 [WARNING] 网络连接错误: HTTPSConnectionPool(host='bmclapi2.bangbang93.com', port=443): Max retries exceeded with url: /assets/af/af7899a8835e361d8205580f1baf234f07354e5c (Caused by SSLError(SSLEOFError(8, '[SSL: UNEXPECTED_EOF_WHILE_READING] EOF occurred in violation of protocol (_ssl.c:1028)')))
2025-09-30 21:20:33,389 [INFO] 尝试使用HTTP协议: http://bmclapi2.bangbang93.com/assets/4b/4b01bb0855e33b81ba104d0c94fdad473ddff3b7
2025-09-30 21:20:33,572 [WARNING] 网络连接错误: HTTPSConnectionPool(host='bmclapi2.bangbang93.com', port=443): Max retries exceeded with url: /assets/cc/cc9085f74264c2fa0ed864c107cc99a77565ea03 (Caused by SSLError(SSLEOFError(8, '[SSL: UNEXPECTED_EOF_WHILE_READING] EOF occurred in violation of protocol (_ssl.c:1028)')))
2025-09-30 21:20:33,718 [WARNING] 网络连接错误: HTTPSConnectionPool(host='bmclapi2.bangbang93.com', port=443): Max retries exceeded with url: /assets/86/86082b956f8f548dc909ff4bcb5a2f729c65397e (Caused by SSLError(SSLEOFError(8, '[SSL: UNEXPECTED_EOF_WHILE_READING] EOF occurred in violation of protocol (_ssl.c:1028)')))
2025-09-30 21:20:21,956 [WARNING] 网络连接错误: HTTPSConnectionPool(host='bmclapi2.bangbang93.com', port=443): Max retries exceeded with url: /assets/72/722f551cfab940a7cd04dc19fe7ea9faf9a7a2a5 (Caused by SSLError(SSLEOFError(8, '[SSL: UNEXPECTED_EOF_WHILE_READING] EOF occurred in violation of protocol (_ssl.c:1028)')))
2025-09-30 21:20:33,928 [INFO] 尝试使用HTTP协议: http://bmclapi2.bangbang93.com/assets/71/71cb911b1991fb44d04c23358b3aca48d9b690f9
2025-09-30 21:20:22,239 [INFO] 尝试使用HTTP协议: http://bmclapi2.bangbang93.com/assets/0c/0cac3b2fbb284e5121e8062b8a08f81b9eb4b53d
2025-09-30 21:20:34,256 [INFO] 尝试使用HTTP协议: http://bmclapi2.bangbang93.com/assets/b1/b15208bfec9342137bfdbb3b1aa90c8c59fdbb12
2025-09-30 21:20:34,256 [INFO] 尝试使用HTTP协议: http://bmclapi2.bangbang93.com/assets/5c/5c952648ebfc26241c9a5eccf4df06926b88d2e4
2025-09-30 21:20:34,278 [INFO] 尝试使用HTTP协议: http://bmclapi2.bangbang93.com/assets/33/33663d0e28e32f7bbc75ad3ce76f92824e6dee20
2025-09-30 21:20:34,291 [INFO] 尝试使用HTTP协议: http://bmclapi2.bangbang93.com/assets/0e/0e93efa70b9b8b2d4edd719b498b9c9c834a3832
2025-09-30 21:20:34,397 [INFO] 尝试使用HTTP协议: http://bmclapi2.bangbang93.com/assets/55/555df6c41d133feea389a48ba76f00f37460b5f0
2025-09-30 21:20:46,553 [INFO] 尝试使用HTTP协议: http://bmclapi2.bangbang93.com/assets/c1/c1cf9cd1fa97cb04795683a80959be56b5a08374
2025-09-30 21:20:22,993 [WARNING] 网络连接错误: HTTPSConnectionPool(host='bmclapi2.bangbang93.com', port=443): Max retries exceeded with url: /assets/ff/ff70366cf4a0a96784e0b106d1fba62c55dc9bcc (Caused by SSLError(SSLEOFError(8, '[SSL: UNEXPECTED_EOF_WHILE_READING] EOF occurred in violation of protocol (_ssl.c:1028)')))
2025-09-30 21:20:34,463 [WARNING] 网络连接错误: HTTPSConnectionPool(host='bmclapi2.bangbang93.com', port=443): Max retries exceeded with url: /assets/f8/f856295d6812e739fbdf42056f3e1814cf2a76ab (Caused by SSLError(OSError(24, 'Too many open files')))
2025-09-30 21:20:34,464 [INFO] 尝试使用HTTP协议: http://bmclapi2.bangbang93.com/assets/b6/b66b02ae251364316a87c04d23ce0818818456a9
2025-09-30 21:20:34,464 [INFO] 尝试使用HTTP协议: http://bmclapi2.bangbang93.com/assets/17/17f1204d0875e4bbd46240a9339411a3c667ea03
2025-09-30 21:20:34,464 [INFO] 尝试使用HTTP协议: http://bmclapi2.bangbang93.com/assets/24/24fdff18debd1596bdbe45bb4cfe076ef6c4d5b9
2025-09-30 21:20:34,464 [INFO] 尝试使用HTTP协议: http://bmclapi2.bangbang93.com/assets/28/288152797238fee61acb9c8e93aacb7728be8104
2025-09-30 21:20:34,464 [INFO] 尝试使用HTTP协议: http://bmclapi2.bangbang93.com/assets/fe/fe1de3c384b47f8ea46120a90c020adbfe913819
2025-09-30 21:20:23,460 [WARNING] 网络连接错误: HTTPSConnectionPool(host='bmclapi2.bangbang93.com', port=443): Max retries exceeded with url: /assets/58/58dd568a1d69b7365c33a06d5b54d1b70de0134e (Caused by SSLError(SSLEOFError(8, '[SSL: UNEXPECTED_EOF_WHILE_READING] EOF occurred in violation of protocol (_ssl.c:1028)')))
2025-09-30 21:20:34,466 [INFO] 尝试使用HTTP协议: http://bmclapi2.bangbang93.com/assets/b9/b9c97543573aea0b796303d4e51a2268dcbf0626
2025-09-30 21:20:34,466 [INFO] 尝试使用HTTP协议: http://bmclapi2.bangbang93.com/assets/10/10a00a20070ca5ea3b8151c7d5a8f4ce84f05998
2025-09-30 21:20:23,016 [WARNING] 网络连接错误: HTTPSConnectionPool(host='bmclapi2.bangbang93.com', port=443): Max retries exceeded with url: /assets/4e/4ecb1cb31b563bbce5dc4867fa68032e9f5f7e0f (Caused by SSLError(SSLEOFError(8, '[SSL: UNEXPECTED_EOF_WHILE_READING] EOF occurred in violation of protocol (_ssl.c:1028)')))
2025-09-30 21:20:23,189 [INFO] 尝试使用HTTP协议: http://bmclapi2.bangbang93.com/assets/17/17e416c1edb242639b5582dee23f1e82f024e8f2
2025-09-30 21:20:23,257 [INFO] 尝试使用HTTP协议: http://bmclapi2.bangbang93.com/assets/54/54151fe9a4bc01de2a3647d8e8f8babcb2c725d8
2025-09-30 21:20:11,771 [WARNING] 网络连接错误: HTTPSConnectionPool(host='bmclapi2.bangbang93.com', port=443): Max retries exceeded with url: /assets/ab/ab38a0de64c27de16e3268d86339b100665f31ed (Caused by SSLError(SSLEOFError(8, '[SSL: UNEXPECTED_EOF_WHILE_READING] EOF occurred in violation of protocol (_ssl.c:1028)')))
2025-09-30 21:20:23,507 [WARNING] 网络连接错误: HTTPSConnectionPool(host='bmclapi2.bangbang93.com', port=443): Max retries exceeded with url: /assets/97/979e158a9c798c2cb3fd6b83a675d3029795b1f7 (Caused by SSLError(SSLEOFError(8, '[SSL: UNEXPECTED_EOF_WHILE_READING] EOF occurred in violation of protocol (_ssl.c:1028)')))
2025-09-30 21:20:23,508 [INFO] 尝试使用HTTP协议: http://bmclapi2.bangbang93.com/assets/33/33b5165a6883700a99cf2061a9801f65ce28620c
2025-09-30 21:20:34,497 [INFO] 尝试使用HTTP协议: http://bmclapi2.bangbang93.com/assets/b7/b7c8f20c690b6e74e665979afad90d13622507c4
2025-09-30 21:20:34,498 [INFO] 尝试使用HTTP协议: http://bmclapi2.bangbang93.com/assets/d1/d1d06273f32c192232342d42c37eb44df42ccb39
2025-09-30 21:20:34,504 [INFO] 尝试使用HTTP协议: http://bmclapi2.bangbang93.com/assets/bd/bdda303d3448d7c3d0db185515fb2ac9c4923470
2025-09-30 21:20:34,530 [INFO] 尝试使用HTTP协议: http://bmclapi2.bangbang93.com/assets/d0/d049b28fc3ed2248fe64722a6c3bf804609bb306
2025-09-30 21:20:34,530 [INFO] 尝试使用HTTP协议: http://bmclapi2.bangbang93.com/assets/ba/ba2ba79529033573f178e585e77c44c513a8f579
2025-09-30 21:20:34,584 [WARNING] HTTP协议也失败: HTTPSConnectionPool(host='bmclapi2.bangbang93.com', port=443): Max retries exceeded with url: /assets/ed/ed0ea7a1d2549cb25b6cd6c3f2af23b3abc2a2de (Caused by SSLError(OSError(24, 'Too many open files')))
2025-09-30 21:20:34,645 [WARNING] HTTP协议也失败: HTTPSConnectionPool(host='bmclapi2.bangbang93.com', port=443): Max retries exceeded with url: /assets/b6/b66a833fb3975e5febfecd09a25400c1d57e1fe3 (Caused by SSLError(OSError(24, 'Too many open files')))
2025-09-30 21:20:34,662 [WARNING] 网络连接错误: HTTPSConnectionPool(host='bmclapi2.bangbang93.com', port=443): Max retries exceeded with url: /assets/e1/e1940bfcf38822799cd81279f642e0ec13920923 (Caused by SSLError(OSError(24, 'Too many open files')))
2025-09-30 21:20:23,850 [WARNING] 网络连接错误: HTTPSConnectionPool(host='bmclapi2.bangbang93.com', port=443): Max retries exceeded with url: /assets/cc/ccd608398535517bd855f28e0b3c00832373bdbf (Caused by SSLError(SSLEOFError(8, '[SSL: UNEXPECTED_EOF_WHILE_READING] EOF occurred in violation of protocol (_ssl.c:1028)')))
2025-09-30 21:20:34,720 [WARNING] 网络连接错误: HTTPSConnectionPool(host='bmclapi2.bangbang93.com', port=443): Max retries exceeded with url: /assets/81/81917a810e2d000ffcecee236fd59fba0383896a (Caused by SSLError(SSLEOFError(8, '[SSL: UNEXPECTED_EOF_WHILE_READING] EOF occurred in violation of protocol (_ssl.c:1028)')))
2025-09-30 21:20:34,764 [WARNING] 网络连接错误: HTTPSConnectionPool(host='bmclapi2.bangbang93.com', port=443): Max retries exceeded with url: /assets/4f/4f55f82edbaa1c600462e711ce5b15da57e47e6d (Caused by SSLError(SSLEOFError(8, '[SSL: UNEXPECTED_EOF_WHILE_READING] EOF occurred in violation of protocol (_ssl.c:1028)')))
2025-09-30 21:20:34,767 [WARNING] 网络连接错误: HTTPSConnectionPool(host='bmclapi2.bangbang93.com', port=443): Max retries exceeded with url: /assets/3e/3ef94652f082954479fb1b26ea42c92d1801bd0e (Caused by SSLError(SSLEOFError(8, '[SSL: UNEXPECTED_EOF_WHILE_READING] EOF occurred in violation of protocol (_ssl.c:1028)')))
2025-09-30 21:20:34,774 [INFO] 尝试使用HTTP协议: http://bmclapi2.bangbang93.com/assets/b6/b65c21fa3dfb0b283db7f247f3bf7961832916e6
2025-09-30 21:20:34,775 [INFO] 尝试使用HTTP协议: http://bmclapi2.bangbang93.com/assets/ca/ca096eeb4efdebcd12b704cd7d99f1bb7163e8d9
2025-09-30 21:20:34,794 [WARNING] 网络连接错误: HTTPSConnectionPool(host='bmclapi2.bangbang93.com', port=443): Max retries exceeded with url: /assets/92/92e6c376ee2745b5e05d3ac1820bedfa417f2ee4 (Caused by SSLError(OSError(24, 'Too many open files')))
2025-09-30 21:20:24,136 [WARNING] 网络连接错误: HTTPSConnectionPool(host='bmclapi2.bangbang93.com', port=443): Max retries exceeded with url: /assets/5c/5c8c7e969869f97b45b28458a29f7cb0abdaaa9a (Caused by SSLError(SSLEOFError(8, '[SSL: UNEXPECTED_EOF_WHILE_READING] EOF occurred in violation of protocol (_ssl.c:1028)')))
2025-09-30 21:20:35,111 [WARNING] HTTP协议也失败: HTTPSConnectionPool(host='bmclapi2.bangbang93.com', port=443): Max retries exceeded with url: /assets/84/84100c9516fb3f8181ce3e50e3078aa8d148ba20 (Caused by SSLError(OSError(24, 'Too many open files')))
2025-09-30 21:20:35,174 [INFO] 尝试使用HTTP协议: http://bmclapi2.bangbang93.com/assets/cb/cb1dee565c5bdb7b16e025269aebbb4eabd69b13
2025-09-30 21:20:35,185 [WARNING] HTTP协议也失败: HTTPSConnectionPool(host='bmclapi2.bangbang93.com', port=443): Max retries exceeded with url: /assets/6f/6f05a249a3f6db896122f82de58b30e8f3ec71a7 (Caused by SSLError(OSError(24, 'Too many open files')))
2025-09-30 21:20:35,295 [WARNING] HTTP协议也失败: HTTPSConnectionPool(host='bmclapi2.bangbang93.com', port=443): Max retries exceeded with url: /assets/97/97b47b7a62f22addf6ff1db0c57b2fce22504098 (Caused by SSLError(OSError(24, 'Too many open files')))
2025-09-30 21:20:35,295 [INFO] 尝试使用HTTP协议: http://bmclapi2.bangbang93.com/assets/9c/9cb0839e234c714ad880f6a3194f62219dca14d6
2025-09-30 21:20:35,295 [WARNING] HTTP协议也失败: HTTPSConnectionPool(host='bmclapi2.bangbang93.com', port=443): Max retries exceeded with url: /assets/f3/f300b4634a026e51a0b3c760fba6662483208d26 (Caused by SSLError(OSError(24, 'Too many open files')))
2025-09-30 21:20:35,296 [INFO] 尝试使用HTTP协议: http://bmclapi2.bangbang93.com/assets/29/2933ec1db4be45d5c2980ddce10f2209c4ee5230
2025-09-30 21:20:35,379 [WARNING] HTTP协议也失败: HTTPSConnectionPool(host='bmclapi2.bangbang93.com', port=443): Max retries exceeded with url: /assets/95/95162dc7621e7cddc16c9b0e60d18555af80032c (Caused by SSLError(OSError(24, 'Too many open files')))
2025-09-30 21:20:35,474 [WARNING] 网络连接错误: HTTPSConnectionPool(host='bmclapi2.bangbang93.com', port=443): Max retries exceeded with url: /assets/09/097eabe5a18ccfcc253e23550b596bd2a5746649 (Caused by SSLError(OSError(24, 'Too many open files')))
2025-09-30 21:20:35,480 [WARNING] HTTP协议也失败: HTTPSConnectionPool(host='bmclapi2.bangbang93.com', port=443): Max retries exceeded with url: /assets/2e/2ee826b38dd00813f26692a7de90e352eb4c812e (Caused by SSLError(OSError(24, 'Too many open files')))
2025-09-30 21:20:35,667 [WARNING] HTTP协议也失败: HTTPSConnectionPool(host='bmclapi2.bangbang93.com', port=443): Max retries exceeded with url: /assets/f1/f19e9d11b4703257187fe78150e08d0dbaf7ce13 (Caused by SSLError(OSError(24, 'Too many open files')))
2025-09-30 21:20:35,667 [INFO] 尝试使用HTTP协议: http://bmclapi2.bangbang93.com/assets/6e/6eae899a01a619c8159a79ee33f5555ac8edfacb
2025-09-30 21:20:35,806 [WARNING] 网络连接错误: HTTPSConnectionPool(host='bmclapi2.bangbang93.com', port=443): Max retries exceeded with url: /assets/31/317a73002f87d331c31885720e84a0a081e06998 (Caused by SSLError(OSError(24, 'Too many open files')))
2025-09-30 21:20:35,839 [WARNING] 网络连接错误: HTTPSConnectionPool(host='bmclapi2.bangbang93.com', port=443): Max retries exceeded with url: /assets/50/5021730a7be8e2abed49649d545450ee44ac2112 (Caused by SSLError(SSLEOFError(8, '[SSL: UNEXPECTED_EOF_WHILE_READING] EOF occurred in violation of protocol (_ssl.c:1028)')))
2025-09-30 21:20:24,707 [WARNING] 网络连接错误: HTTPSConnectionPool(host='bmclapi2.bangbang93.com', port=443): Max retries exceeded with url: /assets/f1/f1b078c5dffd1cfc4e96160a776d7788ef5e17b8 (Caused by SSLError(SSLEOFError(8, '[SSL: UNEXPECTED_EOF_WHILE_READING] EOF occurred in violation of protocol (_ssl.c:1028)')))
2025-09-30 21:20:36,006 [WARNING] 网络连接错误: HTTPSConnectionPool(host='bmclapi2.bangbang93.com', port=443): Max retries exceeded with url: /assets/e6/e676c2c8b9653ba25c46993aafd5c9afce671785 (Caused by SSLError(OSError(24, 'Too many open files')))
2025-09-30 21:20:36,009 [WARNING] 网络连接错误: HTTPSConnectionPool(host='bmclapi2.bangbang93.com', port=443): Max retries exceeded with url: /assets/25/25521a196b3acc962d55f2d424c89a3ce757c836 (Caused by SSLError(SSLEOFError(8, '[SSL: UNEXPECTED_EOF_WHILE_READING] EOF occurred in violation of protocol (_ssl.c:1028)')))
2025-09-30 21:20:36,096 [INFO] 尝试使用HTTP协议: http://bmclapi2.bangbang93.com/assets/98/985f000ff3b189601ad8de7997cda4d8af0c3f74
2025-09-30 21:20:36,096 [WARNING] 网络连接错误: HTTPSConnectionPool(host='bmclapi2.bangbang93.com', port=443): Max retries exceeded with url: /assets/5b/5b8a1ac9caa777cc31443a08654f5044b979aad7 (Caused by SSLError(OSError(24, 'Too many open files')))
2025-09-30 21:20:24,940 [INFO] 尝试使用HTTP协议: http://bmclapi2.bangbang93.com/assets/78/7871eb3607f7ce9db79656cdba221b6c5ce25c4f
2025-09-30 21:20:36,138 [INFO] 尝试使用HTTP协议: http://bmclapi2.bangbang93.com/assets/c0/c0696332cde4faacaaf2f827c0112221f4f6cc14
2025-09-30 21:20:36,170 [INFO] 尝试使用HTTP协议: http://bmclapi2.bangbang93.com/assets/ff/ffc27e79f6d191154702610ec056e106bc051208
2025-09-30 21:20:36,343 [WARNING] 网络连接错误: HTTPSConnectionPool(host='bmclapi2.bangbang93.com', port=443): Max retries exceeded with url: /assets/8e/8e6265fa36f3494f01c87c7de1d5be3ce3f4255b (Caused by SSLError(OSError(24, 'Too many open files')))
2025-09-30 21:20:36,415 [WARNING] 网络连接错误: HTTPSConnectionPool(host='bmclapi2.bangbang93.com', port=443): Max retries exceeded with url: /assets/37/372a080abb302cda9618aa8fdb0451badab9b2b9 (Caused by SSLError(SSLEOFError(8, '[SSL: UNEXPECTED_EOF_WHILE_READING] EOF occurred in violation of protocol (_ssl.c:1028)')))
2025-09-30 21:20:36,415 [WARNING] HTTP协议也失败: HTTPSConnectionPool(host='bmclapi2.bangbang93.com', port=443): Max retries exceeded with url: /assets/9b/9bb00c0798bc94210b1f23efb0da1c0d8d861365 (Caused by SSLError(OSError(24, 'Too many open files')))
2025-09-30 21:20:36,418 [WARNING] HTTP协议也失败: HTTPSConnectionPool(host='bmclapi2.bangbang93.com', port=443): Max retries exceeded with url: /assets/68/68e1263235a0f4a7ecd12d5e291ce29b5971b420 (Caused by SSLError(OSError(24, 'Too many open files')))
2025-09-30 21:20:36,420 [WARNING] HTTP协议也失败: HTTPSConnectionPool(host='bmclapi2.bangbang93.com', port=443): Max retries exceeded with url: /assets/a9/a94c7675f2449982f5cca00805f7cd15e77c840f (Caused by SSLError(OSError(24, 'Too many open files')))
2025-09-30 21:20:36,438 [WARNING] 网络连接错误: HTTPSConnectionPool(host='bmclapi2.bangbang93.com', port=443): Max retries exceeded with url: /assets/64/64daa28cc72b76a3516f8291fa929e5c2702f4dc (Caused by SSLError(OSError(24, 'Too many open files')))
2025-09-30 21:20:36,584 [WARNING] 网络连接错误: HTTPSConnectionPool(host='bmclapi2.bangbang93.com', port=443): Max retries exceeded with url: /assets/9a/9a4bfa8eeb8f34803bf89e55eee3fb062e9bbac6 (Caused by SSLError(OSError(24, 'Too many open files')))
2025-09-30 21:20:25,124 [WARNING] 网络连接错误: HTTPSConnectionPool(host='bmclapi2.bangbang93.com', port=443): Max retries exceeded with url: /assets/3e/3e299e4046df5f8a660c16db5b50faefb3976cb0 (Caused by SSLError(SSLEOFError(8, '[SSL: UNEXPECTED_EOF_WHILE_READING] EOF occurred in violation of protocol (_ssl.c:1028)')))
2025-09-30 21:20:25,133 [WARNING] 网络连接错误: HTTPSConnectionPool(host='bmclapi2.bangbang93.com', port=443): Max retries exceeded with url: /assets/12/12c7ad583e2a0dd000c2dcd7ef4088330e0b18a2 (Caused by SSLError(SSLEOFError(8, '[SSL: UNEXPECTED_EOF_WHILE_READING] EOF occurred in violation of protocol (_ssl.c:1028)')))
2025-09-30 21:20:37,122 [WARNING] HTTP协议也失败: HTTPSConnectionPool(host='bmclapi2.bangbang93.com', port=443): Max retries exceeded with url: /assets/af/afc9fac5422fd61cb56180a712953332ec0918e7 (Caused by SSLError(OSError(24, 'Too many open files')))
2025-09-30 21:20:37,131 [INFO] 尝试使用HTTP协议: http://bmclapi2.bangbang93.com/assets/3d/3dafbad9dc1b4f6d362b386391f1c017508d5d42
2025-09-30 21:20:37,153 [WARNING] 网络连接错误: HTTPSConnectionPool(host='bmclapi2.bangbang93.com', port=443): Max retries exceeded with url: /assets/88/88378c5a24a6cd1f8c543ddaa08988bab2ac2eb9 (Caused by SSLError(OSError(24, 'Too many open files')))
2025-09-30 21:20:25,246 [WARNING] 网络连接错误: HTTPSConnectionPool(host='bmclapi2.bangbang93.com', port=443): Max retries exceeded with url: /assets/3c/3c4519470a30fd304e7189e1e7d454a3048bdc3a (Caused by SSLError(SSLEOFError(8, '[SSL: UNEXPECTED_EOF_WHILE_READING] EOF occurred in violation of protocol (_ssl.c:1028)')))
2025-09-30 21:20:37,340 [INFO] 尝试使用HTTP协议: http://bmclapi2.bangbang93.com/assets/71/7157aafc9c8a1735b9dbaeaf588e6bf39a16e61c
2025-09-30 21:20:37,341 [WARNING] HTTP协议也失败: HTTPSConnectionPool(host='bmclapi2.bangbang93.com', port=443): Max retries exceeded with url: /assets/41/4151c7520e64521a2f44e58f58f8a8f729ac07b9 (Caused by SSLError(OSError(24, 'Too many open files')))
2025-09-30 21:20:37,348 [WARNING] 网络连接错误: HTTPSConnectionPool(host='bmclapi2.bangbang93.com', port=443): Max retries exceeded with url: /assets/bc/bc187df1091f454b26f9b0b503bf12d557239770 (Caused by SSLError(SSLEOFError(8, '[SSL: UNEXPECTED_EOF_WHILE_READING] EOF occurred in violation of protocol (_ssl.c:1028)')))
2025-09-30 21:20:37,349 [WARNING] 网络连接错误: HTTPSConnectionPool(host='bmclapi2.bangbang93.com', port=443): Max retries exceeded with url: /assets/eb/eb500c65f1c33130ab0f29a8b7432a4bfe2187e0 (Caused by SSLError(OSError(24, 'Too many open files')))
2025-09-30 21:20:37,427 [WARNING] 网络连接错误: HTTPSConnectionPool(host='bmclapi2.bangbang93.com', port=443): Max retries exceeded with url: /assets/91/91d150774699001663cf17fa677e083d76a7014a (Caused by SSLError(SSLEOFError(8, '[SSL: UNEXPECTED_EOF_WHILE_READING] EOF occurred in violation of protocol (_ssl.c:1028)')))
2025-09-30 21:20:25,804 [WARNING] 网络连接错误: HTTPSConnectionPool(host='bmclapi2.bangbang93.com', port=443): Max retries exceeded with url: /assets/a6/a66698e1f9e53057d2f5cf8b06f21d807f84560c (Caused by SSLError(SSLEOFError(8, '[SSL: UNEXPECTED_EOF_WHILE_READING] EOF occurred in violation of protocol (_ssl.c:1028)')))
2025-09-30 21:20:37,474 [INFO] 尝试使用HTTP协议: http://bmclapi2.bangbang93.com/assets/10/104403b1df4f2aaa53cd6c8a91ce1be8c874ff5c
2025-09-30 21:20:37,477 [WARNING] 网络连接错误: HTTPSConnectionPool(host='bmclapi2.bangbang93.com', port=443): Max retries exceeded with url: /assets/2f/2f2223b7dbd52a91055bd780184f6881e5db0bb8 (Caused by SSLError(OSError(24, 'Too many open files')))
2025-09-30 21:20:37,478 [WARNING] HTTP协议也失败: HTTPSConnectionPool(host='bmclapi2.bangbang93.com', port=443): Max retries exceeded with url: /assets/27/27aea996b107206c2e0938f441b722a727248fe4 (Caused by SSLError(OSError(24, 'Too many open files')))
2025-09-30 21:20:37,478 [INFO] 尝试使用HTTP协议: http://bmclapi2.bangbang93.com/assets/f7/f78a2094a7952634accb4a3a94419040e237092b
2025-09-30 21:20:37,514 [INFO] 尝试使用HTTP协议: http://bmclapi2.bangbang93.com/assets/bf/bfcdaf1edfe6d62d9ce49f150cf847bec99136ac
2025-09-30 21:20:25,816 [INFO] 尝试使用HTTP协议: http://bmclapi2.bangbang93.com/assets/dc/dc0c30a5e32d773644d445f5a13f7c4fa079eb35
2025-09-30 21:20:06,637 [INFO] 尝试使用HTTP协议: http://bmclapi2.bangbang93.com/assets/8a/8ae3ae1922100aebfe081d5274fd8b05ce9ece1e
2025-09-30 21:20:37,584 [INFO] 尝试使用HTTP协议: http://bmclapi2.bangbang93.com/assets/38/38be8858400ff9f27f276b3d162d4d469dcceff7
2025-09-30 21:20:37,621 [INFO] 尝试使用HTTP协议: http://bmclapi2.bangbang93.com/assets/cf/cf9a16acc0ff7e958ca7857a62104cf84b77696a
2025-09-30 21:20:37,655 [INFO] 尝试使用HTTP协议: http://bmclapi2.bangbang93.com/assets/f8/f8dabd3f3053aa45461a7e04e4428b25795172d7
2025-09-30 21:20:37,656 [INFO] 尝试使用HTTP协议: http://bmclapi2.bangbang93.com/assets/dc/dc74e553d162c301072dff6edf8d9d7b50a9fdd2
2025-09-30 21:20:37,657 [INFO] 尝试使用HTTP协议: http://bmclapi2.bangbang93.com/assets/32/3270cf470710d8cbdeafe11e3e17448568f38b3c
2025-09-30 21:20:37,657 [INFO] 尝试使用HTTP协议: http://bmclapi2.bangbang93.com/assets/cc/ccf2a5a264bb58795f6475d5c61e2ea295964528
2025-09-30 21:20:37,839 [WARNING] 网络连接错误: HTTPSConnectionPool(host='bmclapi2.bangbang93.com', port=443): Max retries exceeded with url: /assets/ea/ea3c8dba058142c1ff38d7dd49895f5b8b037baa (Caused by SSLError(OSError(24, 'Too many open files')))
2025-09-30 21:20:37,866 [INFO] 尝试使用HTTP协议: http://bmclapi2.bangbang93.com/assets/13/1368f950be4517b4ecaadd5da2ea8d9b3335e71d
2025-09-30 21:20:37,867 [WARNING] 网络连接错误: HTTPSConnectionPool(host='bmclapi2.bangbang93.com', port=443): Max retries exceeded with url: /assets/bc/bc490285ee3c28a5ad8dfadd42a2b6974690a430 (Caused by SSLError(OSError(24, 'Too many open files')))
2025-09-30 21:20:37,867 [WARNING] 网络连接错误: HTTPSConnectionPool(host='bmclapi2.bangbang93.com', port=443): Max retries exceeded with url: /assets/d3/d37ac7023b6b04d17dd809e95a17069befaffca3 (Caused by SSLError(OSError(24, 'Too many open files')))
2025-09-30 21:20:37,867 [WARNING] 网络连接错误: HTTPSConnectionPool(host='bmclapi2.bangbang93.com', port=443): Max retries exceeded with url: /assets/2b/2b2ac8e3015b75d9df65b12ec1b60fd515add986 (Caused by SSLError(SSLEOFError(8, '[SSL: UNEXPECTED_EOF_WHILE_READING] EOF occurred in violation of protocol (_ssl.c:1028)')))
2025-09-30 21:20:37,870 [WARNING] 网络连接错误: HTTPSConnectionPool(host='bmclapi2.bangbang93.com', port=443): Max retries exceeded with url: /assets/1a/1aa54bf9d3ce024643a7dea98d5d82ffe4ca4e6e (Caused by SSLError(OSError(24, 'Too many open files')))
2025-09-30 21:20:37,954 [WARNING] HTTP协议也失败: HTTPSConnectionPool(host='bmclapi2.bangbang93.com', port=443): Max retries exceeded with url: /assets/8f/8fe6ffcac6cb527a4a1cd1810b6e10e702f0e39d (Caused by SSLError(OSError(24, 'Too many open files')))
2025-09-30 21:20:37,954 [INFO] 尝试使用HTTP协议: http://bmclapi2.bangbang93.com/assets/4e/4e52f7136f1c64a57d85f5a3d4f6d00009c1bca8
2025-09-30 21:20:38,045 [WARNING] 网络连接错误: HTTPSConnectionPool(host='bmclapi2.bangbang93.com', port=443): Max retries exceeded with url: /assets/40/4016f27dc128015be0ff8732e5bff569da3146ca (Caused by SSLError(OSError(24, 'Too many open files')))
2025-09-30 21:20:38,089 [WARNING] 网络连接错误: HTTPSConnectionPool(host='bmclapi2.bangbang93.com', port=443): Max retries exceeded with url: /assets/67/674af8ae97eb617cd3fece7c22db24d37c2333ae (Caused by SSLError(OSError(24, 'Too many open files')))
2025-09-30 21:20:38,119 [INFO] 尝试使用HTTP协议: http://bmclapi2.bangbang93.com/assets/2e/2e9a2ad93404bf022c96f9fc944519ca21c14122
2025-09-30 21:20:38,189 [WARNING] 网络连接错误: HTTPSConnectionPool(host='bmclapi2.bangbang93.com', port=443): Max retries exceeded with url: /assets/b7/b7ba45026cfcc13c7bba3a7f11ae8c1164d77af9 (Caused by SSLError(OSError(24, 'Too many open files')))
2025-09-30 21:20:38,190 [WARNING] 网络连接错误: HTTPSConnectionPool(host='bmclapi2.bangbang93.com', port=443): Max retries exceeded with url: /assets/ec/ecbd493a02ae4def0aaa9a00957738796c3a6896 (Caused by SSLError(OSError(24, 'Too many open files')))
2025-09-30 21:20:38,393 [INFO] 尝试使用HTTP协议: http://bmclapi2.bangbang93.com/assets/68/68828b76f86100a43daf79f9d8e893457ba91000
2025-09-30 21:20:38,396 [WARNING] HTTP协议也失败: HTTPSConnectionPool(host='bmclapi2.bangbang93.com', port=443): Max retries exceeded with url: /assets/77/777bcb2b96ca2d604fcaa87af9b4ddda4d868f94 (Caused by SSLError(OSError(24, 'Too many open files')))
2025-09-30 21:20:26,729 [WARNING] 网络连接错误: HTTPSConnectionPool(host='bmclapi2.bangbang93.com', port=443): Max retries exceeded with url: /assets/cb/cb60f1ce5f4a0c38a6b2f4f287f708321c9b6a42 (Caused by SSLError(SSLEOFError(8, '[SSL: UNEXPECTED_EOF_WHILE_READING] EOF occurred in violation of protocol (_ssl.c:1028)')))
2025-09-30 21:20:26,735 [INFO] 尝试使用HTTP协议: http://bmclapi2.bangbang93.com/assets/6e/6ea96110357f29e6e77b3df20b938483cce28cc4
2025-09-30 21:20:26,786 [INFO] 尝试使用HTTP协议: http://bmclapi2.bangbang93.com/assets/ee/ee4cb58c10d927cd71fb93a91bc26f7e82c4f6b9
2025-09-30 21:20:38,460 [INFO] 尝试使用HTTP协议: http://bmclapi2.bangbang93.com/assets/b1/b1595a8d9aa1455d635ba9e73c1e4f6825ebe073
2025-09-30 21:20:38,476 [WARNING] 网络连接错误: HTTPSConnectionPool(host='bmclapi2.bangbang93.com', port=443): Max retries exceeded with url: /assets/48/486d067733df05b20b11e3dfc7b1d1a25526b6f0 (Caused by SSLError(SSLEOFError(8, '[SSL: UNEXPECTED_EOF_WHILE_READING] EOF occurred in violation of protocol (_ssl.c:1028)')))
2025-09-30 21:20:38,488 [INFO] 尝试使用HTTP协议: http://bmclapi2.bangbang93.com/assets/65/650523a255e0d62b2900f0b69556a176e329680e
2025-09-30 21:20:38,488 [INFO] 尝试使用HTTP协议: http://bmclapi2.bangbang93.com/assets/4e/4e9240b0b53868110b26cd527e2dc852cb406895
2025-09-30 21:20:26,961 [WARNING] 网络连接错误: HTTPSConnectionPool(host='bmclapi2.bangbang93.com', port=443): Max retries exceeded with url: /assets/3f/3fa0c7a0cce3dc05632c509b1c364b45a9335c76 (Caused by SSLError(SSLEOFError(8, '[SSL: UNEXPECTED_EOF_WHILE_READING] EOF occurred in violation of protocol (_ssl.c:1028)')))
2025-09-30 21:20:38,499 [INFO] 尝试使用HTTP协议: http://bmclapi2.bangbang93.com/assets/0a/0abd682271cda1a5513e57cea7cdbcf383893813
2025-09-30 21:20:38,638 [WARNING] 网络连接错误: HTTPSConnectionPool(host='bmclapi2.bangbang93.com', port=443): Max retries exceeded with url: /assets/8b/8b5a04fbaf70e8526752e7cdf4e915eeb76a2bc0 (Caused by SSLError(OSError(24, 'Too many open files')))
2025-09-30 21:20:38,639 [INFO] 尝试使用HTTP协议: http://bmclapi2.bangbang93.com/assets/b7/b7d69f7b5bb8c1b16592f831a7eb21b8ca35bcab
2025-09-30 21:20:38,639 [WARNING] 网络连接错误: HTTPSConnectionPool(host='bmclapi2.bangbang93.com', port=443): Max retries exceeded with url: /assets/44/44fe93631e6cb71ac33c8902cc1ad74219e9b527 (Caused by SSLError(OSError(24, 'Too many open files')))
2025-09-30 21:20:38,640 [INFO] 尝试使用HTTP协议: http://bmclapi2.bangbang93.com/assets/4a/4a6a5bd43789676bcee313f8071c1f9138729597
2025-09-30 21:20:38,692 [INFO] 尝试使用HTTP协议: http://bmclapi2.bangbang93.com/assets/ea/ea07abc11f8508d31b8e89386a4e2bb1bb602204
2025-09-30 21:20:38,695 [WARNING] HTTP协议也失败: HTTPSConnectionPool(host='bmclapi2.bangbang93.com', port=443): Max retries exceeded with url: /assets/58/5897178066f58be63ccd8b9df42dff2760b73a95 (Caused by SSLError(OSError(24, 'Too many open files')))
2025-09-30 21:20:38,756 [WARNING] 网络连接错误: HTTPSConnectionPool(host='bmclapi2.bangbang93.com', port=443): Max retries exceeded with url: /assets/17/176d2f7cec51bf54d1702230d038de817912659e (Caused by SSLError(OSError(24, 'Too many open files')))
2025-09-30 21:20:38,802 [WARNING] HTTP协议也失败: HTTPSConnectionPool(host='bmclapi2.bangbang93.com', port=443): Max retries exceeded with url: /assets/6e/6ea2f56d5ff9c2dd6f6e2b0e6743c59863543f1a (Caused by SSLError(OSError(24, 'Too many open files')))
2025-09-30 21:20:38,816 [WARNING] 网络连接错误: HTTPSConnectionPool(host='bmclapi2.bangbang93.com', port=443): Max retries exceeded with url: /assets/7e/7ec17a07c70a32a80c280f37e340bea8b53eb46a (Caused by SSLError(OSError(24, 'Too many open files')))
2025-09-30 21:20:38,835 [WARNING] 网络连接错误: HTTPSConnectionPool(host='bmclapi2.bangbang93.com', port=443): Max retries exceeded with url: /assets/2c/2c9c67b6239e6201059540c0f720e6b8837bc754 (Caused by SSLError(OSError(24, 'Too many open files')))
2025-09-30 21:20:38,860 [INFO] 尝试使用HTTP协议: http://bmclapi2.bangbang93.com/assets/23/23cf697afb231117c4a2d6e01e40b6e9a0d497f7
2025-09-30 21:20:38,864 [INFO] 尝试使用HTTP协议: http://bmclapi2.bangbang93.com/assets/d5/d52edd118f8cc81023fdfa4de28a79ceaaf01ec1
2025-09-30 21:20:27,530 [WARNING] 网络连接错误: HTTPSConnectionPool(host='bmclapi2.bangbang93.com', port=443): Max retries exceeded with url: /assets/52/52aef6b85220e8f40b4f6b12600e876c5ae2b728 (Caused by SSLError(SSLEOFError(8, '[SSL: UNEXPECTED_EOF_WHILE_READING] EOF occurred in violation of protocol (_ssl.c:1028)')))
2025-09-30 21:20:38,906 [WARNING] 网络连接错误: HTTPSConnectionPool(host='bmclapi2.bangbang93.com', port=443): Max retries exceeded with url: /assets/9e/9ea710fe8e53c52667375c842145e1654c7c51ea (Caused by SSLError(OSError(24, 'Too many open files')))
2025-09-30 21:20:27,553 [WARNING] 网络连接错误: HTTPSConnectionPool(host='bmclapi2.bangbang93.com', port=443): Max retries exceeded with url: /assets/d7/d7ad4cbbc2189a00cf28404d473a836b6a4c1014 (Caused by SSLError(SSLEOFError(8, '[SSL: UNEXPECTED_EOF_WHILE_READING] EOF occurred in violation of protocol (_ssl.c:1028)')))
2025-09-30 21:20:27,554 [WARNING] 网络连接错误: HTTPSConnectionPool(host='bmclapi2.bangbang93.com', port=443): Max retries exceeded with url: /assets/9a/9ad25c61551cfb93ca37731f9e7c6aa3a6ae3908 (Caused by SSLError(SSLEOFError(8, '[SSL: UNEXPECTED_EOF_WHILE_READING] EOF occurred in violation of protocol (_ssl.c:1028)')))
2025-09-30 21:20:38,931 [INFO] 尝试使用HTTP协议: http://bmclapi2.bangbang93.com/assets/d6/d691d8b12f320c6dde1edf27eea87db82b1d8a8f
2025-09-30 21:20:38,957 [WARNING] 网络连接错误: HTTPSConnectionPool(host='bmclapi2.bangbang93.com', port=443): Max retries exceeded with url: /assets/28/281891c256915ee11ef4c3893a0c0b64a3fd8d2c (Caused by SSLError(SSLEOFError(8, '[SSL: UNEXPECTED_EOF_WHILE_READING] EOF occurred in violation of protocol (_ssl.c:1028)')))
2025-09-30 21:20:38,960 [INFO] 尝试使用HTTP协议: http://bmclapi2.bangbang93.com/assets/2c/2c407f9ec146b242dc6b343faccbcd814a697f9b
2025-09-30 21:20:14,876 [WARNING] HTTP协议也失败: HTTPSConnectionPool(host='bmclapi2.bangbang93.com', port=443): Max retries exceeded with url: /assets/45/452af45b1729ff634fb30662366616e0b5924001 (Caused by SSLError(OSError(24, 'Too many open files')))
2025-09-30 21:20:39,293 [WARNING] 网络连接错误: HTTPSConnectionPool(host='bmclapi2.bangbang93.com', port=443): Max retries exceeded with url: /assets/69/69a2e5712c9c4c3a8baa1092f4fb3664c0e1a4c4 (Caused by SSLError(SSLEOFError(8, '[SSL: UNEXPECTED_EOF_WHILE_READING] EOF occurred in violation of protocol (_ssl.c:1028)')))
2025-09-30 21:20:39,369 [WARNING] 网络连接错误: HTTPSConnectionPool(host='bmclapi2.bangbang93.com', port=443): Max retries exceeded with url: /assets/87/8738c6275a70c76d0f5c184fab8c953de0557e8f (Caused by SSLError(SSLEOFError(8, '[SSL: UNEXPECTED_EOF_WHILE_READING] EOF occurred in violation of protocol (_ssl.c:1028)')))
2025-09-30 21:20:39,497 [WARNING] HTTP协议也失败: HTTPSConnectionPool(host='bmclapi2.bangbang93.com', port=443): Max retries exceeded with url: /assets/c3/c35ae74e4d097c52687f23e6badf2b2e69eb5d2e (Caused by SSLError(OSError(24, 'Too many open files')))
2025-09-30 21:20:39,501 [WARNING] 网络连接错误: HTTPSConnectionPool(host='bmclapi2.bangbang93.com', port=443): Max retries exceeded with url: /assets/d1/d1d8a4043b005ded332e4520fa9331c7fc818523 (Caused by SSLError(OSError(24, 'Too many open files')))
2025-09-30 21:20:39,571 [INFO] 尝试使用HTTP协议: http://bmclapi2.bangbang93.com/assets/c1/c15ef07564e069980974af309418847e5bcca521
2025-09-30 21:20:39,571 [WARNING] HTTP协议也失败: HTTPSConnectionPool(host='bmclapi2.bangbang93.com', port=443): Max retries exceeded with url: /assets/93/935038c6a2ce4547ea8e8deea051e57b9975024b (Caused by SSLError(OSError(24, 'Too many open files')))
2025-09-30 21:20:39,571 [WARNING] HTTP协议也失败: HTTPSConnectionPool(host='bmclapi2.bangbang93.com', port=443): Max retries exceeded with url: /assets/d9/d9609b4a85d83ca70fb1ec0140437ed1c5539f50 (Caused by SSLError(OSError(24, 'Too many open files')))
2025-09-30 21:20:39,606 [WARNING] HTTP协议也失败: HTTPSConnectionPool(host='bmclapi2.bangbang93.com', port=443): Max retries exceeded with url: /assets/a1/a1d536a39ee1de7d61e580e6dc27f00ce9c2ec15 (Caused by SSLError(OSError(24, 'Too many open files')))
2025-09-30 21:20:39,612 [WARNING] 网络连接错误: HTTPSConnectionPool(host='bmclapi2.bangbang93.com', port=443): Max retries exceeded with url: /assets/93/939be997b108dd223aa26adab3c35caf41588314 (Caused by SSLError(SSLEOFError(8, '[SSL: UNEXPECTED_EOF_WHILE_READING] EOF occurred in violation of protocol (_ssl.c:1028)')))
2025-09-30 21:20:39,613 [WARNING] 网络连接错误: HTTPSConnectionPool(host='bmclapi2.bangbang93.com', port=443): Max retries exceeded with url: /assets/7d/7df7ac16c0c626ec85a989a2b63fa8143f149fd2 (Caused by SSLError(SSLEOFError(8, '[SSL: UNEXPECTED_EOF_WHILE_READING] EOF occurred in violation of protocol (_ssl.c:1028)')))
2025-09-30 21:20:39,613 [WARNING] 网络连接错误: HTTPSConnectionPool(host='bmclapi2.bangbang93.com', port=443): Max retries exceeded with url: /assets/bf/bf11ddbd35fb38146a42e1d64938979755e8c16b (Caused by SSLError(OSError(24, 'Too many open files')))
2025-09-30 21:20:28,089 [WARNING] 网络连接错误: HTTPSConnectionPool(host='bmclapi2.bangbang93.com', port=443): Max retries exceeded with url: /assets/83/835e8767ccd13731038505fa80c564d7b65f9d81 (Caused by SSLError(SSLEOFError(8, '[SSL: UNEXPECTED_EOF_WHILE_READING] EOF occurred in violation of protocol (_ssl.c:1028)')))
2025-09-30 21:20:28,095 [WARNING] 网络连接错误: HTTPSConnectionPool(host='bmclapi2.bangbang93.com', port=443): Max retries exceeded with url: /assets/03/03ea54a43c621c13c6d38cdb857e4bb6a76a8023 (Caused by SSLError(SSLEOFError(8, '[SSL: UNEXPECTED_EOF_WHILE_READING] EOF occurred in violation of protocol (_ssl.c:1028)')))
2025-09-30 21:20:39,796 [WARNING] 网络连接错误: HTTPSConnectionPool(host='bmclapi2.bangbang93.com', port=443): Max retries exceeded with url: /assets/4b/4b812a92858942797979e63714dbf814bd246d35 (Caused by SSLError(OSError(24, 'Too many open files')))
2025-09-30 21:20:39,806 [INFO] 尝试使用HTTP协议: http://bmclapi2.bangbang93.com/assets/32/32b83f2f9b1c1c5a51a15ea17dedad92cf7aecb1
2025-09-30 21:20:39,852 [WARNING] 网络连接错误: HTTPSConnectionPool(host='bmclapi2.bangbang93.com', port=443): Max retries exceeded with url: /assets/51/510bcfc863b9d64fd063d038f97547bfe58e2f12 (Caused by SSLError(OSError(24, 'Too many open files')))
2025-09-30 21:20:39,852 [WARNING] 网络连接错误: HTTPSConnectionPool(host='bmclapi2.bangbang93.com', port=443): Max retries exceeded with url: /assets/a9/a942ba9178c104b54519aa462679458355db26c5 (Caused by SSLError(OSError(24, 'Too many open files')))
2025-09-30 21:20:39,857 [WARNING] 网络连接错误: HTTPSConnectionPool(host='bmclapi2.bangbang93.com', port=443): Max retries exceeded with url: /assets/07/071003e0b359f3a85959c5a7ad8955c19947455e (Caused by SSLError(OSError(24, 'Too many open files')))
2025-09-30 21:20:39,857 [WARNING] 网络连接错误: HTTPSConnectionPool(host='bmclapi2.bangbang93.com', port=443): Max retries exceeded with url: /assets/bb/bb5cc7a1ce12e97c787161d158c8f3a4232a9020 (Caused by SSLError(SSLEOFError(8, '[SSL: UNEXPECTED_EOF_WHILE_READING] EOF occurred in violation of protocol (_ssl.c:1028)')))
2025-09-30 21:20:28,424 [WARNING] 网络连接错误: HTTPSConnectionPool(host='bmclapi2.bangbang93.com', port=443): Max retries exceeded with url: /assets/75/75f0045e0d2c80008868d32a9ac0757f597545b0 (Caused by SSLError(SSLEOFError(8, '[SSL: UNEXPECTED_EOF_WHILE_READING] EOF occurred in violation of protocol (_ssl.c:1028)')))
2025-09-30 21:20:40,086 [WARNING] HTTP协议也失败: HTTPSConnectionPool(host='bmclapi2.bangbang93.com', port=443): Max retries exceeded with url: /assets/58/58a7fc3f3c3396357f3a1386b8f25c428d6e7655 (Caused by SSLError(OSError(24, 'Too many open files')))
2025-09-30 21:20:40,087 [WARNING] 网络连接错误: HTTPSConnectionPool(host='bmclapi2.bangbang93.com', port=443): Max retries exceeded with url: /assets/0e/0e2e8a4968dc62f096f2789883492d5498a47391 (Caused by SSLError(OSError(24, 'Too many open files')))
2025-09-30 21:20:40,165 [WARNING] 网络连接错误: HTTPSConnectionPool(host='bmclapi2.bangbang93.com', port=443): Max retries exceeded with url: /assets/65/6582e589d649de71649f01db4f24eb8d90ea0a74 (Caused by SSLError(OSError(24, 'Too many open files')))
2025-09-30 21:20:40,221 [WARNING] 网络连接错误: HTTPSConnectionPool(host='bmclapi2.bangbang93.com', port=443): Max retries exceeded with url: /assets/65/65bf3f80ca720c55b99925ba3a515d2f932b15b1 (Caused by SSLError(OSError(24, 'Too many open files')))
2025-09-30 21:20:40,221 [WARNING] 网络连接错误: HTTPSConnectionPool(host='bmclapi2.bangbang93.com', port=443): Max retries exceeded with url: /assets/aa/aa4b21feb56cca319576289f48d9eec8570683cd (Caused by SSLError(SSLEOFError(8, '[SSL: UNEXPECTED_EOF_WHILE_READING] EOF occurred in violation of protocol (_ssl.c:1028)')))
2025-09-30 21:20:08,451 [INFO] 尝试使用HTTP协议: http://bmclapi2.bangbang93.com/assets/0e/0e8d1366458c1b6bc16c4bc5ce0e9992af5fd9e2
2025-09-30 21:20:28,466 [INFO] 尝试使用HTTP协议: http://bmclapi2.bangbang93.com/assets/1b/1b3ba9a6a14e99ce3b9c1b832ed3e5a9d7c12379
2025-09-30 21:20:40,490 [INFO] 尝试使用HTTP协议: http://bmclapi2.bangbang93.com/assets/58/58a16a9ad86e31d7681d35749c926c410da90e71
2025-09-30 21:20:40,522 [INFO] 尝试使用HTTP协议: http://bmclapi2.bangbang93.com/assets/c1/c1d4af3dcc869abd8ed39ac1d5eb59e3678971d6
2025-09-30 21:20:28,561 [INFO] 尝试使用HTTP协议: http://bmclapi2.bangbang93.com/assets/a3/a329c273360e55b51d051e633714456bf2a66a5a
2025-09-30 21:20:40,623 [INFO] 尝试使用HTTP协议: http://bmclapi2.bangbang93.com/assets/a5/a5335c2cf7877c146eee04e5b876ab0c01fe82d9
2025-09-30 21:20:40,634 [INFO] 尝试使用HTTP协议: http://bmclapi2.bangbang93.com/assets/91/91ae98690736218edb5a24bb215d606be1d7c51e
2025-09-30 21:20:40,634 [WARNING] 网络连接错误: HTTPSConnectionPool(host='bmclapi2.bangbang93.com', port=443): Max retries exceeded with url: /assets/55/55898a87d714f778ca0b3f7abdc87fce75e56b7b (Caused by SSLError(SSLEOFError(8, '[SSL: UNEXPECTED_EOF_WHILE_READING] EOF occurred in violation of protocol (_ssl.c:1028)')))
2025-09-30 21:20:40,663 [WARNING] 网络连接错误: HTTPSConnectionPool(host='bmclapi2.bangbang93.com', port=443): Max retries exceeded with url: /assets/28/28892890033064296ba36dfc9462be578d7b969a (Caused by SSLError(SSLEOFError(8, '[SSL: UNEXPECTED_EOF_WHILE_READING] EOF occurred in violation of protocol (_ssl.c:1028)')))
2025-09-30 21:20:40,669 [WARNING] 网络连接错误: HTTPSConnectionPool(host='bmclapi2.bangbang93.com', port=443): Max retries exceeded with url: /assets/88/8868e83ebbdf92703f02eb8465520120f01c7ab6 (Caused by SSLError(SSLEOFError(8, '[SSL: UNEXPECTED_EOF_WHILE_READING] EOF occurred in violation of protocol (_ssl.c:1028)')))
2025-09-30 21:20:40,720 [WARNING] 网络连接错误: HTTPSConnectionPool(host='bmclapi2.bangbang93.com', port=443): Max retries exceeded with url: /assets/8a/8a5ca64c3334328e4eecc4ed405340a217c0c28e (Caused by SSLError(SSLEOFError(8, '[SSL: UNEXPECTED_EOF_WHILE_READING] EOF occurred in violation of protocol (_ssl.c:1028)')))
2025-09-30 21:20:40,734 [WARNING] 网络连接错误: HTTPSConnectionPool(host='bmclapi2.bangbang93.com', port=443): Max retries exceeded with url: /assets/63/631b1e3d64b315c432792ae015ba06083f34ef42 (Caused by SSLError(SSLEOFError(8, '[SSL: UNEXPECTED_EOF_WHILE_READING] EOF occurred in violation of protocol (_ssl.c:1028)')))
2025-09-30 21:20:40,814 [WARNING] 网络连接错误: HTTPSConnectionPool(host='bmclapi2.bangbang93.com', port=443): Max retries exceeded with url: /assets/2c/2cc660a4ab39a14a29ecb79265684901cbaf90fe (Caused by SSLError(OSError(24, 'Too many open files')))
2025-09-30 21:20:40,951 [WARNING] 网络连接错误: HTTPSConnectionPool(host='bmclapi2.bangbang93.com', port=443): Max retries exceeded with url: /assets/e7/e717312f23b16407ffba767e236da64fde668e7b (Caused by SSLError(OSError(24, 'Too many open files')))
2025-09-30 21:20:41,040 [INFO] 尝试使用HTTP协议: http://bmclapi2.bangbang93.com/assets/4c/4c7f4cdd0626c77839e9ddfc120acd403c5444ae
2025-09-30 21:20:41,042 [WARNING] 网络连接错误: HTTPSConnectionPool(host='bmclapi2.bangbang93.com', port=443): Max retries exceeded with url: /assets/02/02b6bcbd9c941183a6ebff340c10e4b7c3c5eb4c (Caused by SSLError(OSError(24, 'Too many open files')))
2025-09-30 21:20:41,061 [INFO] 尝试使用HTTP协议: http://bmclapi2.bangbang93.com/assets/bb/bb431f5babfe02d34f3de4bf8c0e13bf3eda3a8f
2025-09-30 21:20:53,144 [WARNING] 网络连接错误: HTTPSConnectionPool(host='bmclapi2.bangbang93.com', port=443): Max retries exceeded with url: /assets/14/148f34232a196bc04f61ea19f7ce39b2d330f45c (Caused by SSLError(SSLEOFError(8, '[SSL: UNEXPECTED_EOF_WHILE_READING] EOF occurred in violation of protocol (_ssl.c:1028)')))
2025-09-30 21:20:41,085 [WARNING] 网络连接错误: HTTPSConnectionPool(host='bmclapi2.bangbang93.com', port=443): Max retries exceeded with url: /assets/fa/fa373b2d51876345ba5ac309fcc3f2536398caf0 (Caused by SSLError(OSError(24, 'Too many open files')))
2025-09-30 21:20:41,183 [WARNING] HTTP协议也失败: HTTPSConnectionPool(host='bmclapi2.bangbang93.com', port=443): Max retries exceeded with url: /assets/5b/5bbea888cd1f9266630d8668a5e0eac0d3e534d8 (Caused by SSLError(OSError(24, 'Too many open files')))
2025-09-30 21:20:41,230 [WARNING] 网络连接错误: HTTPSConnectionPool(host='bmclapi2.bangbang93.com', port=443): Max retries exceeded with url: /assets/af/affbfd1a44bb29795b914c1f7dafbaae7b652194 (Caused by SSLError(OSError(24, 'Too many open files')))
2025-09-30 21:20:41,242 [WARNING] HTTP协议也失败: HTTPSConnectionPool(host='bmclapi2.bangbang93.com', port=443): Max retries exceeded with url: /assets/09/09fe6bf6b8c0c5912edec2d22874ef49820baab0 (Caused by SSLError(OSError(24, 'Too many open files')))
2025-09-30 21:20:41,265 [INFO] 尝试使用HTTP协议: http://bmclapi2.bangbang93.com/assets/cb/cb6465255dddd7a501b8592b5b68c1bb73511f79
2025-09-30 21:20:41,269 [INFO] 尝试使用HTTP协议: http://bmclapi2.bangbang93.com/assets/18/1809f80cd813f57855f9c9c1a010f6d17dd4a649
2025-09-30 21:20:17,285 [INFO] 尝试使用HTTP协议: http://bmclapi2.bangbang93.com/assets/e2/e2e099dbd66f0fe576cfb2e45f1999152847d511
2025-09-30 21:20:41,478 [INFO] 尝试使用HTTP协议: http://bmclapi2.bangbang93.com/assets/cc/ccf2f26922472624e30d8bbaf0a371d074c10270
2025-09-30 21:20:41,581 [WARNING] 网络连接错误: HTTPSConnectionPool(host='bmclapi2.bangbang93.com', port=443): Max retries exceeded with url: /assets/f9/f970f8e68b06d60603af52120056ff2eb66ac75d (Caused by SSLError(OSError(24, 'Too many open files')))
2025-09-30 21:20:41,581 [WARNING] 网络连接错误: HTTPSConnectionPool(host='bmclapi2.bangbang93.com', port=443): Max retries exceeded with url: /assets/b8/b8e34bdc18ed5ddad772a8f5b2017d89dbee6c02 (Caused by SSLError(OSError(24, 'Too many open files')))
2025-09-30 21:20:41,581 [INFO] 尝试使用HTTP协议: http://bmclapi2.bangbang93.com/assets/6c/6cdf620249c506b80bd7c781ec69ec3e332d2bf8
2025-09-30 21:20:41,582 [WARNING] 网络连接错误: HTTPSConnectionPool(host='bmclapi2.bangbang93.com', port=443): Max retries exceeded with url: /assets/91/918c409795350a885b1d0a9b6390885f5695fdfa (Caused by SSLError(OSError(24, 'Too many open files')))
2025-09-30 21:20:41,663 [INFO] 尝试使用HTTP协议: http://bmclapi2.bangbang93.com/assets/18/188e71a538efd71cd735b72dd8b9eb42e0d45ac2
2025-09-30 21:20:41,755 [WARNING] 网络连接错误: HTTPSConnectionPool(host='bmclapi2.bangbang93.com', port=443): Max retries exceeded with url: /assets/69/6993351945532093490fe7d1e62ada30c290c52e (Caused by SSLError(OSError(24, 'Too many open files')))
2025-09-30 21:20:17,607 [WARNING] 网络连接错误: HTTPSConnectionPool(host='bmclapi2.bangbang93.com', port=443): Max retries exceeded with url: /assets/ed/ed5ae9af8d9930fb04487434f2ee1d77856cee2b (Caused by SSLError(SSLEOFError(8, '[SSL: UNEXPECTED_EOF_WHILE_READING] EOF occurred in violation of protocol (_ssl.c:1028)')))
2025-09-30 21:20:41,915 [INFO] 尝试使用HTTP协议: http://bmclapi2.bangbang93.com/assets/fd/fd8a2120904453bd0f411ef122abb0096f07b82c
2025-09-30 21:20:41,920 [INFO] 尝试使用HTTP协议: http://bmclapi2.bangbang93.com/assets/94/94bb6b253b7b185dce169221b3312bfba87f0bf1
2025-09-30 21:20:41,920 [WARNING] HTTP协议也失败: HTTPSConnectionPool(host='bmclapi2.bangbang93.com', port=443): Max retries exceeded with url: /assets/25/254411a1cba6d0855f397299e0d423ee3f14961c (Caused by SSLError(OSError(24, 'Too many open files')))
2025-09-30 21:20:41,922 [INFO] 尝试使用HTTP协议: http://bmclapi2.bangbang93.com/assets/68/68a3447a6924f6cf0d1f970024bd0cb664972ac7
2025-09-30 21:20:41,924 [WARNING] 网络连接错误: HTTPSConnectionPool(host='bmclapi2.bangbang93.com', port=443): Max retries exceeded with url: /assets/fa/fa51289eabe53d6440a6139d62f463ae645f6d58 (Caused by SSLError(SSLEOFError(8, '[SSL: UNEXPECTED_EOF_WHILE_READING] EOF occurred in violation of protocol (_ssl.c:1028)')))
2025-09-30 21:20:41,980 [INFO] 尝试使用HTTP协议: http://bmclapi2.bangbang93.com/assets/fa/fa46fa9128075af6cbd423fd52aada024932a82e
2025-09-30 21:20:42,041 [WARNING] 网络连接错误: HTTPSConnectionPool(host='bmclapi2.bangbang93.com', port=443): Max retries exceeded with url: /assets/28/287464814e0b4c8588ab9671108382642b103993 (Caused by SSLError(OSError(24, 'Too many open files')))
2025-09-30 21:20:42,068 [WARNING] 网络连接错误: HTTPSConnectionPool(host='bmclapi2.bangbang93.com', port=443): Max retries exceeded with url: /assets/69/69c5e373712ef6b1fa8a74188ad2998697fea5e8 (Caused by SSLError(SSLEOFError(8, '[SSL: UNEXPECTED_EOF_WHILE_READING] EOF occurred in violation of protocol (_ssl.c:1028)')))
2025-09-30 21:20:42,107 [WARNING] 网络连接错误: HTTPSConnectionPool(host='bmclapi2.bangbang93.com', port=443): Max retries exceeded with url: /assets/7e/7ef725e8974a636a63cfd438c5829dc2bdbba354 (Caused by SSLError(OSError(24, 'Too many open files')))
2025-09-30 21:20:42,138 [INFO] 尝试使用HTTP协议: http://bmclapi2.bangbang93.com/assets/99/9926aa4b33e65b99f24f0f6248c6756e24aab6c3
2025-09-30 21:20:42,166 [WARNING] 网络连接错误: HTTPSConnectionPool(host='bmclapi2.bangbang93.com', port=443): Max retries exceeded with url: /assets/f5/f59e759247f1b73ea74670495d4716f7c0736f6e (Caused by SSLError(OSError(24, 'Too many open files')))
2025-09-30 21:20:42,190 [WARNING] 网络连接错误: HTTPSConnectionPool(host='bmclapi2.bangbang93.com', port=443): Max retries exceeded with url: /assets/fa/faa54c39b08b83ed77c3ea076737778e7f92ead8 (Caused by SSLError(OSError(24, 'Too many open files')))
2025-09-30 21:20:42,295 [WARNING] HTTP协议也失败: HTTPSConnectionPool(host='bmclapi2.bangbang93.com', port=443): Max retries exceeded with url: /assets/52/52a753b45e64efb80784e45776403d54f1dc312f (Caused by SSLError(OSError(24, 'Too many open files')))
2025-09-30 21:20:42,295 [WARNING] HTTP协议也失败: HTTPSConnectionPool(host='bmclapi2.bangbang93.com', port=443): Max retries exceeded with url: /assets/f9/f9ff2b9241e8f39d99852969896358502023b02b (Caused by SSLError(OSError(24, 'Too many open files')))
2025-09-30 21:20:30,305 [WARNING] 网络连接错误: HTTPSConnectionPool(host='bmclapi2.bangbang93.com', port=443): Max retries exceeded with url: /assets/8b/8b65d256a03b0ce5568d701655f5f87740fdc30f (Caused by SSLError(SSLEOFError(8, '[SSL: UNEXPECTED_EOF_WHILE_READING] EOF occurred in violation of protocol (_ssl.c:1028)')))
2025-09-30 21:20:42,421 [WARNING] 网络连接错误: HTTPSConnectionPool(host='bmclapi2.bangbang93.com', port=443): Max retries exceeded with url: /assets/7c/7c8cf941eddc90b33007fbe7e95122848cabd236 (Caused by SSLError(SSLEOFError(8, '[SSL: UNEXPECTED_EOF_WHILE_READING] EOF occurred in violation of protocol (_ssl.c:1028)')))
2025-09-30 21:20:42,434 [INFO] 尝试使用HTTP协议: http://bmclapi2.bangbang93.com/assets/d7/d74d2fee6daa8276531e4a34d643a00decbe54bc
2025-09-30 21:20:30,552 [WARNING] 网络连接错误: HTTPSConnectionPool(host='bmclapi2.bangbang93.com', port=443): Max retries exceeded with url: /assets/50/50eca2e6d9a97e884fbfdcb0a30befb3e78f55d8 (Caused by SSLError(SSLEOFError(8, '[SSL: UNEXPECTED_EOF_WHILE_READING] EOF occurred in violation of protocol (_ssl.c:1028)')))
2025-09-30 21:20:42,481 [INFO] 尝试使用HTTP协议: http://bmclapi2.bangbang93.com/assets/2e/2e2a3fbb0fa73bfa638b5c3619be174661e75e5c
2025-09-30 21:20:42,537 [WARNING] HTTP协议也失败: HTTPSConnectionPool(host='bmclapi2.bangbang93.com', port=443): Max retries exceeded with url: /assets/23/23006984a98b3fd36acb05998fb95fde42ee5e93 (Caused by SSLError(OSError(24, 'Too many open files')))
2025-09-30 21:20:42,545 [INFO] 尝试使用HTTP协议: http://bmclapi2.bangbang93.com/assets/3f/3fc2112817cc025c93eb95cc1d0becf1b963b90d
2025-09-30 21:20:42,545 [INFO] 尝试使用HTTP协议: http://bmclapi2.bangbang93.com/assets/0d/0dd9b4f8824ec7e7ad8a2f771f6affd591f6d091
2025-09-30 21:20:42,567 [INFO] 尝试使用HTTP协议: http://bmclapi2.bangbang93.com/assets/68/68c941413914e16a8564b5fb58c97540a5db771f
2025-09-30 21:20:42,570 [WARNING] 网络连接错误: HTTPSConnectionPool(host='bmclapi2.bangbang93.com', port=443): Max retries exceeded with url: /assets/c0/c07e7288103269b18dd00d2d701bf627c6d8127d (Caused by SSLError(OSError(24, 'Too many open files')))
2025-09-30 21:20:42,570 [WARNING] 网络连接错误: HTTPSConnectionPool(host='bmclapi2.bangbang93.com', port=443): Max retries exceeded with url: /assets/49/4945ba65b8429e8ecb7e37a1fbcce386931accb7 (Caused by SSLError(OSError(24, 'Too many open files')))
2025-09-30 21:20:42,619 [WARNING] HTTP协议也失败: HTTPSConnectionPool(host='bmclapi2.bangbang93.com', port=443): Max retries exceeded with url: /assets/7a/7ac608958fbdffa90dd9cd4d9e518ef30260b6ea (Caused by SSLError(OSError(24, 'Too many open files')))
2025-09-30 21:20:42,677 [WARNING] 网络连接错误: HTTPSConnectionPool(host='bmclapi2.bangbang93.com', port=443): Max retries exceeded with url: /assets/7a/7afc0a50da1e1f92499c9c45c7ea912808d9a9ea (Caused by SSLError(OSError(24, 'Too many open files')))
2025-09-30 21:20:42,706 [WARNING] 网络连接错误: HTTPSConnectionPool(host='bmclapi2.bangbang93.com', port=443): Max retries exceeded with url: /assets/14/14d15c2b2e9310027d3fc9cdfd131b56acca8029 (Caused by SSLError(OSError(24, 'Too many open files')))
2025-09-30 21:20:42,752 [WARNING] HTTP协议也失败: HTTPSConnectionPool(host='bmclapi2.bangbang93.com', port=443): Max retries exceeded with url: /assets/ed/ed62d68890b991e04345aaa0a95b56cd506afac8 (Caused by SSLError(OSError(24, 'Too many open files')))
2025-09-30 21:20:31,118 [INFO] 尝试使用HTTP协议: http://bmclapi2.bangbang93.com/assets/62/6201e940fa4ab042208122df1747a1d56a66a193
2025-09-30 21:20:42,889 [WARNING] 网络连接错误: HTTPSConnectionPool(host='bmclapi2.bangbang93.com', port=443): Max retries exceeded with url: /assets/a1/a11636025bd4e85fec2f40ced585ac7028ee6046 (Caused by SSLError(SSLEOFError(8, '[SSL: UNEXPECTED_EOF_WHILE_READING] EOF occurred in violation of protocol (_ssl.c:1028)')))
2025-09-30 21:20:42,938 [WARNING] 网络连接错误: HTTPSConnectionPool(host='bmclapi2.bangbang93.com', port=443): Max retries exceeded with url: /assets/4e/4ec831592ae2bcbac1b4047a9f9f72a2de5ca834 (Caused by SSLError(OSError(24, 'Too many open files')))
2025-09-30 21:20:42,939 [INFO] 尝试使用HTTP协议: http://bmclapi2.bangbang93.com/assets/d6/d6dcb6cd453a54decac9df9b6bad6e58e7b2e929
2025-09-30 21:20:42,939 [INFO] 尝试使用HTTP协议: http://bmclapi2.bangbang93.com/assets/c1/c1f9797ddfd38e67cbafaaf93f54f191bbaca722
2025-09-30 21:20:42,939 [INFO] 尝试使用HTTP协议: http://bmclapi2.bangbang93.com/assets/fe/febd527db3b25563c613c8c86bcfca56a51881d9
2025-09-30 21:20:42,942 [INFO] 尝试使用HTTP协议: http://bmclapi2.bangbang93.com/assets/ca/ca0c39fca7ab5b2dead37f6842a1d4ed4be1d621
2025-09-30 21:20:42,942 [WARNING] 网络连接错误: HTTPSConnectionPool(host='bmclapi2.bangbang93.com', port=443): Max retries exceeded with url: /assets/85/856cd7ba5df07d527d8fab59bcb620e07b278422 (Caused by SSLError(SSLEOFError(8, '[SSL: UNEXPECTED_EOF_WHILE_READING] EOF occurred in violation of protocol (_ssl.c:1028)')))
2025-09-30 21:20:42,946 [INFO] 尝试使用HTTP协议: http://bmclapi2.bangbang93.com/assets/a1/a135be46d5b8875428a50206ebf21925b4d4ead2
2025-09-30 21:20:43,169 [INFO] 尝试使用HTTP协议: http://bmclapi2.bangbang93.com/assets/d8/d850f5f8d60bc937de205e6642b8e54c659c4596
2025-09-30 21:20:43,583 [WARNING] 网络连接错误: HTTPSConnectionPool(host='bmclapi2.bangbang93.com', port=443): Max retries exceeded with url: /assets/2f/2f80b9fdd8ee776dd2032f1f906fdc0cff427c9b (Caused by SSLError(SSLEOFError(8, '[SSL: UNEXPECTED_EOF_WHILE_READING] EOF occurred in violation of protocol (_ssl.c:1028)')))
2025-09-30 21:20:43,583 [INFO] 尝试使用HTTP协议: http://bmclapi2.bangbang93.com/assets/f7/f782c93d12dba8bb5985e9f94df42b60277aad09
2025-09-30 21:20:43,586 [WARNING] 网络连接错误: HTTPSConnectionPool(host='bmclapi2.bangbang93.com', port=443): Max retries exceeded with url: /assets/88/8818eee402e23133873b51aa5ca4791f12fb3667 (Caused by SSLError(SSLEOFError(8, '[SSL: UNEXPECTED_EOF_WHILE_READING] EOF occurred in violation of protocol (_ssl.c:1028)')))
2025-09-30 21:20:43,678 [INFO] 尝试使用HTTP协议: http://bmclapi2.bangbang93.com/assets/5b/5b4904a7312be2c55a1db1b500eff30269f45e2e
2025-09-30 21:20:43,839 [INFO] 尝试使用HTTP协议: http://bmclapi2.bangbang93.com/assets/44/441c5d664ce613a1eff8fe2034c0ba368c7f3eec
2025-09-30 21:20:44,035 [WARNING] 网络连接错误: HTTPSConnectionPool(host='bmclapi2.bangbang93.com', port=443): Max retries exceeded with url: /assets/03/03ce1d7853f2cfe8bd4b9cee68ac7fa1a08285bf (Caused by SSLError(SSLEOFError(8, '[SSL: UNEXPECTED_EOF_WHILE_READING] EOF occurred in violation of protocol (_ssl.c:1028)')))
2025-09-30 21:20:44,036 [WARNING] 网络连接错误: HTTPSConnectionPool(host='bmclapi2.bangbang93.com', port=443): Max retries exceeded with url: /assets/32/325a713ca5fc3580f022bb73fb58b48afc24e501 (Caused by SSLError(SSLEOFError(8, '[SSL: UNEXPECTED_EOF_WHILE_READING] EOF occurred in violation of protocol (_ssl.c:1028)')))
2025-09-30 21:20:44,038 [WARNING] 网络连接错误: HTTPSConnectionPool(host='bmclapi2.bangbang93.com', port=443): Max retries exceeded with url: /assets/62/62d0ae42e010821e3a4fe82652e9a7c7597013bb (Caused by SSLError(SSLEOFError(8, '[SSL: UNEXPECTED_EOF_WHILE_READING] EOF occurred in violation of protocol (_ssl.c:1028)')))
2025-09-30 21:20:44,063 [WARNING] 网络连接错误: HTTPSConnectionPool(host='bmclapi2.bangbang93.com', port=443): Max retries exceeded with url: /assets/c7/c748f00452be1c4bda28c3f0e672f7ffa59c027b (Caused by SSLError(SSLEOFError(8, '[SSL: UNEXPECTED_EOF_WHILE_READING] EOF occurred in violation of protocol (_ssl.c:1028)')))
2025-09-30 21:20:44,085 [WARNING] 网络连接错误: HTTPSConnectionPool(host='bmclapi2.bangbang93.com', port=443): Max retries exceeded with url: /assets/8e/8e7b1f82f4d68c04e8fdd43fb631079e4e36badc (Caused by SSLError(OSError(24, 'Too many open files')))
2025-09-30 21:20:44,195 [WARNING] 网络连接错误: HTTPSConnectionPool(host='bmclapi2.bangbang93.com', port=443): Max retries exceeded with url: /assets/e6/e6c779bd9afddd64386267151d5be140378e5c2a (Caused by SSLError(OSError(24, 'Too many open files')))
2025-09-30 21:20:44,201 [WARNING] 网络连接错误: HTTPSConnectionPool(host='bmclapi2.bangbang93.com', port=443): Max retries exceeded with url: /assets/15/15010f2a6c3d3d996376e038af982f71bedfdafd (Caused by SSLError(SSLEOFError(8, '[SSL: UNEXPECTED_EOF_WHILE_READING] EOF occurred in violation of protocol (_ssl.c:1028)')))
2025-09-30 21:20:10,557 [INFO] 尝试使用HTTP协议: http://bmclapi2.bangbang93.com/assets/e3/e32ac8d5f874a5654be012c88148a87975261d1c
2025-09-30 21:20:44,244 [WARNING] 网络连接错误: HTTPSConnectionPool(host='bmclapi2.bangbang93.com', port=443): Max retries exceeded with url: /assets/70/70c0cf4b40effff39602153f909828a63667e74d (Caused by SSLError(OSError(24, 'Too many open files')))
2025-09-30 21:20:44,245 [WARNING] 网络连接错误: HTTPSConnectionPool(host='bmclapi2.bangbang93.com', port=443): Max retries exceeded with url: /assets/af/af7fdeee060b5618460246826695c45b17fdbe3f (Caused by SSLError(SSLEOFError(8, '[SSL: UNEXPECTED_EOF_WHILE_READING] EOF occurred in violation of protocol (_ssl.c:1028)')))
2025-09-30 21:20:44,334 [INFO] 尝试使用HTTP协议: http://bmclapi2.bangbang93.com/assets/08/08f52b2a4deab55b16a4d6d2e2ae0b9c836666a3
2025-09-30 21:20:44,334 [WARNING] HTTP协议也失败: HTTPSConnectionPool(host='bmclapi2.bangbang93.com', port=443): Max retries exceeded with url: /assets/b7/b7c85be9fd490e33bdad516b08d9b13bc2021e5b (Caused by SSLError(OSError(24, 'Too many open files')))
2025-09-30 21:20:32,116 [INFO] 尝试使用HTTP协议: http://bmclapi2.bangbang93.com/assets/94/94d61b2f28dcbb8e635657b831545d4cc241fb52
2025-09-30 21:20:44,413 [WARNING] 网络连接错误: HTTPSConnectionPool(host='bmclapi2.bangbang93.com', port=443): Max retries exceeded with url: /assets/06/065186f68d8a54fe76d028da273ac2670eb09008 (Caused by SSLError(SSLEOFError(8, '[SSL: UNEXPECTED_EOF_WHILE_READING] EOF occurred in violation of protocol (_ssl.c:1028)')))
2025-09-30 21:20:32,139 [INFO] 尝试使用HTTP协议: http://bmclapi2.bangbang93.com/assets/d7/d781ed3a41c935c75305e990b591aa3aac1d6cdc
2025-09-30 21:20:44,488 [WARNING] 网络连接错误: HTTPSConnectionPool(host='bmclapi2.bangbang93.com', port=443): Max retries exceeded with url: /assets/ff/ffc3155e5ebf3662feaa6dc6413be690c24f3633 (Caused by SSLError(SSLEOFError(8, '[SSL: UNEXPECTED_EOF_WHILE_READING] EOF occurred in violation of protocol (_ssl.c:1028)')))
2025-09-30 21:20:44,597 [INFO] 尝试使用HTTP协议: http://bmclapi2.bangbang93.com/assets/91/912f27c8f38db853b835421579b3423393ae6260
2025-09-30 21:20:44,598 [INFO] 尝试使用HTTP协议: http://bmclapi2.bangbang93.com/assets/64/642f4aec0fc60f20be24669dbca6e70bb69f26bb
2025-09-30 21:20:44,717 [INFO] 尝试使用HTTP协议: http://bmclapi2.bangbang93.com/assets/a9/a9dba324533068db41ed3a469ccb47cd8059fcdc
2025-09-30 21:20:44,733 [WARNING] 网络连接错误: HTTPSConnectionPool(host='bmclapi2.bangbang93.com', port=443): Max retries exceeded with url: /assets/13/134d89171222ab13b8f6a0c265c2e27feb08a45d (Caused by SSLError(OSError(24, 'Too many open files')))
2025-09-30 21:20:44,770 [INFO] 尝试使用HTTP协议: http://bmclapi2.bangbang93.com/assets/52/52d1dc49bbfbd67a6f1870793d1b90d2120a2a9a
2025-09-30 21:20:44,773 [WARNING] 网络连接错误: HTTPSConnectionPool(host='bmclapi2.bangbang93.com', port=443): Max retries exceeded with url: /assets/f6/f69d7a5dd2f310c3a137efecc7b29e24ae26d50b (Caused by SSLError(SSLEOFError(8, '[SSL: UNEXPECTED_EOF_WHILE_READING] EOF occurred in violation of protocol (_ssl.c:1028)')))
2025-09-30 21:20:44,810 [WARNING] 网络连接错误: HTTPSConnectionPool(host='bmclapi2.bangbang93.com', port=443): Max retries exceeded with url: /assets/15/15fe7b6d1e021b98fba3db61cb6770a9c9fd4b54 (Caused by SSLError(SSLEOFError(8, '[SSL: UNEXPECTED_EOF_WHILE_READING] EOF occurred in violation of protocol (_ssl.c:1028)')))
2025-09-30 21:20:44,939 [INFO] 尝试使用HTTP协议: http://bmclapi2.bangbang93.com/assets/9b/9b53041a543fdbd0f219a9a0bb378a6ed5103f82
2025-09-30 21:20:44,942 [WARNING] 网络连接错误: HTTPSConnectionPool(host='bmclapi2.bangbang93.com', port=443): Max retries exceeded with url: /assets/b5/b558bbcbc8b5d9fc7d992dad4000ae5183bb623a (Caused by SSLError(SSLEOFError(8, '[SSL: UNEXPECTED_EOF_WHILE_READING] EOF occurred in violation of protocol (_ssl.c:1028)')))
2025-09-30 21:20:44,979 [WARNING] HTTP协议也失败: HTTPSConnectionPool(host='bmclapi2.bangbang93.com', port=443): Max retries exceeded with url: /assets/5b/5be2d2af796b7b06a3c19d9e753210a272f6a194 (Caused by SSLError(OSError(24, 'Too many open files')))
2025-09-30 21:20:45,006 [INFO] 尝试使用HTTP协议: http://bmclapi2.bangbang93.com/assets/ee/ee0676820023142b84adf7065db872070ff86edb
2025-09-30 21:20:45,007 [WARNING] HTTP协议也失败: HTTPSConnectionPool(host='bmclapi2.bangbang93.com', port=443): Max retries exceeded with url: /assets/ee/ee3766ad91311671fe51ab5aad1d1752559cc1e2 (Caused by SSLError(OSError(24, 'Too many open files')))
2025-09-30 21:20:45,008 [INFO] 尝试使用HTTP协议: http://bmclapi2.bangbang93.com/assets/f8/f820f483ee022e9c8c7c64fdcc3205dfa3f57747
2025-09-30 21:20:45,042 [WARNING] 网络连接错误: HTTPSConnectionPool(host='bmclapi2.bangbang93.com', port=443): Max retries exceeded with url: /assets/4d/4d0e0510a433fc624b8188509088aa04a530e9c0 (Caused by SSLError(SSLEOFError(8, '[SSL: UNEXPECTED_EOF_WHILE_READING] EOF occurred in violation of protocol (_ssl.c:1028)')))
2025-09-30 21:20:45,065 [WARNING] 网络连接错误: HTTPSConnectionPool(host='bmclapi2.bangbang93.com', port=443): Max retries exceeded with url: /assets/bf/bf7ad9e27109632f03424ade68c3e4330e623c82 (Caused by SSLError(OSError(24, 'Too many open files')))
2025-09-30 21:20:45,072 [WARNING] 网络连接错误: HTTPSConnectionPool(host='bmclapi2.bangbang93.com', port=443): Max retries exceeded with url: /assets/0c/0ccca22fee32f342be3f886e5202025800a742c0 (Caused by SSLError(OSError(24, 'Too many open files')))
2025-09-30 21:20:45,072 [WARNING] HTTP协议也失败: HTTPSConnectionPool(host='bmclapi2.bangbang93.com', port=443): Max retries exceeded with url: /assets/3a/3ae880252601ad23cb57438b04bd6680522be664 (Caused by SSLError(OSError(24, 'Too many open files')))
2025-09-30 21:20:45,116 [WARNING] 网络连接错误: HTTPSConnectionPool(host='bmclapi2.bangbang93.com', port=443): Max retries exceeded with url: /assets/a1/a10cb2f721ba376a7d2bfe85291cde903bff3d59 (Caused by SSLError(SSLEOFError(8, '[SSL: UNEXPECTED_EOF_WHILE_READING] EOF occurred in violation of protocol (_ssl.c:1028)')))
2025-09-30 21:20:45,131 [INFO] 尝试使用HTTP协议: http://bmclapi2.bangbang93.com/assets/7e/7e30e09fea8453fdca7c43375b8c0fc41b640390
2025-09-30 21:20:45,133 [INFO] 尝试使用HTTP协议: http://bmclapi2.bangbang93.com/assets/b5/b5a26befa99dd92538b8fab5cd8bd8e860c84670
2025-09-30 21:20:45,134 [INFO] 尝试使用HTTP协议: http://bmclapi2.bangbang93.com/assets/72/72b41d4c91dfb780106fa98639e180c86b744886
2025-09-30 21:20:45,134 [INFO] 尝试使用HTTP协议: http://bmclapi2.bangbang93.com/assets/8f/8fd668f6584957c324c9eaccecefe1b811276485
2025-09-30 21:20:45,153 [WARNING] 网络连接错误: HTTPSConnectionPool(host='bmclapi2.bangbang93.com', port=443): Max retries exceeded with url: /assets/d0/d07596a3ffb5c61fba9e72813caab952dd32635d (Caused by SSLError(OSError(24, 'Too many open files')))
2025-09-30 21:20:45,227 [WARNING] 网络连接错误: HTTPSConnectionPool(host='bmclapi2.bangbang93.com', port=443): Max retries exceeded with url: /assets/82/824eadc9623fec95a1e1e330e48852e3dbbcbf77 (Caused by SSLError(OSError(24, 'Too many open files')))
2025-09-30 21:20:45,319 [WARNING] 网络连接错误: HTTPSConnectionPool(host='bmclapi2.bangbang93.com', port=443): Max retries exceeded with url: /assets/0e/0ea63ab9ae3849d51863299604e7fbbfed7cbfdb (Caused by SSLError(OSError(24, 'Too many open files')))
2025-09-30 21:20:32,553 [INFO] 尝试使用HTTP协议: http://bmclapi2.bangbang93.com/assets/b9/b97c3c571328e5b87c0411fd85ca71f887f8b51c
2025-09-30 21:20:45,429 [INFO] 尝试使用HTTP协议: http://bmclapi2.bangbang93.com/assets/e3/e3be518cd61155933433c6cb1ded6d8a1df89f9a
2025-09-30 21:20:45,429 [INFO] 尝试使用HTTP协议: http://bmclapi2.bangbang93.com/assets/08/08adfcd8425cfa0afe29f5d05ab336186acd8ce5
2025-09-30 21:20:21,194 [WARNING] 网络连接错误: HTTPSConnectionPool(host='bmclapi2.bangbang93.com', port=443): Max retries exceeded with url: /assets/af/af3b022b44ba0f87b1b119284f60987bd4d9ff3a (Caused by SSLError(SSLEOFError(8, '[SSL: UNEXPECTED_EOF_WHILE_READING] EOF occurred in violation of protocol (_ssl.c:1028)')))
2025-09-30 21:20:45,467 [WARNING] 网络连接错误: HTTPSConnectionPool(host='bmclapi2.bangbang93.com', port=443): Max retries exceeded with url: /assets/0e/0ead26ea56117ce0715c4c9d8266a0e4ad92c275 (Caused by SSLError(OSError(24, 'Too many open files')))
2025-09-30 21:20:45,502 [WARNING] HTTP协议也失败: HTTPSConnectionPool(host='bmclapi2.bangbang93.com', port=443): Max retries exceeded with url: /assets/e7/e7a858535966f99659d374f47c291ace24376c21 (Caused by SSLError(OSError(24, 'Too many open files')))
2025-09-30 21:20:45,604 [WARNING] 网络连接错误: HTTPSConnectionPool(host='bmclapi2.bangbang93.com', port=443): Max retries exceeded with url: /assets/bd/bde5dc6ef9a98a6ba115d6841e57c9585fb73381 (Caused by SSLError(OSError(24, 'Too many open files')))
2025-09-30 21:20:45,618 [INFO] 尝试使用HTTP协议: http://bmclapi2.bangbang93.com/assets/78/78ac79c9818b1d67229d845d5a4e3ee6e61d6d8e
2025-09-30 21:20:45,685 [WARNING] 网络连接错误: HTTPSConnectionPool(host='bmclapi2.bangbang93.com', port=443): Max retries exceeded with url: /assets/c9/c9916def2cc8fb2e3f82b726ea6014730c3fb428 (Caused by SSLError(OSError(24, 'Too many open files')))
2025-09-30 21:20:59,696 [WARNING] 网络连接错误: HTTPSConnectionPool(host='bmclapi2.bangbang93.com', port=443): Max retries exceeded with url: /assets/f7/f71fa1d73c11f266ae4da0bb85f2bfbbd9843e26 (Caused by SSLError(SSLEOFError(8, '[SSL: UNEXPECTED_EOF_WHILE_READING] EOF occurred in violation of protocol (_ssl.c:1028)')))
2025-09-30 21:20:45,733 [WARNING] 网络连接错误: HTTPSConnectionPool(host='bmclapi2.bangbang93.com', port=443): Max retries exceeded with url: /assets/db/db0752c95ce3a167d0d21d0370e6824e120bee8c (Caused by SSLError(SSLEOFError(8, '[SSL: UNEXPECTED_EOF_WHILE_READING] EOF occurred in violation of protocol (_ssl.c:1028)')))
2025-09-30 21:20:45,794 [INFO] 尝试使用HTTP协议: http://bmclapi2.bangbang93.com/assets/eb/eb8164906353f4f9077eb3d4e913440bace7c3ef
2025-09-30 21:20:45,794 [WARNING] HTTP协议也失败: HTTPSConnectionPool(host='bmclapi2.bangbang93.com', port=443): Max retries exceeded with url: /assets/e2/e22edffc8b879d8f042010b237d13247f17d5552 (Caused by SSLError(OSError(24, 'Too many open files')))
2025-09-30 21:20:45,817 [INFO] 尝试使用HTTP协议: http://bmclapi2.bangbang93.com/assets/9f/9f409623a7365a1d32d6b9601bb2014d8880c975
2025-09-30 21:20:45,820 [INFO] 尝试使用HTTP协议: http://bmclapi2.bangbang93.com/assets/29/29b1d75d1ef24892764120c9bec3a81fd46a3ed7
2025-09-30 21:20:45,820 [INFO] 尝试使用HTTP协议: http://bmclapi2.bangbang93.com/assets/b1/b1d714df1dff66b11a3fb2bf95f56fd3de7ee542
2025-09-30 21:20:45,820 [WARNING] 网络连接错误: HTTPSConnectionPool(host='bmclapi2.bangbang93.com', port=443): Max retries exceeded with url: /assets/73/73f6be05dc07c36b8be5c029f73fdd2eca3af293 (Caused by SSLError(SSLEOFError(8, '[SSL: UNEXPECTED_EOF_WHILE_READING] EOF occurred in violation of protocol (_ssl.c:1028)')))
2025-09-30 21:20:45,978 [WARNING] HTTP协议也失败: HTTPSConnectionPool(host='bmclapi2.bangbang93.com', port=443): Max retries exceeded with url: /assets/64/64b957ed6cb8e25f645cf3edd16df2dd83c04cb6 (Caused by SSLError(OSError(24, 'Too many open files')))
2025-09-30 21:20:45,978 [INFO] 尝试使用HTTP协议: http://bmclapi2.bangbang93.com/assets/1d/1d4108a69bced7129b24c51b4011e0810cb76225
2025-09-30 21:20:45,979 [WARNING] 网络连接错误: HTTPSConnectionPool(host='bmclapi2.bangbang93.com', port=443): Max retries exceeded with url: /assets/93/935fbfb4b3dea314ead96418f06ac31b4d6fe55c (Caused by SSLError(OSError(24, 'Too many open files')))
2025-09-30 21:20:46,043 [WARNING] 网络连接错误: HTTPSConnectionPool(host='bmclapi2.bangbang93.com', port=443): Max retries exceeded with url: /assets/48/484aa5a6c50f1ddc6cdf57c19a3750b006c92e8f (Caused by SSLError(SSLEOFError(8, '[SSL: UNEXPECTED_EOF_WHILE_READING] EOF occurred in violation of protocol (_ssl.c:1028)')))
2025-09-30 21:20:46,044 [WARNING] 网络连接错误: HTTPSConnectionPool(host='bmclapi2.bangbang93.com', port=443): Max retries exceeded with url: /assets/ab/abd7d55ed1f4cefef84a935937a0893dea150a45 (Caused by SSLError(OSError(24, 'Too many open files')))
2025-09-30 21:20:46,112 [WARNING] 网络连接错误: HTTPSConnectionPool(host='bmclapi2.bangbang93.com', port=443): Max retries exceeded with url: /assets/a1/a191d7d12d62e0d9a3a9e8628657f477f722370c (Caused by SSLError(OSError(24, 'Too many open files')))
2025-09-30 21:20:46,120 [INFO] 尝试使用HTTP协议: http://bmclapi2.bangbang93.com/assets/c2/c268ad3b6ddf0005ac1270f745300faaded9fdf8
